municipality_code,municipality,institutional_coverage,institutional_deficit_available_4,cnes_health_service_deficit,cnes_multidisciplinary_staff_deficit,social_specialized_service_deficit,justice_tjpa_access_deficit,protection_network_validated_category_diversity,protection_network_specialized_non_health_services,institutional_deficit_ratio,equal_modes__equal_roles__score,equal_modes__availability_emphasis__score,equal_modes__proximity_emphasis__score,road_emphasis__equal_roles__score,road_emphasis__availability_emphasis__score,road_emphasis__proximity_emphasis__score,water_emphasis__equal_roles__score,water_emphasis__availability_emphasis__score,water_emphasis__proximity_emphasis__score,air_emphasis__equal_roles__score,air_emphasis__availability_emphasis__score,air_emphasis__proximity_emphasis__score
1500107,Abaetetuba,3,1,0,0,0,0,3.0,2.0,0.3333333333333333,0.7637917637917637,0.7433307433307432,0.7842527842527842,0.7432983682983684,0.7078477078477079,0.7787490287490288,0.7365967365967366,0.7222222222222222,0.750971250971251,0.8114801864801865,0.7999222999222999,0.823038073038073
1500131,Abel Figueiredo,4,1,2,0,1,1,0.0,0.0,0.25,0.3166278166278166,0.2553742553742553,0.3778813778813778,0.3790792540792541,0.3191530691530691,0.4390054390054389,0.3044871794871795,0.2362082362082361,0.3727661227661227,0.2663170163170163,0.2107614607614607,0.3218725718725718
1500206,Acará,3,2,0,0,0,0,0.0,0.0,0.6666666666666666,0.4533799533799533,0.4291634291634291,0.4775964775964775,0.4571678321678321,0.4395881895881895,0.4747474747474747,0.4991258741258741,0.4834887334887334,0.5147630147630147,0.4038461538461538,0.3644133644133643,0.4432789432789432
1500305,Afuá,4,1,1,0,0,0,0.0,0.0,0.25,0.2402874902874902,0.2369852369852369,0.2435897435897435,0.1841491841491841,0.1824009324009324,0.1858974358974359,0.3320221445221445,0.3344988344988345,0.3295454545454545,0.2046911421911422,0.194055944055944,0.2153263403263403
1500347,Água Azul do Norte,4,2,1,0,0,1,0.0,0.0,0.5,0.2816627816627817,0.2514892514892514,0.3118363118363118,0.3414918414918415,0.3232323232323232,0.3597513597513597,0.2485431235431235,0.2134809634809635,0.2836052836052836,0.2549533799533799,0.2177544677544677,0.2921522921522921
1500404,Alenquer,3,3,1,0,0,0,0.0,0.0,1.0,0.3578088578088577,0.4423724423724423,0.2732452732452732,0.2937062937062937,0.3626651126651126,0.2247474747474747,0.3636363636363636,0.4508547008547008,0.2764180264180264,0.416083916083916,0.5135975135975135,0.3185703185703185
1500503,Almeirim,3,2,1,0,0,0,0.0,0.0,0.6666666666666666,0.4891219891219891,0.563066563066563,0.4151774151774151,0.3834498834498834,0.4444444444444444,0.3224553224553224,0.5099067599067599,0.601010101010101,0.4188034188034188,0.574009324009324,0.6437451437451437,0.5042735042735043
1500602,Altamira,3,1,0,0,0,0,4.0,3.0,0.3333333333333333,0.290986790986791,0.356125356125356,0.2258482258482258,0.2540792540792541,0.3014763014763014,0.2066822066822066,0.2677738927738927,0.3278943278943279,0.2076534576534576,0.3511072261072261,0.439005439005439,0.2632090132090132
1500701,Anajás,3,2,1,0,0,0,0.0,0.0,0.6666666666666666,0.2177544677544677,0.2219632219632219,0.2135457135457135,0.1716200466200466,0.174048174048174,0.1691919191919191,0.3174533799533799,0.3247863247863248,0.3101204351204351,0.1641899766899766,0.167055167055167,0.1613247863247863
1500800,Ananindeua,4,1,0,0,0,0,3.0,3.0,0.25,0.4957264957264957,0.4356384356384356,0.5558145558145557,0.460955710955711,0.4094794094794095,0.5124320124320124,0.5434149184149184,0.4966977466977467,0.5901320901320901,0.4828088578088578,0.4007381507381507,0.5648795648795648
1500859,Anapu,3,3,1,0,0,1,0.0,0.0,1.0,0.4296814296814297,0.4926184926184926,0.3667443667443667,0.3650932400932401,0.4137529137529138,0.3164335664335664,0.4600815850815851,0.5168997668997669,0.4032634032634032,0.4638694638694639,0.5472027972027972,0.3805361305361305
1500909,Augusto Corrêa,3,2,1,0,0,1,0.0,0.0,0.6666666666666666,0.376068376068376,0.3693343693343693,0.3828023828023827,0.4341491841491841,0.4395881895881895,0.4287101787101787,0.405011655011655,0.3867521367521367,0.4232711732711732,0.289044289044289,0.2816627816627817,0.2964257964257964
1500958,Aurora do Pará,2,2,1,0,0,0,1.0,0.0,1.0,0.7156177156177156,0.7246827246827245,0.7065527065527064,0.7220279720279721,0.7416472416472416,0.7024087024087025,0.6529720279720279,0.6487956487956488,0.657148407148407,0.7718531468531469,0.7836052836052836,0.76010101010101
1501006,Aveiro,3,3,2,2,0,0,0.0,0.0,1.0,0.3088578088578089,0.297073297073297,0.3206423206423206,0.2753496503496503,0.2647630147630148,0.2859362859362859,0.3924825174825175,0.3855866355866355,0.3993783993783993,0.2587412587412587,0.2408702408702408,0.2766122766122766
1501105,Bagre,4,1,1,0,0,0,0.0,0.0,0.25,0.2086247086247086,0.1877751877751877,0.2294742294742294,0.1914335664335664,0.1728826728826728,0.2099844599844599,0.2482517482517482,0.2297979797979797,0.2667055167055167,0.1861888111888111,0.1606449106449106,0.2117327117327117
1501204,Baião,4,1,1,0,0,0,1.0,0.0,0.25,0.3123543123543124,0.2965552965552965,0.3281533281533281,0.3295454545454546,0.3243978243978244,0.3346930846930847,0.3391608391608391,0.32012432012432,0.3581973581973581,0.2683566433566433,0.2451437451437451,0.2915695415695415
1501253,Bannach,3,3,2,1,1,1,0.0,0.0,1.0,0.5174825174825175,0.5268065268065267,0.508158508158508,0.5148601398601398,0.5326340326340326,0.497086247086247,0.4195804195804196,0.416083916083916,0.423076923076923,0.618006993006993,0.6317016317016316,0.6043123543123542
1501303,Barcarena,4,0,0,0,0,0,3.0,2.0,0.0,0.6048951048951049,0.5495985495985495,0.6601916601916601,0.6433566433566433,0.5928515928515927,0.6938616938616938,0.625,0.5819735819735818,0.668026418026418,0.5463286713286714,0.4739704739704739,0.6186868686868686
1501402,Belém,4,0,0,0,0,1,8.0,15.0,0.0,0.6857031857031857,0.6796166796166796,0.6917896917896917,0.6121794871794872,0.6029526029526029,0.6214063714063713,0.6885198135198135,0.6814296814296814,0.6956099456099456,0.7564102564102564,0.7544677544677545,0.7583527583527583
1501451,Belterra,3,3,1,0,0,1,0.0,0.0,1.0,0.5567210567210567,0.5799015799015799,0.5335405335405334,0.5888694638694638,0.5945998445998446,0.5831390831390831,0.5256410256410257,0.5347707847707848,0.5165112665112666,0.5556526806526807,0.6103341103341103,0.500971250971251
1501501,Benevides,4,3,0,0,0,0,0.0,0.0,0.75,0.8717948717948717,0.8681688681688682,0.8754208754208752,0.8924825174825175,0.8865578865578865,0.8984071484071483,0.8234265734265734,0.8197358197358197,0.8271173271173271,0.8994755244755245,0.8982128982128982,0.9007381507381508
1501576,Bom Jesus do Tocantins,3,2,1,0,0,1,0.0,0.0,0.6666666666666666,0.3123543123543123,0.2432012432012432,0.3815073815073815,0.319055944055944,0.2651515151515151,0.3729603729603729,0.3155594405594405,0.2365967365967365,0.3945221445221444,0.3024475524475524,0.2278554778554778,0.377039627039627
1501600,Bonito,3,3,2,0,0,0,1.0,0.0,1.0,0.5827505827505828,0.5234395234395234,0.642061642061642,0.6512237762237763,0.6087801087801087,0.6936674436674436,0.576048951048951,0.513014763014763,0.6390831390831391,0.5209790209790209,0.4485236985236985,0.5934343434343434
1501709,Bragança,3,0,0,0,0,1,1.0,1.0,0.0,0.4809634809634809,0.4307174307174307,0.5312095312095311,0.5565268065268065,0.5083527583527583,0.6047008547008547,0.488053613053613,0.4357031857031856,0.5404040404040403,0.3983100233100233,0.3480963480963481,0.4485236985236985
1501725,Brasil Novo,3,3,0,0,0,0,0.0,0.0,1.0,0.3578088578088578,0.275058275058275,0.4405594405594405,0.3898601398601398,0.3146853146853147,0.465034965034965,0.3339160839160839,0.2499999999999999,0.4178321678321677,0.3496503496503497,0.2604895104895104,0.4388111888111888
1501758,Brejo Grande do Araguaia,3,2,2,0,0,1,0.0,0.0,0.6666666666666666,0.3927738927738927,0.3216783216783216,0.4638694638694638,0.458041958041958,0.3951048951048951,0.5209790209790209,0.3688811188811189,0.2907925407925408,0.4469696969696969,0.3513986013986014,0.2791375291375291,0.4236596736596736
1501782,Breu Branco,3,2,0,0,0,0,0.0,0.0,0.6666666666666666,0.4941724941724941,0.441077441077441,0.5472675472675472,0.5515734265734266,0.5073815073815073,0.5957653457653457,0.4895104895104895,0.4378399378399378,0.5411810411810412,0.4414335664335664,0.3780108780108779,0.5048562548562547
1501808,Breves,3,0,0,0,0,0,2.0,2.0,0.0,0.4079254079254079,0.4649054649054648,0.3509453509453508,0.3295454545454545,0.3702408702408702,0.2888500388500388,0.4431818181818182,0.4957264957264957,0.3906371406371406,0.451048951048951,0.5287490287490286,0.3733488733488733
1501907,Bujaru,4,2,0,0,0,1,0.0,0.0,0.5,0.5066045066045066,0.4871794871794871,0.526029526029526,0.5521561771561772,0.5367132867132867,0.5675990675990676,0.5544871794871795,0.5372960372960373,0.5716783216783217,0.4131701631701632,0.3875291375291375,0.4388111888111888
1501956,Cachoeira do Piriá,3,3,1,0,0,1,0.0,0.0,1.0,0.4079254079254079,0.3996373996373996,0.4162134162134162,0.430944055944056,0.4232711732711732,0.4386169386169385,0.4659090909090909,0.4619269619269619,0.4698912198912199,0.326923076923077,0.3137140637140637,0.3401320901320901
1502004,Cachoeira do Arari,4,2,2,0,0,0,0.0,0.0,0.5,0.5011655011655012,0.5063455063455062,0.4959854959854959,0.4318181818181818,0.4351204351204351,0.4285159285159284,0.4825174825174825,0.4786324786324786,0.4864024864024864,0.5891608391608392,0.6052836052836053,0.5730380730380731
1502103,Cametá,3,0,0,0,0,0,1.0,1.0,0.0,0.6868686868686869,0.6889406889406888,0.6847966847966848,0.662004662004662,0.6489898989898989,0.675019425019425,0.6858974358974359,0.686091686091686,0.6857031857031857,0.7127039627039627,0.7317404817404817,0.6936674436674436
1502152,Canaã dos Carajás,4,0,1,0,0,0,1.0,1.0,0.0,0.4257964257964258,0.4470344470344469,0.4045584045584045,0.4216200466200466,0.4425019425019424,0.4007381507381508,0.3615967365967366,0.3634421134421134,0.3597513597513597,0.4941724941724942,0.5351592851592851,0.4531857031857031
1502202,Capanema,3,0,0,0,0,0,1.0,1.0,0.0,0.7389277389277389,0.7094017094017093,0.7684537684537684,0.7954545454545454,0.7721445221445221,0.8187645687645688,0.6293706293706294,0.5821678321678321,0.6765734265734266,0.7919580419580419,0.7738927738927739,0.8100233100233101
1502301,Capitão Poço,4,2,0,0,0,1,0.0,0.0,0.5,0.618104118104118,0.6094276094276094,0.6267806267806266,0.662004662004662,0.654040404040404,0.6699689199689199,0.5337995337995338,0.5038850038850038,0.5637140637140636,0.6585081585081585,0.6703574203574203,0.6466588966588966
1502400,Castanhal,3,2,0,0,0,0,1.0,1.0,0.6666666666666666,0.7206682206682207,0.7003367003367003,0.740999740999741,0.7564102564102564,0.7507770007770007,0.7620435120435121,0.6159673659673659,0.5755633255633256,0.6563714063714063,0.7896270396270396,0.7746697746697746,0.8045843045843046
1502509,Chaves,4,1,2,0,0,0,0.0,0.0,0.25,0.4384226884226884,0.4801864801864801,0.3966588966588966,0.3336247086247086,0.3653846153846153,0.3018648018648018,0.4771270396270396,0.5145687645687645,0.4396853146853147,0.504516317016317,0.5606060606060606,0.4484265734265734
1502608,Colares,4,4,3,0,1,0,0.0,0.0,1.0,0.785159285159285,0.7738927738927739,0.7964257964257964,0.7741841491841491,0.7529137529137528,0.7954545454545454,0.7555361305361306,0.747086247086247,0.763986013986014,0.8257575757575757,0.8216783216783217,0.8298368298368298
1502707,Conceição do Araguaia,4,1,1,0,0,1,0.0,0.0,0.25,0.5221445221445221,0.5413105413105412,0.5029785029785029,0.4921328671328671,0.5067987567987567,0.4774669774669774,0.4956293706293706,0.5031080031080031,0.4881507381507382,0.5786713286713286,0.614024864024864,0.5433177933177933
1502756,Concórdia do Pará,4,0,1,0,0,1,0.0,0.0,0.0,0.4475524475524476,0.4032634032634032,0.4918414918414918,0.5305944055944056,0.5110722610722611,0.5501165501165501,0.4160839160839161,0.356060606060606,0.4761072261072261,0.395979020979021,0.3426573426573426,0.4493006993006992
1502764,Cumaru do Norte,3,3,1,0,0,1,0.0,0.0,1.0,0.451048951048951,0.4405594405594405,0.4615384615384615,0.4134615384615385,0.4020979020979021,0.4248251748251748,0.361013986013986,0.3455710955710955,0.3764568764568764,0.5786713286713286,0.574009324009324,0.5833333333333333
1502772,Curionópolis,4,3,1,0,0,1,0.0,0.0,0.75,0.548951048951049,0.5609945609945609,0.5369075369075369,0.5524475524475525,0.5775058275058275,0.5273892773892774,0.4597902097902098,0.4527972027972027,0.4667832167832167,0.6346153846153846,0.6526806526806526,0.6165501165501166
1502806,Curralinho,3,3,1,0,0,0,0.0,0.0,1.0,0.2645687645687646,0.2566692566692566,0.2724682724682724,0.2211538461538461,0.2123154623154623,0.2299922299922299,0.3426573426573426,0.3442113442113442,0.341103341103341,0.2298951048951049,0.2134809634809634,0.2463092463092462
1502855,Curuá,4,2,2,0,0,1,1.0,0.0,0.5,0.404040404040404,0.3698523698523698,0.4382284382284382,0.4192890442890443,0.3747086247086247,0.4638694638694638,0.453088578088578,0.432983682983683,0.4731934731934731,0.3397435897435897,0.3018648018648018,0.3776223776223776
1502905,Curuçá,4,2,1,0,0,1,0.0,0.0,0.5,0.4797979797979798,0.4470344470344469,0.5125615125615125,0.5783799533799534,0.5485625485625485,0.6081973581973581,0.4819347319347319,0.4444444444444444,0.5194250194250193,0.3790792540792541,0.3480963480963481,0.4100621600621599
1502939,Dom Eliseu,4,2,0,0,0,0,0.0,0.0,0.5,0.4487179487179487,0.4599844599844599,0.4374514374514374,0.451923076923077,0.4592074592074592,0.4446386946386946,0.375,0.3706293706293706,0.3793706293706293,0.5192307692307693,0.5501165501165501,0.4883449883449883
1502954,Eldorado do Carajás,4,1,1,0,0,1,0.0,0.0,0.25,0.4052059052059051,0.3532763532763533,0.457135457135457,0.5136946386946387,0.4671717171717172,0.5602175602175602,0.363053613053613,0.3043900543900544,0.4217171717171717,0.3388694638694638,0.2882672882672882,0.3894716394716394
1503002,Faro,3,2,2,0,0,0,0.0,0.0,0.6666666666666666,0.1526806526806527,0.1844081844081843,0.1209531209531209,0.1311188811188811,0.1557886557886557,0.1064491064491064,0.2089160839160839,0.2567987567987568,0.161033411033411,0.118006993006993,0.1406371406371406,0.0953768453768453
1503044,Floresta do Araguaia,3,2,1,0,0,1,0.0,0.0,0.6666666666666666,0.634032634032634,0.6762496762496761,0.5918155918155918,0.6048951048951049,0.6447163947163947,0.565073815073815,0.6302447552447552,0.6658896658896658,0.5945998445998446,0.6669580419580419,0.7181429681429681,0.6157731157731157
1503077,Garrafão do Norte,3,1,1,0,0,0,0.0,0.0,0.3333333333333333,0.4102564102564102,0.3589743589743589,0.4615384615384614,0.5148601398601399,0.4714452214452214,0.5582750582750582,0.3723776223776224,0.3123543123543123,0.4324009324009323,0.3435314685314685,0.293123543123543,0.3939393939393938
1503093,Goianésia do Pará,3,2,1,0,0,1,0.0,0.0,0.6666666666666666,0.4972804972804973,0.52007252007252,0.4744884744884745,0.4481351981351982,0.4704739704739704,0.4257964257964258,0.4583333333333333,0.4747474747474747,0.4419191919191919,0.5853729603729604,0.614996114996115,0.5557498057498058
1503101,Gurupá,4,1,1,0,0,0,0.0,0.0,0.25,0.243006993006993,0.2387982387982388,0.2472157472157471,0.1914335664335664,0.1872571872571872,0.1956099456099456,0.3500874125874126,0.3465423465423465,0.3536324786324786,0.1875,0.1825951825951826,0.1924048174048173
1503200,Igarapé-Açu,3,3,1,0,0,1,0.0,0.0,1.0,0.4448329448329448,0.4030044030044029,0.4866614866614866,0.56002331002331,0.533022533022533,0.587024087024087,0.4023892773892774,0.3480963480963481,0.4566822066822066,0.3720862470862471,0.3278943278943278,0.4162781662781663
1503309,Igarapé-Miri,3,2,1,0,0,1,0.0,0.0,0.6666666666666666,0.3014763014763014,0.2683242683242682,0.3346283346283345,0.2969114219114219,0.2711732711732711,0.3226495726495726,0.3289627039627039,0.2975912975912975,0.3603341103341103,0.2785547785547785,0.2362082362082362,0.3209013209013208
1503408,Inhangapi,3,2,2,0,1,1,0.0,0.0,0.6666666666666666,0.5928515928515928,0.5648795648795648,0.6208236208236206,0.6334498834498834,0.6212121212121211,0.6456876456876456,0.6217948717948717,0.5973193473193472,0.6462703962703962,0.5233100233100233,0.476107226107226,0.5705128205128205
1503457,Ipixuna do Pará,4,2,1,0,0,0,0.0,0.0,0.5,0.6208236208236209,0.6073556073556072,0.6342916342916343,0.6797785547785549,0.66006216006216,0.6994949494949494,0.5273892773892774,0.4966977466977467,0.5580808080808081,0.6553030303030303,0.6653069153069153,0.6452991452991452
1503507,Irituia,4,2,0,0,0,0,0.0,0.0,0.5,0.4999999999999999,0.462056462056462,0.5379435379435379,0.5445804195804196,0.5283605283605284,0.5608003108003108,0.5052447552447552,0.4611499611499611,0.5493395493395493,0.4501748251748251,0.3966588966588966,0.5036907536907537
1503606,Itaituba,3,0,0,0,0,0,3.0,2.0,0.0,0.5784770784770785,0.628075628075628,0.5288785288785288,0.5265151515151516,0.5479797979797979,0.505050505050505,0.5844988344988346,0.6548174048174048,0.5141802641802641,0.6244172494172495,0.6814296814296814,0.5674048174048174
1503705,Itupiranga,3,1,1,0,0,0,0.0,0.0,0.3333333333333333,0.4638694638694638,0.4408184408184408,0.4869204869204868,0.5218531468531469,0.4897047397047397,0.554001554001554,0.4895104895104895,0.4805749805749805,0.4984459984459984,0.3802447552447552,0.3521756021756021,0.4083139083139082
1503754,Jacareacanga,3,2,2,0,0,0,0.0,0.0,0.6666666666666666,0.3741258741258741,0.4068894068894068,0.3413623413623413,0.2937062937062937,0.3209013209013209,0.2665112665112665,0.3277972027972028,0.3644133644133644,0.2911810411810411,0.5008741258741258,0.5353535353535354,0.4663947163947164
1503804,Jacundá,3,1,1,0,0,0,0.0,0.0,0.3333333333333333,0.4075369075369075,0.3708883708883708,0.4441854441854442,0.4533799533799534,0.4232711732711732,0.4834887334887335,0.4233682983682983,0.3844211344211344,0.4623154623154623,0.3458624708624708,0.304972804972805,0.3867521367521367
1503903,Juruti,3,2,1,0,0,0,1.0,0.0,0.6666666666666666,0.4634809634809634,0.5159285159285159,0.4110334110334109,0.400058275058275,0.4382284382284382,0.3618881118881119,0.495920745920746,0.5413752913752914,0.4504662004662004,0.4944638694638694,0.5681818181818181,0.4207459207459207
1504000,Limoeiro do Ajuru,3,2,2,0,0,1,0.0,0.0,0.6666666666666666,0.2929292929292929,0.2849002849002849,0.300958300958301,0.2686480186480187,0.2579642579642579,0.2793317793317794,0.3799533799533799,0.376068376068376,0.3838383838383838,0.2301864801864802,0.2206682206682206,0.2397047397047397
1504059,Mãe do Rio,3,2,1,0,0,0,0.0,0.0,0.6666666666666666,0.4681429681429681,0.413105413105413,0.5231805231805231,0.5643939393939394,0.5277777777777777,0.601010101010101,0.4338578088578088,0.364996114996115,0.5027195027195027,0.4061771561771561,0.3465423465423465,0.4658119658119657
1504109,Magalhães Barata,3,2,3,0,0,0,0.0,0.0,0.6666666666666666,0.4106449106449106,0.3724423724423724,0.4488474488474488,0.5046620046620046,0.4844599844599844,0.5248640248640248,0.3712121212121211,0.3214840714840715,0.4209401709401709,0.356060606060606,0.3113830613830614,0.4007381507381507
1504208,Marabá,3,0,0,0,0,0,3.0,3.0,0.0,0.5753690753690753,0.6083916083916083,0.5423465423465423,0.5145687645687645,0.5413752913752914,0.4877622377622377,0.5658508158508159,0.6013986013986015,0.5303030303030303,0.6456876456876457,0.6824009324009324,0.608974358974359
1504307,Maracanã,3,2,2,0,0,0,0.0,0.0,0.6666666666666666,0.4945609945609945,0.4237244237244236,0.5653975653975652,0.5815850815850816,0.5287490287490287,0.6344211344211343,0.4411421911421911,0.3646076146076146,0.5176767676767676,0.4609557109557109,0.3778166278166278,0.544094794094794
1504406,Marapanim,3,2,1,0,0,0,0.0,0.0,0.6666666666666666,0.3752913752913752,0.3387723387723387,0.4118104118104117,0.4659090909090909,0.4434731934731934,0.4883449883449883,0.3522727272727273,0.3012820512820512,0.4032634032634032,0.3076923076923076,0.2715617715617715,0.3438228438228438
1504422,Marituba,3,2,0,0,0,0,0.0,0.0,0.6666666666666666,0.559052059052059,0.5006475006475006,0.6174566174566174,0.5923659673659674,0.559052059052059,0.6256798756798756,0.550990675990676,0.491064491064491,0.6109168609168609,0.5337995337995338,0.4518259518259518,0.6157731157731158
1504455,Medicilândia,3,2,1,0,0,0,0.0,0.0,0.6666666666666666,0.1227661227661227,0.1074851074851074,0.138047138047138,0.1462703962703962,0.1359751359751359,0.1565656565656565,0.1273310023310023,0.1041181041181041,0.1505439005439005,0.0946969696969697,0.0823620823620823,0.107031857031857
1504505,Melgaço,3,1,1,0,0,1,0.0,0.0,0.3333333333333333,0.354118104118104,0.3869463869463869,0.3212898212898212,0.2817599067599068,0.303030303030303,0.2604895104895104,0.3716491841491841,0.3886946386946386,0.3546037296037296,0.4089452214452214,0.4691142191142191,0.3487762237762237
1504604,Mocajuba,3,2,1,0,0,0,0.0,0.0,0.6666666666666666,0.472027972027972,0.4162134162134161,0.5278425278425277,0.4895104895104895,0.4508547008547008,0.5281662781662781,0.4641608391608391,0.4133644133644133,0.5149572649572649,0.4624125874125874,0.3844211344211344,0.5404040404040404
1504703,Moju,3,2,0,0,0,1,1.0,0.0,0.6666666666666666,0.592074592074592,0.6226366226366226,0.5615125615125613,0.5454545454545454,0.5666278166278166,0.5242812742812742,0.6101398601398601,0.6332556332556332,0.587024087024087,0.6206293706293706,0.6680264180264179,0.5732323232323232
1504752,Mojuí dos Campos,3,3,3,0,0,1,0.0,0.0,1.0,0.3512043512043512,0.3102823102823102,0.3921263921263921,0.467074592074592,0.4256021756021756,0.5085470085470085,0.3082750582750582,0.2626262626262626,0.3539238539238539,0.2782634032634032,0.2426184926184926,0.3139083139083139
1504802,Monte Alegre,3,3,1,0,0,0,0.0,0.0,1.0,0.4020979020979021,0.485107485107485,0.319088319088319,0.3513986013986013,0.4209401709401709,0.2818570318570318,0.4169580419580419,0.4963092463092463,0.3376068376068376,0.4379370629370629,0.5380730380730381,0.3378010878010877
1504901,Muaná,2,2,2,0,0,0,0.0,0.0,1.0,0.2290209790209789,0.2294742294742294,0.2285677285677285,0.187062937062937,0.1843434343434343,0.1897824397824397,0.3125,0.3214840714840714,0.3035159285159285,0.1875,0.1825951825951825,0.1924048174048174
1504950,Nova Esperança do Piriá,3,1,1,0,0,1,0.0,0.0,0.3333333333333333,0.2412587412587412,0.2276612276612276,0.2548562548562548,0.2884615384615384,0.2925407925407925,0.2843822843822843,0.2482517482517482,0.2156177156177156,0.2808857808857808,0.187062937062937,0.1748251748251748,0.1993006993006993
1504976,Nova Ipixuna,4,1,2,0,0,1,1.0,0.0,0.25,0.4456099456099456,0.3908313908313908,0.5003885003885004,0.4653263403263403,0.4230769230769231,0.5075757575757576,0.4778554778554778,0.4166666666666666,0.539044289044289,0.3936480186480187,0.3327505827505827,0.4545454545454545
1505007,Nova Timboteua,3,3,1,0,0,0,0.0,0.0,1.0,0.5155400155400155,0.4509194509194509,0.5801605801605801,0.6217948717948718,0.5753690753690753,0.6682206682206682,0.4621212121212121,0.3885003885003885,0.5357420357420357,0.4627039627039627,0.3888888888888888,0.5365190365190364
1505031,Novo Progresso,3,3,0,0,0,0,0.0,0.0,1.0,0.3131313131313131,0.347060347060347,0.2792022792022792,0.296037296037296,0.3214840714840715,0.2705905205905206,0.2363053613053612,0.2612665112665112,0.2113442113442113,0.407051282051282,0.4584304584304584,0.3556721056721056
1505064,Novo Repartimento,4,3,0,0,0,0,0.0,0.0,0.75,0.5155400155400156,0.5501165501165501,0.4809634809634809,0.5238927738927739,0.5477855477855478,0.5,0.469988344988345,0.4959207459207458,0.444055944055944,0.5527389277389277,0.6066433566433567,0.4988344988344988
1505106,Óbidos,3,3,0,0,0,1,0.0,0.0,1.0,0.3613053613053613,0.4439264439264438,0.2786842786842787,0.2945804195804196,0.3620823620823621,0.2270784770784771,0.3627622377622377,0.4496891996891996,0.2758352758352758,0.4265734265734265,0.52000777000777,0.3331390831390831
1505205,Oeiras do Pará,3,2,1,0,0,0,0.0,0.0,0.6666666666666666,0.364024864024864,0.3462833462833462,0.3817663817663817,0.3945221445221445,0.3628593628593628,0.4261849261849261,0.4122960372960373,0.408119658119658,0.4164724164724164,0.2852564102564102,0.2678710178710178,0.3026418026418026
1505304,Oriximiná,3,2,1,0,0,0,0.0,0.0,0.6666666666666666,0.31002331002331,0.4019684019684019,0.218078218078218,0.2517482517482518,0.3218725718725718,0.1816239316239316,0.3208041958041958,0.4158896658896658,0.2257187257187257,0.3575174825174825,0.4681429681429681,0.2468919968919968
1505403,Ourém,3,3,1,0,0,1,1.0,0.0,1.0,0.4953379953379953,0.4180264180264179,0.5726495726495726,0.5681818181818181,0.5104895104895104,0.6258741258741258,0.4554195804195804,0.3694638694638694,0.5413752913752914,0.4624125874125874,0.3741258741258741,0.5506993006993006
1505437,Ourilândia do Norte,4,4,1,0,0,0,0.0,0.0,1.0,0.3407148407148407,0.3576793576793576,0.3237503237503237,0.293997668997669,0.3084693084693084,0.2795260295260295,0.2741841491841492,0.2806915306915306,0.2676767676767677,0.453962703962704,0.4838772338772338,0.4240481740481741
1505486,Pacajá,3,2,1,0,0,0,1.0,0.0,0.6666666666666666,0.45998445998446,0.4457394457394457,0.4742294742294741,0.421037296037296,0.405982905982906,0.436091686091686,0.3901515151515151,0.3644133644133643,0.4158896658896658,0.5687645687645688,0.5668220668220668,0.5707070707070706
1505494,Palestina do Pará,4,2,2,1,1,1,0.0,0.0,0.5,0.5831390831390831,0.5928515928515927,0.5734265734265734,0.5684731934731935,0.574009324009324,0.5629370629370629,0.5512820512820513,0.5483682983682983,0.5541958041958042,0.6296620046620046,0.6561771561771561,0.6031468531468531
1505502,Paragominas,3,1,0,0,0,0,1.0,1.0,0.3333333333333333,0.6647241647241647,0.6588966588966588,0.6705516705516705,0.6576340326340326,0.6509324009324009,0.6643356643356644,0.5906177156177157,0.5833333333333333,0.5979020979020979,0.745920745920746,0.7424242424242424,0.7494172494172494
1505536,Parauapebas,3,1,0,0,0,0,4.0,3.0,0.3333333333333333,0.3286713286713286,0.3682983682983682,0.289044289044289,0.3120629370629371,0.3484848484848485,0.2756410256410256,0.2770979020979021,0.2966200466200466,0.2575757575757575,0.3968531468531469,0.4597902097902098,0.3339160839160839
1505551,Pau DArco,4,3,2,0,1,1,0.0,0.0,0.75,0.3993783993783993,0.3556073556073555,0.4431494431494431,0.4787296037296037,0.4531857031857031,0.5042735042735043,0.3455710955710955,0.2973970473970473,0.3937451437451437,0.3738344988344988,0.3162393162393162,0.4314296814296814
1505601,Peixe-Boi,4,3,3,0,0,1,0.0,0.0,0.75,0.4662004662004662,0.4079254079254079,0.5244755244755244,0.5227272727272727,0.4941724941724941,0.5512820512820512,0.4239510489510489,0.3554778554778554,0.4924242424242424,0.4519230769230769,0.374125874125874,0.5297202797202797
1505635,Piçarra,3,2,2,1,1,1,0.0,0.0,0.6666666666666666,0.6542346542346541,0.6542346542346542,0.6542346542346541,0.6305361305361306,0.6363636363636364,0.6247086247086246,0.5967365967365967,0.5891608391608391,0.6043123543123543,0.7354312354312353,0.7371794871794871,0.7336829836829836
1505650,Placas,3,2,1,0,0,1,0.0,0.0,0.6666666666666666,0.4755244755244754,0.47008547008547,0.4809634809634809,0.4659090909090909,0.4568764568764568,0.4749417249417249,0.3959790209790209,0.3787878787878788,0.4131701631701631,0.5646853146853147,0.5745920745920746,0.5547785547785548
1505700,Ponta de Pedras,4,1,2,0,0,0,0.0,0.0,0.25,0.533022533022533,0.5537425537425537,0.5123025123025122,0.4408508158508158,0.4526029526029526,0.429098679098679,0.5565268065268065,0.5753690753690753,0.5376845376845376,0.6016899766899767,0.6332556332556332,0.57012432012432
1505809,Portel,3,3,1,0,0,0,0.0,0.0,1.0,0.5034965034965034,0.5371665371665371,0.4698264698264698,0.4134615384615384,0.439005439005439,0.3879176379176379,0.5227272727272727,0.5551670551670551,0.4902874902874903,0.5743006993006993,0.6173271173271173,0.5312742812742812
1505908,Porto de Moz,3,1,1,0,0,0,1.0,0.0,0.3333333333333333,0.4941724941724941,0.5216265216265216,0.4667184667184666,0.3881118881118881,0.4081196581196581,0.368104118104118,0.5183566433566433,0.5452602952602952,0.4914529914529914,0.576048951048951,0.6114996114996114,0.5405982905982906
1506005,Prainha,3,2,1,0,0,0,0.0,0.0,0.6666666666666666,0.6138306138306138,0.6192696192696192,0.6083916083916083,0.5154428904428904,0.5198135198135198,0.511072261072261,0.641025641025641,0.6404428904428904,0.6416083916083914,0.68502331002331,0.6975524475524475,0.6724941724941724
1506104,Primavera,3,2,2,0,0,0,0.0,0.0,0.6666666666666666,0.4580419580419581,0.4087024087024086,0.5073815073815073,0.5498251748251749,0.5215617715617715,0.578088578088578,0.4265734265734265,0.3618881118881119,0.4912587412587412,0.3977272727272727,0.3426573426573426,0.4527972027972028
1506112,Quatipuru,3,3,3,0,0,1,0.0,0.0,1.0,0.43006993006993,0.3929033929033929,0.4672364672364671,0.4763986013986013,0.4491064491064491,0.5036907536907537,0.4484265734265734,0.4063714063714064,0.4904817404817404,0.3653846153846153,0.3232323232323232,0.4075369075369075
1506138,Redenção,3,1,1,0,0,1,2.0,1.0,0.3333333333333333,0.5648795648795648,0.5537425537425537,0.576016576016576,0.5801282051282051,0.5691530691530691,0.5911033411033411,0.4627039627039627,0.4413364413364413,0.484071484071484,0.6518065268065268,0.6507381507381507,0.6528749028749028
1506161,Rio Maria,3,1,1,0,0,0,1.0,1.0,0.3333333333333333,0.6091686091686092,0.5964775964775964,0.6218596218596217,0.6185897435897436,0.6146076146076146,0.6225718725718725,0.5055361305361306,0.4797979797979798,0.5312742812742812,0.7033799533799534,0.6950271950271949,0.7117327117327117
1506187,Rondon do Pará,3,2,1,0,0,0,0.0,0.0,0.6666666666666666,0.4203574203574203,0.4465164465164465,0.3941983941983941,0.4262820512820512,0.4502719502719502,0.4022921522921522,0.3665501165501165,0.3690753690753691,0.364024864024864,0.4682400932400932,0.5202020202020202,0.4162781662781663
1506195,Rurópolis,3,3,1,0,0,1,1.0,0.0,1.0,0.5928515928515928,0.576016576016576,0.6096866096866096,0.5233100233100233,0.508935508935509,0.5376845376845376,0.5675990675990676,0.5417637917637917,0.5934343434343434,0.6876456876456877,0.6773504273504274,0.6979409479409479
1506203,Salinópolis,3,2,1,0,0,1,0.0,0.0,0.6666666666666666,0.7622377622377622,0.7588707588707588,0.7656047656047655,0.7762237762237763,0.7824397824397824,0.77000777000777,0.6888111888111887,0.675019425019425,0.7026029526029526,0.8216783216783217,0.8191530691530691,0.8242035742035743
1506302,Salvaterra,3,1,2,0,0,0,0.0,0.0,0.3333333333333333,0.5485625485625486,0.4941724941724941,0.6029526029526029,0.5652680652680653,0.513986013986014,0.6165501165501165,0.571969696969697,0.5332167832167832,0.6107226107226107,0.5084498834498835,0.4353146853146853,0.5815850815850816
1506351,Santa Bárbara do Pará,4,3,1,0,0,1,0.0,0.0,0.75,0.7606837606837606,0.7290857290857291,0.7922817922817922,0.7724358974358975,0.7367909867909868,0.8080808080808081,0.6908508158508159,0.6548174048174048,0.7268842268842268,0.8187645687645688,0.7956487956487956,0.8418803418803418
1506401,Santa Cruz do Arari,4,4,3,1,1,0,0.0,0.0,1.0,0.0864413364413364,0.0603470603470603,0.1125356125356125,0.0783799533799534,0.0563325563325563,0.1004273504273504,0.0986305361305361,0.0677933177933178,0.1294677544677545,0.0823135198135198,0.0569153069153069,0.1077117327117327
1506500,Santa Izabel do Pará,3,2,0,0,0,0,0.0,0.0,0.6666666666666666,0.6989121989121989,0.7011137011137011,0.6967106967106966,0.706002331002331,0.7123154623154623,0.6996891996891996,0.6480186480186481,0.6361693861693862,0.6598679098679099,0.7427156177156178,0.7548562548562548,0.7305749805749805
1506559,Santa Luzia do Pará,4,2,2,0,0,0,0.0,0.0,0.5,0.5396270396270396,0.5322455322455322,0.5470085470085471,0.513986013986014,0.518065268065268,0.5099067599067599,0.4737762237762238,0.4452214452214452,0.5023310023310024,0.6311188811188811,0.6334498834498834,0.6287878787878788
1506583,Santa Maria das Barreiras,3,3,1,0,1,1,0.0,0.0,1.0,0.6705516705516705,0.6803936803936803,0.6607096607096606,0.6322843822843823,0.6326728826728827,0.6318958818958819,0.6325757575757576,0.6522921522921523,0.6128593628593628,0.7467948717948718,0.7562160062160062,0.7373737373737373
1506609,Santa Maria do Pará,4,3,1,0,0,0,0.0,0.0,0.75,0.4704739704739704,0.423983423983424,0.516964516964517,0.5844988344988346,0.5551670551670551,0.6138306138306138,0.4321095571095571,0.3708236208236208,0.4933954933954934,0.3948135198135198,0.3459595959595959,0.4436674436674436
1506708,Santana do Araguaia,4,3,1,0,0,0,1.0,0.0,0.75,0.5644910644910646,0.571095571095571,0.5578865578865577,0.5238927738927739,0.5303030303030303,0.5174825174825175,0.5154428904428905,0.5174825174825175,0.5134032634032634,0.6541375291375291,0.6655011655011654,0.6427738927738927
1506807,Santarém,3,0,0,0,0,1,4.0,4.0,0.0,0.4409479409479409,0.5133385133385133,0.3685573685573685,0.3875291375291375,0.4485236985236985,0.3265345765345765,0.4656177156177156,0.5304972804972805,0.4007381507381506,0.4696969696969697,0.560994560994561,0.3783993783993783
1506906,Santarém Novo,3,3,2,0,0,1,0.0,0.0,1.0,0.5687645687645687,0.5164465164465164,0.621082621082621,0.6494755244755246,0.611111111111111,0.6878399378399379,0.5506993006993007,0.4978632478632478,0.6035353535353535,0.5061188811188811,0.4403651903651903,0.5718725718725719
1507003,Santo Antônio do Tauá,3,3,1,0,0,1,0.0,0.0,1.0,0.6041181041181041,0.5330225330225329,0.6752136752136751,0.6812354312354313,0.6217948717948717,0.7406759906759905,0.5713869463869464,0.5064102564102564,0.6363636363636362,0.5597319347319347,0.4708624708624708,0.6486013986013985
1507102,São Caetano de Odivelas,3,3,2,1,0,0,0.0,0.0,1.0,0.4786324786324785,0.4138824138824138,0.5433825433825433,0.5862470862470862,0.533022533022533,0.6394716394716394,0.4277389277389277,0.3562548562548562,0.4992229992229992,0.4219114219114219,0.3523698523698523,0.4914529914529915
1507151,São Domingos do Araguaia,4,3,1,0,0,0,0.0,0.0,0.75,0.3135198135198135,0.2525252525252525,0.3745143745143744,0.3356643356643357,0.289044289044289,0.3822843822843823,0.3164335664335664,0.2435897435897435,0.3892773892773892,0.2884615384615384,0.2249417249417249,0.3519813519813519
1507201,São Domingos do Capim,4,1,1,0,0,0,0.0,0.0,0.25,0.5073815073815073,0.5086765086765086,0.506086506086506,0.5396270396270397,0.5598290598290598,0.5194250194250194,0.5626456876456877,0.5584693084693084,0.5668220668220667,0.4198717948717948,0.4077311577311577,0.432012432012432
1507300,São Félix do Xingu,3,1,0,0,0,1,1.0,1.0,0.3333333333333333,0.4149184149184149,0.4472934472934472,0.3825433825433825,0.3601398601398601,0.3850038850038849,0.3352758352758352,0.3618881118881119,0.397047397047397,0.3267288267288267,0.5227272727272727,0.5598290598290598,0.4856254856254856
1507409,São Francisco do Pará,3,2,1,0,0,0,0.0,0.0,0.6666666666666666,0.506993006993007,0.4491064491064491,0.5648795648795648,0.618006993006993,0.5786713286713288,0.6573426573426573,0.4449300699300699,0.3799533799533799,0.5099067599067599,0.458041958041958,0.3886946386946386,0.5273892773892774
1507458,São Geraldo do Araguaia,4,3,1,0,0,0,0.0,0.0,0.75,0.3547008547008546,0.3364413364413364,0.3729603729603729,0.3709207459207459,0.3694638694638694,0.3723776223776223,0.3817016317016317,0.3572261072261072,0.4061771561771561,0.3114801864801865,0.2826340326340326,0.3403263403263403
1507466,São João da Ponta,3,2,3,0,0,1,0.0,0.0,0.6666666666666666,0.3667443667443668,0.3245273245273245,0.408961408961409,0.4341491841491842,0.4094794094794095,0.4588189588189588,0.3464452214452215,0.290986790986791,0.4019036519036519,0.3196386946386946,0.2731157731157731,0.3661616161616161
1507474,São João de Pirabas,3,3,1,0,0,1,0.0,0.0,1.0,0.4867909867909867,0.4092204092204091,0.5643615643615643,0.5591491841491841,0.4998057498057497,0.6184926184926184,0.4356060606060606,0.3539238539238539,0.5172882672882673,0.4656177156177156,0.3739316239316239,0.5573038073038072
1507508,São João do Araguaia,4,4,1,0,0,0,0.0,0.0,1.0,0.6017871017871017,0.6221186221186221,0.5814555814555813,0.5265151515151515,0.5435120435120435,0.5095182595182595,0.6334498834498834,0.6435508935508936,0.6233488733488732,0.6453962703962703,0.6792929292929293,0.6114996114996114
1507607,São Miguel do Guamá,4,2,0,0,0,0,0.0,0.0,0.5,0.5874125874125874,0.5698005698005697,0.605024605024605,0.6774475524475525,0.6633644133644133,0.6915306915306915,0.6206293706293707,0.6029526029526029,0.6383061383061382,0.4641608391608391,0.443084693084693,0.4852369852369852
1507706,São Sebastião da Boa Vista,2,0,1,0,0,0,0.0,0.0,0.0,0.2057109557109557,0.2139342139342139,0.1974876974876974,0.1687062937062937,0.1721056721056721,0.1653069153069153,0.2923951048951049,0.308080808080808,0.2767094017094016,0.1560314685314685,0.1616161616161616,0.1504467754467754
1507755,Sapucaia,4,2,2,0,1,1,0.0,0.0,0.5,0.6204351204351204,0.6024346024346023,0.6384356384356383,0.6471445221445221,0.6313131313131313,0.662975912975913,0.5198135198135199,0.4881507381507381,0.5514763014763014,0.6943473193473193,0.6878399378399378,0.7008547008547008
1507805,Senador José Porfírio,3,2,1,1,1,1,0.0,0.0,0.6666666666666666,0.3733488733488733,0.4465164465164464,0.3001813001813002,0.3027389277389277,0.3593628593628593,0.2461149961149961,0.4035547785547785,0.4728049728049728,0.3343045843045842,0.4137529137529138,0.5073815073815073,0.3201243201243201
1507904,Soure,4,0,2,0,0,0,1.0,1.0,0.0,0.5066045066045066,0.5337995337995337,0.4794094794094793,0.4131701631701632,0.4306526806526806,0.3956876456876457,0.5160256410256411,0.5466200466200466,0.4854312354312354,0.5906177156177157,0.6241258741258741,0.5571095571095571
1507953,Tailândia,3,2,1,0,0,0,0.0,0.0,0.6666666666666666,0.5271950271950271,0.5099715099715099,0.5444185444185443,0.523018648018648,0.5031080031080031,0.5429292929292928,0.442016317016317,0.4135586635586635,0.4704739704739704,0.6165501165501165,0.6132478632478632,0.6198523698523698
1507961,Terra Alta,3,3,3,0,1,1,0.0,0.0,1.0,0.4658119658119658,0.42009842009842,0.5115255115255114,0.5783799533799533,0.5499222999222999,0.6068376068376068,0.4111305361305361,0.3562548562548562,0.4660062160062159,0.4079254079254079,0.354118104118104,0.4617327117327117
1507979,Terra Santa,3,2,2,0,0,0,0.0,0.0,0.6666666666666666,0.635975135975136,0.6324786324786325,0.6394716394716393,0.5827505827505828,0.5623543123543122,0.6031468531468531,0.6287878787878788,0.631118881118881,0.6264568764568764,0.6963869463869463,0.7039627039627039,0.6888111888111887
1508001,Tomé-Açu,3,3,0,0,0,1,0.0,0.0,1.0,0.508158508158508,0.5213675213675213,0.4949494949494949,0.5008741258741258,0.5244755244755245,0.4772727272727272,0.4326923076923077,0.4254079254079254,0.4399766899766899,0.5909090909090909,0.6142191142191142,0.5675990675990675
1508035,Tracuateua,4,1,1,0,0,1,0.0,0.0,0.25,0.4545454545454545,0.3799533799533799,0.5291375291375291,0.5524475524475525,0.4836829836829837,0.6212121212121212,0.4213286713286713,0.3385780885780886,0.504079254079254,0.3898601398601399,0.3175990675990675,0.462121212121212
1508050,Trairão,3,3,2,0,1,1,0.0,0.0,1.0,0.4483294483294482,0.4804454804454804,0.4162134162134161,0.4289044289044288,0.4471639471639471,0.4106449106449106,0.4504662004662004,0.4642579642579642,0.4366744366744367,0.4656177156177156,0.5299145299145299,0.4013209013209013
1508084,Tucumã,4,2,0,0,0,0,0.0,0.0,0.5,0.3737373737373737,0.3416213416213416,0.4058534058534058,0.4752331002331003,0.4555167055167055,0.4949494949494949,0.3044871794871795,0.2723387723387723,0.3366355866355867,0.3414918414918415,0.2970085470085469,0.3859751359751359
1508100,Tucuruí,3,1,0,0,0,1,2.0,2.0,0.3333333333333333,0.6344211344211343,0.646982646982647,0.6218596218596217,0.5553613053613053,0.5674048174048174,0.5433177933177933,0.6378205128205128,0.6487956487956488,0.6268453768453768,0.7100815850815851,0.7247474747474747,0.6954156954156954
1508126,Ulianópolis,3,2,1,0,0,1,0.0,0.0,0.6666666666666666,0.543123543123543,0.5540015540015539,0.5322455322455322,0.5393356643356643,0.5641025641025641,0.5145687645687645,0.4414335664335664,0.4382284382284381,0.4446386946386946,0.6486013986013985,0.6596736596736597,0.6375291375291375
1508159,Uruará,4,3,0,0,0,0,0.0,0.0,0.75,0.2365967365967365,0.1989121989121989,0.2742812742812742,0.3243006993006992,0.2779720279720279,0.3706293706293706,0.1984265734265734,0.1631701631701631,0.2336829836829836,0.187062937062937,0.1555944055944055,0.2185314685314685
1508209,Vigia,3,2,1,0,0,0,0.0,0.0,0.6666666666666666,0.5174825174825174,0.4529914529914529,0.5819735819735818,0.6118881118881118,0.5699300699300699,0.6538461538461539,0.4606643356643356,0.388111888111888,0.5332167832167832,0.4798951048951049,0.4009324009324009,0.5588578088578089
1508308,Viseu,3,3,0,0,0,0,1.0,0.0,1.0,0.601010101010101,0.6449106449106448,0.557109557109557,0.5827505827505828,0.6159673659673659,0.5495337995337994,0.5981934731934732,0.6375291375291374,0.5588578088578089,0.6220862470862472,0.6812354312354312,0.5629370629370629
1508357,Vitória do Xingu,4,2,0,0,0,1,0.0,0.0,0.5,0.5112665112665112,0.5024605024605024,0.52007252007252,0.4734848484848485,0.4747474747474747,0.4722222222222222,0.620920745920746,0.6184926184926184,0.6233488733488733,0.4393939393939394,0.4141414141414141,0.4646464646464646
1508407,Xinguara,3,1,0,0,0,0,2.0,1.0,0.3333333333333333,0.6379176379176379,0.6519036519036518,0.6239316239316237,0.6235431235431235,0.6445221445221445,0.6025641025641024,0.5792540792540792,0.5839160839160839,0.5745920745920745,0.710955710955711,0.7272727272727273,0.6946386946386945
