municipality_code,municipality,women_policy_body_exists_raw,women_policy_body_exists,specialized_women_police_station_raw,specialized_women_police_station,programs_actions_for_women_raw,human_rights_protection_women_raw,programs_actions_for_women,human_rights_protection_women,campaigns_against_violence_women,campaigns_indicator_status,institutional_score_available_4,institutional_coverage,population_2023,police_all_female_records,police_violencia_domestica_lesao,police_lesao_corporal,police_violencia_sexual,police_estupro,police_estupro_vulneravel,police_homicidio_mulher,police_feminicidio,police_tentativa_feminicidio,police_feminicidio_any,police_police_years_observed,rate_all_female_records_per_100k_population_2022_2025,rate_violencia_domestica_lesao_per_100k_population_2022_2025,rate_lesao_corporal_per_100k_population_2022_2025,rate_violencia_sexual_per_100k_population_2022_2025,rate_estupro_per_100k_population_2022_2025,rate_estupro_vulneravel_per_100k_population_2022_2025,rate_homicidio_mulher_per_100k_population_2022_2025,rate_feminicidio_any_per_100k_population_2022_2025,institutional_deficit_available_4,cnes_active_establishments,cnes_ubs,cnes_hospitals,cnes_caps,cnes_emergency_units,cnes_obstetric_centers,cnes_health_service_deficit,cnes_active_establishments_per_100k_population,cnes_ubs_per_100k_population,cnes_hospitals_per_100k_population,cnes_caps_per_100k_population,cnes_emergency_units_per_100k_population,cnes_obstetric_centers_per_100k_population,cnes_physicians,cnes_physicians_weekly_hours,cnes_nurses,cnes_nurses_weekly_hours,cnes_psychologists,cnes_psychologists_weekly_hours,cnes_social_workers,cnes_social_workers_weekly_hours,cnes_multidisciplinary_staff_deficit,cnes_physicians_per_100k_population,cnes_nurses_per_100k_population,cnes_psychologists_per_100k_population,cnes_social_workers_per_100k_population,social_cras,social_creas,social_centro_pop,social_centro_dia,social_centros_convivencia,social_unidades_acolhimento,social_cras_professionals,social_creas_professionals,social_basic_protection_deficit,social_specialized_service_deficit,social_cras_per_100k_population,social_creas_per_100k_population,social_centro_pop_per_100k_population,social_centro_dia_per_100k_population,social_centros_convivencia_per_100k_population,social_unidades_acolhimento_per_100k_population,social_cras_professionals_per_100k_population,social_creas_professionals_per_100k_population,justice_tjpa_units,justice_tjpa_criminal_units,justice_tjpa_juizados,justice_tjpa_cejusc,justice_tjpa_women_specialized_units,justice_tjpa_local_access,justice_tjpa_access_deficit,justice_components_available,justice_access_score_available,justice_access_coverage_ratio,justice_access_deficit_ratio,justice_full_access_available,justice_specialized_women_services,justice_specialized_women_access
1500107,Abaetetuba,Não,0,Sim,1.0,-,Sim,,1.0,,not_available_in_munic_2023_questionnaire,2,3,158188,4336,765,1261,436,65,371,6,0,0,0,4,2741.042304093863,483.6017902748628,797.1527549498066,275.62141249652313,41.090348193289,234.5310643032341,3.792955217842061,0.0,1,169,62,8,3,1,0,0,106.8349053025514,39.19387058436797,5.057273623789415,1.8964776089210305,0.6321592029736769,0.0,313,9068.0,226,8737.0,37,1404.0,32,1292.0,0,197.8658305307609,142.867979872051,23.38989051002605,20.22909449515766,8,2,0,,,,,,0,0,5.057273623789415,1.2643184059473538,0.0,,,,,,5,2,1,1,0,1,0,1,1,1.0,0.0,1,,
1500131,Abel Figueiredo,Sim,1,Não,0.0,Sim,Sim,1.0,1.0,,not_available_in_munic_2023_questionnaire,3,4,7030,166,51,75,21,6,15,4,1,0,1,4,2361.308677098151,725.4623044096728,1066.8563300142248,298.7197724039829,85.34850640113798,213.3712660028449,56.899004267425326,14.224751066856332,1,8,3,1,0,0,0,2,113.79800853485064,42.67425320056899,14.224751066856332,0.0,0.0,0.0,7,204.0,7,292.0,1,40.0,1,60.0,0,99.5732574679943,99.5732574679943,14.224751066856332,14.224751066856332,1,0,0,,,,,,0,1,14.224751066856332,0.0,0.0,,,,,,0,0,0,0,0,0,1,1,0,0.0,1.0,0,,
1500206,Acará,Não,0,Não,0.0,-,Sim,,1.0,,not_available_in_munic_2023_questionnaire,1,3,59023,894,202,315,154,19,135,3,0,0,1,4,1514.6637751385051,342.2394659708927,533.6902563407485,260.91523643325485,32.19084085864833,228.7243955746065,5.082764346102366,1.6942547820341225,2,40,22,2,1,1,0,0,67.7701912813649,37.27360520475069,3.388509564068245,1.6942547820341225,1.6942547820341225,0.0,35,1179.0,43,1574.0,3,130.0,4,184.0,0,59.29891737119428,72.85295562746725,5.082764346102366,6.777019128136489,3,1,0,,,,,,0,0,5.082764346102366,1.6942547820341225,0.0,,,,,,1,0,0,0,0,1,0,1,1,1.0,0.0,1,,
1500305,Afuá,Sim,1,Não,0.0,Sim,Sim,1.0,1.0,,not_available_in_munic_2023_questionnaire,3,4,37765,638,126,185,72,8,64,4,2,0,2,4,1689.3949424069906,333.6422613531047,489.8715742089236,190.6527207732027,21.183635641466967,169.46908513173574,10.591817820733484,5.295908910366742,1,44,34,2,1,0,0,1,116.50999602806831,90.03045147623462,5.295908910366742,2.647954455183371,0.0,0.0,21,866.0,27,1184.0,2,80.0,4,160.0,0,55.60704355885078,71.49477028995102,5.295908910366742,10.591817820733484,1,1,0,,,,,,0,0,2.647954455183371,2.647954455183371,0.0,,,,,,1,0,0,0,0,1,0,1,1,1.0,0.0,1,,
1500347,Água Azul do Norte,Sim,1,Não,0.0,Sim,Não,1.0,0.0,,not_available_in_munic_2023_questionnaire,2,4,18080,238,54,81,44,6,38,2,0,0,0,4,1316.3716814159293,298.6725663716814,448.0088495575222,243.36283185840708,33.1858407079646,210.1769911504425,11.061946902654867,0.0,2,38,12,2,1,0,0,1,210.1769911504425,66.3716814159292,11.061946902654867,5.530973451327434,0.0,0.0,34,1094.0,44,1828.0,6,232.0,3,120.0,0,188.0530973451328,243.36283185840708,33.1858407079646,16.5929203539823,2,1,0,,,,,,0,0,11.061946902654867,5.530973451327434,0.0,,,,,,0,0,0,0,0,0,1,1,0,0.0,1.0,0,,
1500404,Alenquer,Não,0,Não,0.0,-,Não,,0.0,,not_available_in_munic_2023_questionnaire,0,3,69377,1071,150,245,107,15,92,1,1,0,1,4,1543.739279588336,216.2099831356213,353.1429724548482,154.22978797007653,21.62099831356213,132.6087896565144,1.4413998875708087,1.4413998875708087,3,29,8,2,1,0,0,1,41.800596739553455,11.53119910056647,2.882799775141617,1.4413998875708087,0.0,0.0,29,1203.0,39,1688.0,6,260.0,8,290.0,0,41.800596739553455,56.21459561526154,8.648399325424853,11.53119910056647,2,1,0,,,,,,0,0,2.882799775141617,1.4413998875708087,0.0,,,,,,1,0,0,0,0,1,0,1,1,1.0,0.0,1,,
1500503,Almeirim,Não,0,Não,0.0,-,Sim,,1.0,,not_available_in_munic_2023_questionnaire,1,3,34280,734,156,254,77,8,69,3,2,0,2,4,2141.1901983663943,455.075845974329,740.9568261376896,224.6207701283548,23.337222870478413,201.2835472578763,8.751458576429405,5.834305717619603,2,48,22,2,1,0,0,1,140.02333722287048,64.17736289381563,5.834305717619603,2.9171528588098017,0.0,0.0,36,1272.0,46,2045.0,5,200.0,8,300.0,0,105.01750291715288,134.18903150525088,14.585764294049008,23.337222870478413,2,1,0,,,,,,0,0,5.834305717619603,2.9171528588098017,0.0,,,,,,1,0,0,0,0,1,0,1,1,1.0,0.0,1,,
1500602,Altamira,Sim,1,Sim,1.0,-,Não,,0.0,,not_available_in_munic_2023_questionnaire,2,3,126279,3469,820,1135,291,54,237,28,2,0,3,4,2747.091757140934,649.355791540953,898.8034431694897,230.4421162663625,42.762454564892025,187.67966170147056,22.173124589203272,2.375691920271779,1,270,55,12,2,2,0,0,213.8122728244601,43.55435187164929,9.502767681087116,1.5837946135145191,1.5837946135145191,0.0,333,12281.0,333,14713.0,42,1574.0,36,1284.0,0,263.7018031501675,263.7018031501675,33.25968688380491,28.50830304326135,3,1,0,,,,,,0,0,2.375691920271779,0.7918973067572597,0.0,,,,,,8,3,1,1,0,1,0,1,1,1.0,0.0,1,,
1500701,Anajás,Sim,1,Não,0.0,-,Não,,0.0,,not_available_in_munic_2023_questionnaire,1,3,28011,620,113,216,86,17,69,4,1,0,1,4,2213.416157937953,403.4129449144979,771.1256292170933,307.0222412623612,60.69044304023419,246.331798222127,14.280104244760986,3.5700260611902466,2,32,19,3,2,0,0,1,114.24083395808788,67.83049516261468,10.71007818357074,7.140052122380493,0.0,0.0,14,530.0,21,892.0,2,75.0,3,130.0,0,49.980364856663456,74.97054728499518,7.140052122380493,10.71007818357074,1,1,0,,,,,,0,0,3.5700260611902466,3.5700260611902466,0.0,,,,,,1,0,0,0,0,1,0,1,1,1.0,0.0,1,,
1500800,Ananindeua,Sim,1,Sim,1.0,Não,Sim,0.0,1.0,,not_available_in_munic_2023_questionnaire,3,4,478778,24779,2178,3529,863,189,674,25,6,0,6,4,5175.46754445693,454.9081202561521,737.0848284591189,180.25055453675816,39.475498038757,140.77505649800116,5.221626724703308,1.2531904139287935,1,455,85,22,2,10,0,0,95.03360638960018,17.753530863991244,4.59503151773891,0.4177301379762645,2.088650689881322,0.0,1279,30324.0,782,31689.0,127,3640.0,126,4246.0,0,267.1384232358212,163.33248394871944,26.5258637614928,26.31699869250467,10,2,1,,,,,,0,0,2.088650689881322,0.4177301379762645,0.2088650689881322,,,,,,19,6,4,1,1,1,0,1,1,1.0,0.0,1,,
1500859,Anapu,Não,0,Não,0.0,-,Não,,0.0,,not_available_in_munic_2023_questionnaire,0,3,31850,684,161,205,104,18,86,7,3,0,3,4,2147.5667189952906,505.4945054945055,643.6420722135008,326.53061224489795,56.514913657770805,270.0156985871272,21.97802197802197,9.419152276295131,3,45,16,2,1,0,0,1,141.28728414442702,50.23547880690737,6.279434850863422,3.139717425431711,0.0,0.0,22,750.0,32,1285.0,2,80.0,4,170.0,0,69.07378335949764,100.47095761381476,6.279434850863422,12.558869701726843,1,1,0,,,,,,0,0,3.139717425431711,3.139717425431711,0.0,,,,,,0,0,0,0,0,0,1,1,0,0.0,1.0,0,,
1500909,Augusto Corrêa,Sim,1,Não,0.0,-,Não,,0.0,,not_available_in_munic_2023_questionnaire,1,3,44573,784,139,186,92,7,85,0,0,0,0,4,1758.9123460390822,311.8479797186638,417.2929800551904,206.4029793821372,15.704574518206089,190.69840486393107,0.0,0.0,2,45,27,2,1,0,0,1,100.95797904561056,60.574787427366346,4.487021290916026,2.243510645458013,0.0,0.0,61,1877.0,61,2536.0,8,340.0,12,440.0,0,136.85414937293876,136.85414937293876,17.948085163664103,26.92212774549615,2,1,0,,,,,,0,0,4.487021290916026,2.243510645458013,0.0,,,,,,0,0,0,0,0,0,1,1,0,0.0,1.0,0,,
1500958,Aurora do Pará,Não,0,Não informou,,-,Não,,0.0,,not_available_in_munic_2023_questionnaire,0,2,23774,326,57,101,54,8,46,7,1,0,1,4,1371.2458988811306,239.757718516026,424.8338521073441,227.1388912257088,33.65020610751241,193.4886851181964,29.443930344073355,4.206275763439051,2,29,14,1,1,0,0,1,121.98199713973248,58.88786068814671,4.206275763439051,4.206275763439051,0.0,0.0,24,634.0,30,1220.0,6,180.0,5,140.0,0,100.95061832253722,126.18827290317154,25.237654580634302,21.031378817195257,1,1,0,,,,,,0,0,4.206275763439051,4.206275763439051,0.0,,,,,,1,0,0,0,0,1,0,1,1,1.0,0.0,1,,
1501006,Aveiro,Não,0,Não,0.0,-,Não,,0.0,,not_available_in_munic_2023_questionnaire,0,3,18290,129,31,40,35,2,33,1,1,0,1,4,705.3034445051941,169.4915254237288,218.6987424822308,191.3613996719519,10.934937124111537,180.4264625478404,5.467468562055768,5.467468562055768,3,17,8,2,0,0,0,2,92.94696555494806,43.73974849644615,10.934937124111537,0.0,0.0,0.0,10,355.0,18,720.0,0,0.0,0,0.0,2,54.67468562055768,98.41443411700384,0.0,0.0,1,1,0,,,,,,0,0,5.467468562055768,5.467468562055768,0.0,,,,,,1,0,0,0,0,1,0,1,1,1.0,0.0,1,,
1501105,Bagre,Sim,1,Não,0.0,Sim,Sim,1.0,1.0,,not_available_in_munic_2023_questionnaire,3,4,31892,640,84,141,97,7,90,0,0,0,0,4,2006.7728583970904,263.3889376646181,442.1171453656089,304.151511350809,21.94907813871817,282.20243321209085,0.0,0.0,1,19,12,2,1,0,0,1,59.57606923366361,37.62699109494544,6.271165182490908,3.135582591245454,0.0,0.0,15,524.0,21,952.0,1,40.0,2,110.0,0,47.0337388686818,65.84723441615452,3.135582591245454,6.271165182490908,1,1,0,,,,,,0,0,3.135582591245454,3.135582591245454,0.0,,,,,,1,0,0,0,0,1,0,1,1,1.0,0.0,1,,
1501204,Baião,Sim,1,Não,0.0,Sim,Sim,1.0,1.0,,not_available_in_munic_2023_questionnaire,3,4,51641,924,190,292,85,14,71,2,0,0,0,4,1789.2759628976976,367.9247109854573,565.4421874092292,164.59789701980984,27.110241862086323,137.4876551577235,3.872891694583761,0.0,1,41,24,2,1,0,0,1,79.3942797389671,46.47470033500513,3.872891694583761,1.9364458472918809,0.0,0.0,19,856.0,34,1356.0,2,92.0,7,280.0,0,36.79247109854573,65.83915880792394,3.872891694583761,13.55512093104316,1,1,0,,,,,,0,0,1.9364458472918809,1.9364458472918809,0.0,,,,,,1,0,0,0,0,1,0,1,1,1.0,0.0,1,,
1501253,Bannach,Não,0,Não,0.0,-,Não,,0.0,,not_available_in_munic_2023_questionnaire,0,3,4031,35,16,23,5,0,5,0,0,0,0,4,868.2709005209624,396.9238402381543,570.5780203423468,124.03870007442325,0.0,124.03870007442325,0.0,0.0,3,17,6,2,0,0,0,2,421.7315802530389,148.84644008930786,49.61548002976929,0.0,0.0,0.0,13,329.0,14,645.0,1,30.0,0,0.0,1,322.5006201935004,347.308360208385,24.807740014884644,0.0,1,0,0,,,,,,0,1,24.807740014884644,0.0,0.0,,,,,,0,0,0,0,0,0,1,1,0,0.0,1.0,0,,
1501303,Barcarena,Sim,1,Sim,1.0,Sim,Sim,1.0,1.0,,not_available_in_munic_2023_questionnaire,4,4,126650,4044,701,946,359,62,297,10,3,0,3,4,3193.051717331228,553.493880773786,746.9403868930123,283.4583497828662,48.95380971180419,234.504540071062,7.895775759968417,2.368732727990525,0,166,43,9,2,1,0,0,131.06987761547572,33.9518357678642,7.106198183971575,1.5791551519936835,0.7895775759968418,0.0,355,7682.0,184,7120.0,49,1574.0,28,958.0,0,280.3000394788788,145.2822739834189,38.68930122384524,22.10817212791157,6,1,0,,,,,,0,0,4.73746545598105,0.7895775759968418,0.0,,,,,,3,1,0,0,0,1,0,1,1,1.0,0.0,1,,
1501402,Belém,Sim,1,Sim,1.0,Sim,Sim,1.0,1.0,,not_available_in_munic_2023_questionnaire,4,4,1303403,84400,6688,11009,2391,536,1855,89,12,2,12,4,6475.357199576801,513.1183524972706,844.6351588879264,183.4428799074423,41.12312155181475,142.31975835562753,6.8282795114020765,0.920666900413763,0,3199,108,105,9,7,0,0,245.43445120196893,8.286002103723867,8.055835378620428,0.6905001753103223,0.5370556919080284,0.0,6336,239903.0,3539,145214.0,775,24402.0,591,20932.0,0,486.11212341846687,271.52001338035893,59.45973731838886,45.34284484537783,12,5,2,,,,,,0,0,0.920666900413763,0.3836112085057346,0.1534444834022938,,,,,,0,0,0,0,0,0,1,1,0,0.0,1.0,0,,
1501451,Belterra,Não,0,Não,0.0,-,Não,,0.0,,not_available_in_munic_2023_questionnaire,0,3,18099,340,73,110,45,6,39,2,2,0,2,4,1878.556826343997,403.3372009503288,607.768384993646,248.6325211337643,33.15100281783524,215.4815183159291,11.050334272611746,11.050334272611746,3,25,13,1,1,0,0,1,138.12917840764683,71.82717277197635,5.525167136305873,5.525167136305873,0.0,0.0,50,957.0,27,1092.0,3,100.0,1,40.0,0,276.25835681529367,149.17951268025857,16.57550140891762,5.525167136305873,1,1,0,,,,,,0,0,5.525167136305873,5.525167136305873,0.0,,,,,,0,0,0,0,0,0,1,1,0,0.0,1.0,0,,
1501501,Benevides,Não,0,Não,0.0,Sim,Não,1.0,0.0,,not_available_in_munic_2023_questionnaire,1,4,63567,2303,290,438,182,22,160,4,1,0,1,4,3622.949014425724,456.2115563106643,689.0367643588654,286.3120801673824,34.60915254770557,251.70292761967687,6.292573190491923,1.5731432976229809,3,50,18,4,1,2,0,0,78.65716488114903,28.316579357213648,6.292573190491923,1.5731432976229809,3.1462865952459613,0.0,94,2252.0,79,2984.0,15,610.0,26,907.0,0,147.87546997656017,124.27832051221546,23.597149464344707,40.90172573819749,2,1,0,,,,,,0,0,3.1462865952459613,1.5731432976229809,0.0,,,,,,4,1,0,0,0,1,0,1,1,1.0,0.0,1,,
1501576,Bom Jesus do Tocantins,Não,0,Não,0.0,-,Sim,,1.0,,not_available_in_munic_2023_questionnaire,1,3,18005,350,92,118,48,3,45,1,1,0,1,4,1943.904470980284,510.96917522910303,655.3735073590669,266.59261316301024,16.66203832268814,249.93057484032207,5.55401277422938,5.55401277422938,2,27,7,2,1,0,0,1,149.9583449041933,38.87808941960567,11.10802554845876,5.55401277422938,0.0,0.0,19,678.0,16,610.0,5,200.0,2,80.0,0,105.52624271035825,88.86420438767009,27.770063871146903,11.10802554845876,3,1,0,,,,,,0,0,16.66203832268814,5.55401277422938,0.0,,,,,,0,0,0,0,0,0,1,1,0,0.0,1.0,0,,
1501600,Bonito,Não,0,Não,0.0,-,Não,,0.0,,not_available_in_munic_2023_questionnaire,0,3,12622,188,44,60,25,6,19,0,0,0,0,4,1489.4628426556806,348.59768657898906,475.3604816986215,198.0668673744256,47.53604816986215,150.53081920456344,0.0,0.0,3,22,9,0,0,1,0,2,174.29884328949453,71.30407225479321,0.0,0.0,7.922674694977024,0.0,19,530.0,21,898.0,1,32.0,2,100.0,0,150.53081920456344,166.3761685945175,7.922674694977024,15.845349389954048,1,1,0,,,,,,0,0,7.922674694977024,7.922674694977024,0.0,,,,,,1,0,0,0,0,1,0,1,1,1.0,0.0,1,,
1501709,Bragança,Sim,1,Sim,1.0,-,Sim,,1.0,,not_available_in_munic_2023_questionnaire,3,3,123082,3413,442,685,217,23,194,3,1,0,1,4,2772.9481158902195,359.1101867047984,556.5395427438618,176.30522740936937,18.68672917242164,157.61849823694772,2.437399457272388,0.8124664857574625,0,134,42,10,3,1,0,0,108.87050909149998,34.123592401813426,8.124664857574626,2.437399457272388,0.8124664857574625,0.0,251,7696.0,221,10847.0,30,1284.0,43,1611.0,0,203.9290879251231,179.5550933523992,24.37399457272388,34.93605888757089,4,1,1,,,,,,0,0,3.24986594302985,0.8124664857574625,0.8124664857574625,,,,,,0,0,0,0,0,0,1,1,0,0.0,1.0,0,,
1501725,Brasil Novo,Não,0,Não,0.0,-,Não,,0.0,,not_available_in_munic_2023_questionnaire,0,3,24718,413,116,171,91,11,80,2,0,0,0,4,1670.8471559187635,469.2936321708876,691.8035439760498,368.1527631685411,44.50198236103245,323.6507808075087,8.091269520187717,0.0,3,40,13,4,1,1,0,0,161.82539040375434,52.59325188122016,16.182539040375435,4.045634760093859,4.045634760093859,0.0,22,736.0,25,968.0,5,230.0,2,104.0,0,89.0039647220649,101.14086900234646,20.228173800469293,8.091269520187717,1,1,0,,,,,,0,0,4.045634760093859,4.045634760093859,0.0,,,,,,1,0,0,0,0,1,0,1,1,1.0,0.0,1,,
1501758,Brejo Grande do Araguaia,Não,0,Não,0.0,-,Sim,,1.0,,not_available_in_munic_2023_questionnaire,1,3,6783,121,47,64,14,2,12,2,0,0,0,4,1783.8714433141677,692.9087424443462,943.5353088603864,206.39834881320948,29.48547840188707,176.91287041132244,29.48547840188707,0.0,2,16,9,1,0,0,0,2,235.88382721509657,132.68465280849182,14.742739200943536,0.0,0.0,0.0,8,257.0,15,600.0,1,20.0,1,20.0,0,117.94191360754829,221.14108801415304,14.742739200943536,14.742739200943536,1,1,0,,,,,,0,0,14.742739200943536,14.742739200943536,0.0,,,,,,0,0,0,0,0,0,1,1,0,0.0,1.0,0,,
1501782,Breu Branco,Sim,1,Não,0.0,-,Não,,0.0,,not_available_in_munic_2023_questionnaire,1,3,45712,811,205,274,98,14,84,3,0,0,0,4,1774.1512075603782,448.4599229961498,599.4049702485124,214.3857192859643,30.62653132656633,183.759187959398,6.562828141407071,0.0,2,57,22,4,1,1,0,0,124.69373468673432,48.12740637031852,8.750437521876094,2.1876093804690235,2.1876093804690235,0.0,50,1669.0,99,4168.0,3,120.0,9,372.0,0,109.38046902345118,216.57332866643333,6.562828141407071,19.68848442422121,3,1,0,,,,,,0,0,6.562828141407071,2.1876093804690235,0.0,,,,,,1,0,0,0,0,1,0,1,1,1.0,0.0,1,,
1501808,Breves,Sim,1,Sim,1.0,-,Sim,,1.0,,not_available_in_munic_2023_questionnaire,3,3,106968,2808,451,704,308,61,247,5,2,0,2,4,2625.0841373120934,421.6214194899409,658.140752374542,287.9365791638621,57.02640041881684,230.91017874504524,4.674295116296463,1.869718046518585,0,124,47,4,3,1,0,0,115.92251888415228,43.938374093186745,3.73943609303717,2.8045770697778774,0.9348590232592924,0.0,198,5839.0,132,5816.0,24,1028.0,20,818.0,0,185.10208660534,123.4013910702266,22.43661655822302,18.69718046518585,5,1,0,,,,,,0,0,4.674295116296463,0.9348590232592924,0.0,,,,,,3,1,1,0,0,1,0,1,1,1.0,0.0,1,,
1501907,Bujaru,Não,0,Não,0.0,Sim,Sim,1.0,1.0,,not_available_in_munic_2023_questionnaire,2,4,24383,415,86,133,72,13,59,1,0,0,0,4,1702.0054956322028,352.7047533117336,545.4620022146578,295.2877004470328,53.31583480293647,241.9718656440963,4.101218061764344,0.0,2,32,13,4,1,1,0,0,131.238977976459,53.31583480293647,16.404872247057376,4.101218061764344,4.101218061764344,0.0,34,1048.0,23,1004.0,3,110.0,7,190.0,0,139.4414140999877,94.3280154205799,12.303654185293032,28.708526432350407,1,1,0,,,,,,0,0,4.101218061764344,4.101218061764344,0.0,,,,,,0,0,0,0,0,0,1,1,0,0.0,1.0,0,,
1501956,Cachoeira do Piriá,Não,0,Não,0.0,-,Não,,0.0,,not_available_in_munic_2023_questionnaire,0,3,19630,192,60,78,48,9,39,2,0,0,0,4,978.09475292919,305.65461029037186,397.35099337748346,244.5236882322975,45.848191543555785,198.67549668874173,10.188487009679063,0.0,3,31,19,1,1,0,0,1,157.92154865002547,96.7906265919511,5.094243504839532,5.094243504839532,0.0,0.0,19,593.0,27,1100.0,4,150.0,6,200.0,0,96.7906265919511,137.54457463066734,20.376974019358126,30.565461029037188,1,1,0,,,,,,0,0,5.094243504839532,5.094243504839532,0.0,,,,,,0,0,0,0,0,0,1,1,0,0.0,1.0,0,,
1502004,Cachoeira do Arari,Não,0,Não,0.0,Sim,Sim,1.0,1.0,,not_available_in_munic_2023_questionnaire,2,4,23981,597,136,256,83,4,79,1,0,0,0,4,2489.4708310746005,567.1156332096243,1067.5117801592928,346.1073349735207,16.67987156498895,329.42746340853176,4.1699678912472375,0.0,2,22,15,1,0,0,0,2,91.73929360743922,62.54951836870856,4.1699678912472375,0.0,0.0,0.0,15,562.0,19,804.0,1,40.0,2,60.0,0,62.54951836870856,79.22938993369752,4.1699678912472375,8.339935782494475,1,1,0,,,,,,0,0,4.1699678912472375,4.1699678912472375,0.0,,,,,,1,0,0,0,0,1,0,1,1,1.0,0.0,1,,
1502103,Cametá,Sim,1,Sim,1.0,-,Sim,,1.0,,not_available_in_munic_2023_questionnaire,3,3,134184,2871,513,859,268,47,221,5,3,0,3,4,2139.599356108031,382.3108567340368,640.1657425624516,199.7257497168068,35.02653073391761,164.69921898288916,3.7262266738210217,2.235736004292613,0,209,36,4,1,1,0,0,155.75627496571872,26.828832051511355,2.9809813390568176,0.7452453347642044,0.7452453347642044,0.0,153,5955.0,207,8236.0,18,666.0,44,1604.0,0,114.02253621892328,154.2657842961903,13.414416025755678,32.79079472962499,8,1,0,,,,,,0,0,5.961962678113635,0.7452453347642044,0.0,,,,,,2,0,0,0,0,1,0,1,1,1.0,0.0,1,,
1502152,Canaã dos Carajás,Sim,1,Sim,1.0,Sim,Sim,1.0,1.0,,not_available_in_munic_2023_questionnaire,4,4,77079,2422,625,840,217,33,184,12,1,0,1,4,3142.230698374395,810.8563940891812,1089.7909936558594,281.52934002776374,42.81321760790877,238.7161224198549,15.56844276651228,1.29737023054269,0,311,16,7,1,0,0,1,403.48214169877656,20.75792368868304,9.08159161379883,1.29737023054269,0.0,0.0,361,15047.0,210,8084.0,70,2866.0,19,731.0,0,468.3506532259111,272.44774841396486,90.8159161379883,24.650034380311112,3,1,0,,,,,,0,0,3.89211069162807,1.29737023054269,0.0,,,,,,3,1,0,0,0,1,0,1,1,1.0,0.0,1,,
1502202,Capanema,Sim,1,Sim,1.0,-,Sim,,1.0,,not_available_in_munic_2023_questionnaire,3,3,70394,1682,309,416,110,13,97,8,1,0,1,4,2389.4081881978577,438.9578657271927,590.959456771884,156.26331789641162,18.46748302412137,137.79583487229024,11.364604937920848,1.4205756172401058,0,135,25,12,1,1,0,0,191.77770832741427,35.514390431002646,17.046907406881267,1.4205756172401058,1.4205756172401058,0.0,291,6330.0,165,7384.0,34,1029.0,27,1009.0,0,413.38750461687073,234.39497684461745,48.2995709861636,38.35554166548285,2,1,0,,,,,,0,0,2.841151234480212,1.4205756172401058,0.0,,,,,,3,1,0,0,0,1,0,1,1,1.0,0.0,1,,
1502301,Capitão Poço,Não,0,Não,0.0,Sim,Sim,1.0,1.0,,not_available_in_munic_2023_questionnaire,2,4,56506,664,165,242,94,17,77,3,0,0,0,4,1175.0964499345205,292.0043889144516,428.2731037411956,166.35401550277848,30.085300676034404,136.26871482674406,5.309170707535483,0.0,2,54,22,4,1,1,0,0,95.5650727356387,38.93391852192688,7.078894276713977,1.7697235691784945,1.7697235691784945,0.0,54,1757.0,47,2246.0,7,270.0,6,240.0,0,95.5650727356387,83.17700775138924,12.38806498424946,10.618341415070963,1,1,0,,,,,,0,0,1.7697235691784945,1.7697235691784945,0.0,,,,,,0,0,0,0,0,0,1,1,0,0.0,1.0,0,,
1502400,Castanhal,Não,0,Sim,1.0,-,Não,,0.0,,not_available_in_munic_2023_questionnaire,1,3,192256,9066,1159,1563,460,94,366,10,1,0,1,4,4715.5875499334215,602.8420439414114,812.9785286284953,239.26431424766977,48.89314247669774,190.37117177097204,5.201398135818908,0.5201398135818909,2,284,77,11,1,2,0,0,147.71970705725698,40.05076564580559,5.721537949400799,0.5201398135818909,1.0402796271637818,0.0,692,18194.0,416,18469.0,61,2285.0,59,2157.0,0,359.93675099866846,216.37816245006653,31.728528628495344,30.68824900133156,7,1,0,,,,,,0,0,3.640978695073236,0.5201398135818909,0.0,,,,,,9,5,2,1,1,1,0,1,1,1.0,0.0,1,,
1502509,Chaves,Sim,1,Não,0.0,Sim,Sim,1.0,1.0,,not_available_in_munic_2023_questionnaire,3,4,20757,227,54,101,65,9,56,0,0,0,0,4,1093.6069759599172,260.153201329672,486.582839524016,313.14737197090136,43.35886688827865,269.78850508262275,0.0,0.0,1,29,20,1,0,0,0,2,139.71190441778677,96.35303752950811,4.817651876475407,0.0,0.0,0.0,19,668.0,28,1240.0,2,80.0,1,40.0,0,91.5353856530327,134.89425254131135,9.635303752950811,4.817651876475407,1,1,0,,,,,,0,0,4.817651876475407,4.817651876475407,0.0,,,,,,1,0,0,0,0,1,0,1,1,1.0,0.0,1,,
1502608,Colares,Não,0,Não,0.0,Não,Não,0.0,0.0,,not_available_in_munic_2023_questionnaire,0,4,12868,216,49,75,32,10,22,0,0,0,0,4,1678.5825303077402,380.7895554864781,582.8411563568542,248.67889337892444,77.7121541809139,170.96673919801057,0.0,0.0,4,22,16,0,0,0,0,3,170.96673919801057,124.33944668946222,0.0,0.0,0.0,0.0,15,280.0,16,652.0,2,70.0,5,140.0,0,116.56823127137083,124.33944668946222,15.542430836182778,38.85607709045695,1,0,0,,,,,,0,1,7.771215418091389,0.0,0.0,,,,,,1,0,0,0,0,1,0,1,1,1.0,0.0,1,,
1502707,Conceição do Araguaia,Sim,1,Não,0.0,Sim,Sim,1.0,1.0,,not_available_in_munic_2023_questionnaire,3,4,44617,1246,333,468,96,17,79,8,0,0,0,4,2792.6575072281867,746.3522872447722,1048.927538830491,215.16462334984425,38.10206871820158,177.06255463164263,17.930385279153686,0.0,1,121,22,8,1,0,0,1,271.1970773471995,49.30855951767264,17.930385279153686,2.2412981598942108,0.0,0.0,124,4626.0,108,3754.0,20,610.0,9,310.0,0,277.9209718268821,242.0602012685748,44.82596319788421,20.171683439047897,2,1,0,,,,,,0,0,4.4825963197884215,2.2412981598942108,0.0,,,,,,0,0,0,0,0,0,1,1,0,0.0,1.0,0,,
1502756,Concórdia do Pará,Sim,1,Sim,1.0,Sim,Sim,1.0,1.0,,not_available_in_munic_2023_questionnaire,4,4,26881,802,161,237,86,15,71,2,0,0,0,4,2983.5199583348835,598.9360514861798,881.6636285852461,319.9285740857855,55.80149548007887,264.12707860570663,7.440199397343849,0.0,0,27,9,2,1,0,0,1,100.44269186414196,33.48089728804732,7.440199397343849,3.7200996986719246,0.0,0.0,28,766.0,24,950.0,5,184.0,5,154.0,0,104.1627915628139,89.28239276812619,18.600498493359623,18.600498493359623,1,1,0,,,,,,0,0,3.7200996986719246,3.7200996986719246,0.0,,,,,,0,0,0,0,0,0,1,1,0,0.0,1.0,0,,
1502764,Cumaru do Norte,Não,0,Não,0.0,-,Não,,0.0,,not_available_in_munic_2023_questionnaire,0,3,14036,223,94,135,23,5,18,4,0,0,0,4,1588.7717298375603,669.7064690795098,961.8124821886576,163.86434881732686,35.62268452550584,128.24166429182105,28.49814762040468,0.0,3,24,10,2,1,0,0,1,170.98888572242805,71.24536905101168,14.249073810202338,7.124536905101169,0.0,0.0,21,618.0,23,910.0,2,60.0,2,110.0,0,149.61527500712452,163.86434881732686,14.249073810202338,14.249073810202338,1,1,0,,,,,,0,0,7.124536905101169,7.124536905101169,0.0,,,,,,0,0,0,0,0,0,1,1,0,0.0,1.0,0,,
1502772,Curionópolis,Não,0,Não,0.0,Sim,Não,1.0,0.0,,not_available_in_munic_2023_questionnaire,1,4,19950,442,109,164,46,9,37,3,1,0,1,4,2215.5388471177944,546.3659147869674,822.0551378446116,230.5764411027569,45.11278195488722,185.4636591478697,15.037593984962406,5.012531328320803,3,27,10,2,1,0,0,1,135.33834586466165,50.12531328320802,10.025062656641603,5.012531328320803,0.0,0.0,76,2468.0,39,1580.0,10,300.0,3,120.0,0,380.95238095238096,195.4887218045113,50.12531328320802,15.037593984962406,2,1,0,,,,,,0,0,10.025062656641603,5.012531328320803,0.0,,,,,,0,0,0,0,0,0,1,1,0,0.0,1.0,0,,
1502806,Curralinho,Não,0,Não,0.0,-,Não,,0.0,,not_available_in_munic_2023_questionnaire,0,3,33903,899,134,264,84,23,61,2,0,0,0,4,2651.682741940241,395.2452585316933,778.6921511370675,247.76568445270328,67.84060407633542,179.92508037636787,5.899182963159602,0.0,3,27,16,2,1,0,0,1,79.63897000265463,47.19346370527682,5.899182963159602,2.949591481579801,0.0,0.0,37,1079.0,32,1280.0,3,120.0,5,180.0,0,109.13488481845263,94.38692741055364,8.848774444739403,14.747957407899005,1,1,0,,,,,,0,0,2.949591481579801,2.949591481579801,0.0,,,,,,1,0,0,0,0,1,0,1,1,1.0,0.0,1,,
1502855,Curuá,Não,0,Não,0.0,Sim,Sim,1.0,1.0,,not_available_in_munic_2023_questionnaire,2,4,14117,230,52,89,18,3,15,0,0,0,0,4,1629.2413402280936,368.350216051569,630.4455620882624,127.50584401785082,21.250974002975138,106.25487001487568,0.0,0.0,2,18,10,1,0,0,0,2,127.50584401785082,70.83658000991713,7.083658000991712,0.0,0.0,0.0,9,348.0,19,770.0,1,40.0,1,30.0,0,63.75292200892541,134.58950201884252,7.083658000991712,7.083658000991712,1,1,0,,,,,,0,0,7.083658000991712,7.083658000991712,0.0,,,,,,0,0,0,0,0,0,1,1,0,0.0,1.0,0,,
1502905,Curuçá,Não,0,Não,0.0,Sim,Sim,1.0,1.0,,not_available_in_munic_2023_questionnaire,2,4,41262,937,124,210,73,12,61,4,1,0,1,4,2270.8545392855413,300.51863700256894,508.9428529882216,176.91822984828656,29.08244874218409,147.83578110610244,9.69414958072803,2.423537395182008,2,35,17,2,1,0,0,1,84.82380883137027,41.20013571809413,4.847074790364015,2.423537395182008,0.0,0.0,34,1002.0,35,1430.0,4,165.0,3,100.0,0,82.40027143618826,84.82380883137027,9.69414958072803,7.270612185546023,1,1,0,,,,,,0,0,2.423537395182008,2.423537395182008,0.0,,,,,,0,0,0,0,0,0,1,1,0,0.0,1.0,0,,
1502939,Dom Eliseu,Não,0,Não,0.0,Sim,Sim,1.0,1.0,,not_available_in_munic_2023_questionnaire,2,4,58484,654,102,171,119,12,107,6,1,0,1,4,1118.254565351207,174.4066753300048,292.3876615826551,203.47445455167227,20.51843239176527,182.9560221599069,10.259216195882637,1.7098693659804391,2,55,16,4,1,1,0,0,94.04281512892416,27.357909855687023,6.839477463921757,1.7098693659804391,1.7098693659804391,0.0,50,1421.0,52,2079.0,3,125.0,4,160.0,0,85.49346829902196,88.91320703098283,5.129608097941317,6.839477463921757,4,1,0,,,,,,0,0,6.839477463921757,1.7098693659804391,0.0,,,,,,3,1,0,1,0,1,0,1,1,1.0,0.0,1,,
1502954,Eldorado do Carajás,Sim,1,Não,0.0,Sim,Sim,1.0,1.0,,not_available_in_munic_2023_questionnaire,3,4,28192,513,136,191,88,14,74,4,3,0,3,4,1819.6651532349604,482.40635641316686,677.4971623155504,312.14528944381385,49.659477866061295,262.48581157775254,14.188422247446084,10.641316685584563,1,37,11,3,1,0,0,1,131.24290578887627,39.01816118047673,10.641316685584563,3.547105561861521,0.0,0.0,34,957.0,21,844.0,5,128.0,5,185.0,0,120.60158910329172,74.48921679909193,17.735527809307605,17.735527809307605,2,1,0,,,,,,0,0,7.094211123723042,3.547105561861521,0.0,,,,,,0,0,0,0,0,0,1,1,0,0.0,1.0,0,,
1503002,Faro,Não,0,Não,0.0,-,Sim,,1.0,,not_available_in_munic_2023_questionnaire,1,3,8728,261,87,135,56,12,44,0,0,0,0,4,2990.3758020164987,996.7919340054996,1546.7461044912925,641.6131989000917,137.4885426214482,504.1246562786435,0.0,0.0,2,14,10,1,0,0,0,2,160.40329972502292,114.5737855178735,11.457378551787352,0.0,0.0,0.0,9,259.0,18,716.0,2,60.0,2,90.0,0,103.11640696608616,206.2328139321723,22.914757103574704,22.914757103574704,1,1,0,,,,,,0,0,11.457378551787352,11.457378551787352,0.0,,,,,,1,0,0,0,0,1,0,1,1,1.0,0.0,1,,
1503044,Floresta do Araguaia,Não,0,Não,0.0,-,Sim,,1.0,,not_available_in_munic_2023_questionnaire,1,3,17898,304,81,118,73,8,65,7,3,0,3,4,1698.5138004246285,452.5645323499832,659.2915409542966,407.8668007598614,44.697731590121805,363.16906916973966,39.11051514135658,16.761649346295677,2,30,15,2,1,0,0,1,167.61649346295675,83.80824673147838,11.174432897530451,5.587216448765226,0.0,0.0,27,777.0,25,1178.0,3,110.0,3,134.0,0,150.85484411666107,139.68041121913063,16.761649346295677,16.761649346295677,1,1,0,,,,,,0,0,5.587216448765226,5.587216448765226,0.0,,,,,,0,0,0,0,0,0,1,1,0,0.0,1.0,0,,
1503077,Garrafão do Norte,Sim,1,Não,0.0,-,Sim,,1.0,,not_available_in_munic_2023_questionnaire,2,3,24703,359,102,133,66,6,60,6,3,0,3,4,1453.2647856535643,412.9053151439096,538.3961462170587,267.1740274460592,24.288547949641742,242.88547949641747,24.288547949641742,12.144273974820871,1,30,19,2,1,0,0,1,121.44273974820874,76.91373517386553,8.09618264988058,4.04809132494029,0.0,0.0,21,728.0,34,1530.0,3,110.0,1,60.0,0,85.00991782374611,137.6351050479699,12.144273974820871,4.04809132494029,1,1,0,,,,,,0,0,4.04809132494029,4.04809132494029,0.0,,,,,,1,0,0,0,0,1,0,1,1,1.0,0.0,1,,
1503093,Goianésia do Pará,Não,0,Não,0.0,-,Sim,,1.0,,not_available_in_munic_2023_questionnaire,1,3,26362,479,99,149,86,8,78,4,0,0,0,4,1817.0093316136863,375.54055079280784,565.2074956376603,326.2271451331462,30.34671117517639,295.8804339579698,15.173355587588196,0.0,2,47,21,2,1,0,0,1,178.2869281541613,79.66011683483802,7.586677793794098,3.793338896897049,0.0,0.0,34,815.0,53,1920.0,4,150.0,7,200.0,0,128.97352249449966,201.0469615355436,15.173355587588196,26.55337227827934,1,1,0,,,,,,0,0,3.793338896897049,3.793338896897049,0.0,,,,,,0,0,0,0,0,0,1,1,0,0.0,1.0,0,,
1503101,Gurupá,Sim,1,Não,0.0,Sim,Sim,1.0,1.0,,not_available_in_munic_2023_questionnaire,3,4,31786,438,101,174,46,6,40,0,0,0,0,4,1377.965141886365,317.74995280941295,547.4108097904739,144.7178002894356,18.87623482036117,125.84156546907442,0.0,0.0,1,41,27,1,1,0,0,1,128.9876046058013,84.94305669162524,3.146039136726861,3.146039136726861,0.0,0.0,17,640.0,19,860.0,1,40.0,2,80.0,0,53.48266532435663,59.77474359781036,3.146039136726861,6.292078273453722,1,1,0,,,,,,0,0,3.146039136726861,3.146039136726861,0.0,,,,,,1,0,0,0,0,1,0,1,1,1.0,0.0,1,,
1503200,Igarapé-Açu,Não,0,Não,0.0,-,Não,,0.0,,not_available_in_munic_2023_questionnaire,0,3,35797,891,165,266,74,15,59,0,0,0,0,4,2489.0353940274326,460.9324803754504,743.079028968908,206.72123362292928,41.90295276140459,164.8182808615247,0.0,0.0,3,52,22,2,1,0,0,1,145.26356957286924,61.45766405006006,5.587060368187278,2.793530184093639,0.0,0.0,50,1571.0,59,2420.0,8,265.0,7,255.0,0,139.67650920468196,164.8182808615247,22.34824147274912,19.55471128865548,1,1,0,,,,,,0,0,2.793530184093639,2.793530184093639,0.0,,,,,,0,0,0,0,0,0,1,1,0,0.0,1.0,0,,
1503309,Igarapé-Miri,Sim,1,Não,0.0,-,Não,,0.0,,not_available_in_munic_2023_questionnaire,1,3,64831,1074,239,319,109,21,88,3,0,0,0,4,1656.6148910243558,368.65079977171416,492.0485570174762,168.1294442473508,32.39191127701254,135.73753297033826,4.627415896716077,0.0,2,44,18,4,1,0,0,1,67.86876648516913,27.764495380296463,6.169887862288102,1.5424719655720256,0.0,0.0,47,1582.0,48,1964.0,8,340.0,9,340.0,0,72.4961823818852,74.03865434745722,12.339775724576205,13.882247690148231,3,1,0,,,,,,0,0,4.627415896716077,1.5424719655720256,0.0,,,,,,0,0,0,0,0,0,1,1,0,0.0,1.0,0,,
1503408,Inhangapi,Sim,1,Não,0.0,-,Não,,0.0,,not_available_in_munic_2023_questionnaire,1,3,10325,221,40,78,47,6,41,0,0,0,0,4,2140.4358353510897,387.409200968523,755.4479418886199,455.2058111380145,58.11138014527845,397.094430992736,0.0,0.0,2,24,18,2,0,0,0,2,232.4455205811138,174.33414043583534,19.37046004842615,0.0,0.0,0.0,19,391.0,26,1030.0,2,50.0,2,60.0,0,184.01937046004844,251.81598062954,19.37046004842615,19.37046004842615,1,0,0,,,,,,0,1,9.685230024213077,0.0,0.0,,,,,,0,0,0,0,0,0,1,1,0,0.0,1.0,0,,
1503457,Ipixuna do Pará,Não,0,Não,0.0,Sim,Sim,1.0,1.0,,not_available_in_munic_2023_questionnaire,2,4,30329,723,189,273,78,12,66,3,1,0,1,4,2383.8570345214152,623.1659467836065,900.1285897985426,257.1795970852979,39.56609185927661,217.6135052260213,9.891522964819153,3.297174321606384,2,62,23,4,2,0,0,1,204.42480793959567,75.83500939694682,13.188697286425532,6.594348643212767,0.0,0.0,69,1727.0,52,2202.0,4,170.0,9,370.0,0,227.50502819084045,171.45306472353192,13.188697286425532,29.67456889445745,3,1,0,,,,,,0,0,9.891522964819153,3.297174321606384,0.0,,,,,,1,0,0,0,0,1,0,1,1,1.0,0.0,1,,
1503507,Irituia,Não,0,Não,0.0,Sim,Sim,1.0,1.0,,not_available_in_munic_2023_questionnaire,2,4,30955,399,83,118,53,13,40,4,1,0,1,4,1288.9678565659829,268.1311581327734,381.1985139718946,171.21628169924082,41.99644645453077,129.21983524471003,12.921983524471006,3.2304958811177515,2,29,16,2,1,1,0,0,93.6843805524148,51.687934097884025,6.460991762235503,3.2304958811177515,3.2304958811177515,0.0,42,1262.0,32,1333.0,3,160.0,10,410.0,0,135.68082700694558,103.37586819576804,9.691487643353256,32.304958811177514,2,1,0,,,,,,0,0,6.460991762235503,3.2304958811177515,0.0,,,,,,1,0,0,0,0,1,0,1,1,1.0,0.0,1,,
1503606,Itaituba,Sim,1,Sim,1.0,-,Sim,,1.0,,not_available_in_munic_2023_questionnaire,3,3,123314,4279,874,1231,390,78,312,13,2,0,2,4,3470.003405939309,708.759751528618,998.2645928280648,316.2657930162025,63.25315860324051,253.01263441296203,10.542193100540084,1.6218758616215514,0,117,30,7,1,1,0,0,94.87973790486076,24.328137924323272,5.67656551567543,0.8109379308107757,0.8109379308107757,0.0,224,4954.0,273,11898.0,13,519.0,20,704.0,0,181.65009650161377,221.38605511134176,10.542193100540084,16.218758616215517,4,1,0,,,,,,0,0,3.243751723243103,0.8109379308107757,0.0,,,,,,5,3,1,0,0,1,0,1,1,1.0,0.0,1,,
1503705,Itupiranga,Sim,1,Não,0.0,-,Sim,,1.0,,not_available_in_munic_2023_questionnaire,2,3,49754,889,221,302,87,13,74,3,0,0,0,4,1786.7910117779477,444.18539212927607,606.9863729549382,174.86031273867428,26.12855247819271,148.73176026048156,6.029665956506009,0.0,1,44,15,3,1,0,0,1,88.43510069542148,30.148329782530045,6.029665956506009,2.00988865216867,0.0,0.0,49,1296.0,55,1990.0,4,190.0,10,330.0,0,98.48454395626484,110.54387586927685,8.03955460867468,20.098886521686698,5,1,0,,,,,,0,0,10.049443260843349,2.00988865216867,0.0,,,,,,1,0,0,0,0,1,0,1,1,1.0,0.0,1,,
1503754,Jacareacanga,Não,0,Não,0.0,-,Sim,,1.0,,not_available_in_munic_2023_questionnaire,1,3,24042,329,88,129,41,7,34,3,0,0,0,4,1368.438565843108,366.02612095499546,536.5610182181183,170.53489726312287,29.11571416687464,141.41918309624825,12.478163214374844,0.0,2,47,11,1,0,0,0,2,195.49122369187256,45.75326511937443,4.159387738124948,0.0,0.0,0.0,22,723.0,53,2100.0,1,40.0,4,160.0,0,91.50653023874888,220.44755012062225,4.159387738124948,16.637550952499794,1,1,0,,,,,,0,0,4.159387738124948,4.159387738124948,0.0,,,,,,1,0,0,0,0,1,0,1,1,1.0,0.0,1,,
1503804,Jacundá,Sim,1,Não,0.0,-,Sim,,1.0,,not_available_in_munic_2023_questionnaire,2,3,37707,847,212,288,99,10,89,7,3,0,3,4,2246.2672713289307,562.229824700984,763.7839128013366,262.55072002545944,26.52027475004641,236.03044527541303,18.56419232503249,7.956082425013923,1,83,21,8,1,0,0,1,220.1182804253852,55.69257697509747,21.216219800037127,2.652027475004641,0.0,0.0,60,1697.0,42,1846.0,5,194.0,5,160.0,0,159.12164850027847,111.38515395019492,13.260137375023206,13.260137375023206,1,1,0,,,,,,0,0,2.652027475004641,2.652027475004641,0.0,,,,,,1,0,0,0,0,1,0,1,1,1.0,0.0,1,,
1503903,Juruti,Não,0,Não,0.0,-,Sim,,1.0,,not_available_in_munic_2023_questionnaire,1,3,50881,1659,317,479,143,26,117,3,0,0,0,4,3260.549124427586,623.0223462589179,941.412315009532,281.0479353786285,51.0996246142961,229.9483107643325,5.896110532418781,0.0,2,58,16,5,1,0,0,1,113.99147029342976,31.44592283956684,9.826850887364635,1.965370177472927,0.0,0.0,76,2557.0,69,2710.0,5,260.0,4,160.0,0,149.36813348794246,135.61054224563196,9.826850887364635,7.861480709891708,1,1,0,,,,,,0,0,1.965370177472927,1.965370177472927,0.0,,,,,,1,0,0,0,0,1,0,1,1,1.0,0.0,1,,
1504000,Limoeiro do Ajuru,Não,0,Não,0.0,-,Sim,,1.0,,not_available_in_munic_2023_questionnaire,1,3,29569,397,91,155,58,8,50,0,0,0,0,4,1342.6223409652,307.7547431431567,524.1976394196624,196.1513747505834,27.055362034563228,169.09601271602014,0.0,0.0,2,29,20,1,0,0,0,2,98.0756873752917,67.63840508640807,3.3819202543204034,0.0,0.0,0.0,19,785.0,37,1406.0,6,230.0,6,220.0,0,64.25648483208766,125.13104940985492,20.29152152592242,20.29152152592242,1,1,0,,,,,,0,0,3.3819202543204034,3.3819202543204034,0.0,,,,,,0,0,0,0,0,0,1,1,0,0.0,1.0,0,,
1504059,Mãe do Rio,Não,0,Não,0.0,-,Sim,,1.0,,not_available_in_munic_2023_questionnaire,1,3,34353,545,97,130,82,9,73,10,1,0,1,4,1586.4698861817017,282.3625302011469,378.4240095479289,238.6982214071552,26.198585276395075,212.49963613076008,29.10953919599453,2.9109539195994527,2,44,13,3,1,0,0,1,128.08197246237592,37.842400954792886,8.732861758798357,2.9109539195994527,0.0,0.0,58,1697.0,32,1245.0,9,300.0,6,190.0,0,168.83532733676824,93.15052542718249,26.198585276395075,17.465723517596714,1,1,0,,,,,,0,0,2.9109539195994527,2.9109539195994527,0.0,,,,,,1,0,0,0,0,1,0,1,1,1.0,0.0,1,,
1504109,Magalhães Barata,Não,0,Não,0.0,-,Sim,,1.0,,not_available_in_munic_2023_questionnaire,1,3,8115,144,31,48,24,1,23,0,0,0,0,4,1774.49168207024,382.0086260012323,591.4972273567467,295.7486136783734,12.322858903265557,283.4257547751078,0.0,0.0,2,18,11,0,0,0,0,3,221.81146025878,135.55144793592115,0.0,0.0,0.0,0.0,10,308.0,13,540.0,2,88.0,1,30.0,0,123.22858903265558,160.19716574245226,24.64571780653112,12.322858903265557,1,1,0,,,,,,0,0,12.322858903265557,12.322858903265557,0.0,,,,,,1,0,0,0,0,1,0,1,1,1.0,0.0,1,,
1504208,Marabá,Sim,1,Sim,1.0,-,Sim,,1.0,,not_available_in_munic_2023_questionnaire,3,3,266533,8314,1533,2154,523,106,417,33,8,0,8,4,3119.313555919905,575.163300604428,808.1550877377285,196.223356957675,39.76993467975823,156.4534222779168,12.381206079547374,3.001504504132696,0,492,25,17,1,4,0,0,184.59252700416084,9.379701575414677,6.37819707128198,0.375188063016587,1.500752252066348,0.0,840,32417.0,444,16948.0,140,5110.0,60,1926.0,0,315.15797293393314,166.58349997936466,52.526328822322185,22.511283780995225,6,2,0,,,,,,0,0,2.2511283780995224,0.750376126033174,0.0,,,,,,14,5,3,1,1,1,0,1,1,1.0,0.0,1,,
1504307,Maracanã,Não,0,Não,0.0,-,Sim,,1.0,,not_available_in_munic_2023_questionnaire,1,3,25971,554,115,189,75,13,62,3,1,0,1,4,2133.148511801625,442.80158638481385,727.7347811019984,288.78364329444383,50.05583150437026,238.7278117900736,11.551345731777753,3.850448577259251,2,31,21,2,0,0,0,2,119.36390589503677,80.85942012244426,7.700897154518502,0.0,0.0,0.0,39,1127.0,39,1552.0,4,140.0,8,197.0,0,150.1674945131108,150.1674945131108,15.401794309037005,30.80358861807401,2,1,0,,,,,,0,0,7.700897154518502,3.850448577259251,0.0,,,,,,1,0,0,0,0,1,0,1,1,1.0,0.0,1,,
1504406,Marapanim,Não,0,Não,0.0,-,Sim,,1.0,,not_available_in_munic_2023_questionnaire,1,3,26573,826,105,180,74,13,61,3,1,0,1,4,3108.418319346705,395.1379219508524,677.3792947728898,278.4781545177436,48.92183795581982,229.5563165619237,11.289654912881495,3.763218304293832,2,37,24,2,1,0,0,1,139.2390772588718,90.31723930305198,7.526436608587663,3.763218304293832,0.0,0.0,13,529.0,30,1252.0,2,80.0,4,160.0,0,48.92183795581982,112.89654912881495,7.526436608587663,15.052873217175328,1,1,0,,,,,,0,0,3.763218304293832,3.763218304293832,0.0,,,,,,1,0,0,0,0,1,0,1,1,1.0,0.0,1,,
1504422,Marituba,Não,0,Não,0.0,-,Sim,,1.0,,not_available_in_munic_2023_questionnaire,1,3,111785,4431,542,786,194,38,156,9,2,0,2,4,3963.85919398846,484.8593281746209,703.135483293823,173.54743480789014,33.99382743659704,139.5536073712931,8.05116965603614,1.7891488124524757,2,79,22,4,2,1,0,0,70.67137809187278,19.68063693697724,3.5782976249049514,1.7891488124524757,0.8945744062262379,0.0,270,7083.0,226,9046.0,37,1286.0,52,1686.0,0,241.53508968108423,202.17381580712976,33.099253030370804,46.51786912376437,4,1,0,,,,,,0,0,3.5782976249049514,0.8945744062262379,0.0,,,,,,6,3,1,1,0,1,0,1,1,1.0,0.0,1,,
1504455,Medicilândia,Não,0,Não,0.0,-,Sim,,1.0,,not_available_in_munic_2023_questionnaire,1,3,27094,427,111,162,90,9,81,7,2,0,2,4,1575.9946851701484,409.684801062966,597.9183583081125,332.17686572672915,33.21768657267292,298.95917915405624,25.83597844541227,7.381708127260649,2,30,12,2,1,0,0,1,110.72562190890972,44.29024876356389,7.381708127260649,3.690854063630325,0.0,0.0,30,792.0,29,1152.0,3,110.0,2,80.0,0,110.72562190890972,107.0347678452794,11.072562190890972,7.381708127260649,1,1,0,,,,,,0,0,3.690854063630325,3.690854063630325,0.0,,,,,,1,0,0,0,0,1,0,1,1,1.0,0.0,1,,
1504505,Melgaço,Sim,1,Não,0.0,-,Sim,,1.0,,not_available_in_munic_2023_questionnaire,2,3,27881,497,109,204,41,9,32,2,0,0,0,4,1782.5759477780568,390.94724005595214,731.6810731322406,147.0535490118719,32.28004734406944,114.77350166780244,7.173343854237652,0.0,1,17,10,1,1,0,0,1,60.973422761020046,35.866719271188266,3.586671927118826,3.586671927118826,0.0,0.0,16,663.0,22,1166.0,2,80.0,4,200.0,0,57.38675083390122,78.90678239661418,7.173343854237652,14.346687708475304,1,1,0,,,,,,0,0,3.586671927118826,3.586671927118826,0.0,,,,,,0,0,0,0,0,0,1,1,0,0.0,1.0,0,,
1504604,Mocajuba,Não,0,Não,0.0,-,Sim,,1.0,,not_available_in_munic_2023_questionnaire,1,3,27198,748,152,282,50,8,42,2,0,0,0,4,2750.202220751526,558.8646223987058,1036.8409441870726,183.83704684167952,29.413927494668727,154.4231193470108,7.353481873667182,0.0,2,24,9,1,1,0,0,1,88.24178248400618,33.09066843150232,3.676740936833591,3.676740936833591,0.0,0.0,35,1066.0,39,1574.0,4,160.0,6,190.0,0,128.68593278917567,143.39289653651005,14.706963747334363,22.060445621001545,1,1,0,,,,,,0,0,3.676740936833591,3.676740936833591,0.0,,,,,,1,0,0,0,0,1,0,1,1,1.0,0.0,1,,
1504703,Moju,Não,0,Não,0.0,-,Sim,,1.0,,not_available_in_munic_2023_questionnaire,1,3,84094,1536,312,432,251,32,219,4,2,0,2,4,1826.5274573691345,371.0133897781054,513.7108473850691,298.4755154945656,38.05265536185696,260.42286013270865,4.7565819202321205,2.37829096011606,2,43,19,2,1,2,0,0,51.13325564249531,22.593764121102577,2.37829096011606,1.18914548005803,2.37829096011606,0.0,67,2276.0,80,3620.0,8,280.0,8,380.0,0,79.67274716388803,95.13163840464242,9.51316384046424,9.51316384046424,5,1,0,,,,,,0,0,5.945727400290151,1.18914548005803,0.0,,,,,,0,0,0,0,0,0,1,1,0,0.0,1.0,0,,
1504752,Mojuí dos Campos,Não,0,Não,0.0,-,Não,,0.0,,not_available_in_munic_2023_questionnaire,0,3,23501,191,54,72,43,6,37,2,0,0,0,4,812.7313731330581,229.7774562784562,306.3699417046083,182.97093740691884,25.53082847538403,157.44010893153484,8.510276158461343,0.0,3,25,15,0,0,0,0,3,106.37845198076676,63.82707118846007,0.0,0.0,0.0,0.0,23,720.0,30,1190.0,2,80.0,2,60.0,0,97.86817582230545,127.65414237692012,8.510276158461343,8.510276158461343,1,1,0,,,,,,0,0,4.255138079230671,4.255138079230671,0.0,,,,,,0,0,0,0,0,0,1,1,0,0.0,1.0,0,,
1504802,Monte Alegre,Não,0,Não,0.0,-,Não,,0.0,,not_available_in_munic_2023_questionnaire,0,3,60012,994,261,357,121,20,101,0,0,0,0,4,1656.3353995867492,434.91301739652073,594.8810237952409,201.626341398387,33.32666799973339,168.2996733986536,0.0,0.0,3,74,46,2,1,0,0,1,123.30867159901352,76.65133639938678,3.332666799973339,1.6663333999866694,0.0,0.0,55,1716.0,64,2560.0,3,110.0,6,240.0,0,91.64833699926682,106.64533759914684,4.999000199960008,9.998000399920016,2,1,0,,,,,,0,0,3.332666799973339,1.6663333999866694,0.0,,,,,,1,0,0,0,0,1,0,1,1,1.0,0.0,1,,
1504901,Muaná,Não,0,Não,0.0,Não informou,Não informou,,,,not_available_in_munic_2023_questionnaire,0,2,45368,1000,242,385,128,27,101,1,0,0,0,4,2204.196790689473,533.4156233468524,848.6157644154471,282.1371892082525,59.51331334861577,222.6238758596368,2.2041967906894726,0.0,2,26,18,2,0,0,0,2,57.309116557926295,39.67554223241051,4.408393581378945,0.0,0.0,0.0,27,1141.0,32,1298.0,1,40.0,1,60.0,0,59.51331334861577,70.53429730206312,2.2041967906894726,2.2041967906894726,1,1,0,,,,,,0,0,2.2041967906894726,2.2041967906894726,0.0,,,,,,2,1,1,0,0,1,0,1,1,1.0,0.0,1,,
1504950,Nova Esperança do Piriá,Sim,1,Não,0.0,-,Sim,,1.0,,not_available_in_munic_2023_questionnaire,2,3,20478,274,75,95,60,10,50,1,0,0,0,4,1338.021291141713,366.246703779666,463.91249145424354,292.9973630237328,48.8328938372888,244.164469186444,4.88328938372888,0.0,1,24,10,2,1,0,0,1,117.19894520949312,48.8328938372888,9.76657876745776,4.88328938372888,0.0,0.0,21,690.0,23,1005.0,1,60.0,3,120.0,0,102.54907705830648,112.31565582576422,4.88328938372888,14.64986815118664,1,1,0,,,,,,0,0,4.88328938372888,4.88328938372888,0.0,,,,,,0,0,0,0,0,0,1,1,0,0.0,1.0,0,,
1504976,Nova Ipixuna,Sim,1,Não,0.0,Sim,Sim,1.0,1.0,,not_available_in_munic_2023_questionnaire,3,4,13955,216,49,75,42,7,35,2,0,0,0,4,1547.832318165532,351.1286277319957,537.4417771408098,300.96739519885347,50.16123253314224,250.80616266571124,14.331780723754928,0.0,1,19,8,2,0,0,0,2,136.15191687567182,57.32712289501971,14.331780723754928,0.0,0.0,0.0,29,802.0,20,760.0,3,110.0,3,90.0,0,207.8108204944465,143.31780723754926,21.49767108563239,21.49767108563239,1,1,0,,,,,,0,0,7.165890361877464,7.165890361877464,0.0,,,,,,0,0,0,0,0,0,1,1,0,0.0,1.0,0,,
1505007,Nova Timboteua,Não,0,Não,0.0,-,Não,,0.0,,not_available_in_munic_2023_questionnaire,0,3,12806,180,50,72,23,3,20,1,0,0,0,4,1405.591129158207,390.4419803217242,562.2364516632828,179.60331094799312,23.426518819303453,156.17679212868967,7.808839606434484,0.0,3,21,11,1,1,0,0,1,163.98563173512414,85.89723567077932,7.808839606434484,7.808839606434484,0.0,0.0,17,418.0,25,1054.0,1,45.0,2,75.0,0,132.75027330938622,195.2209901608621,7.808839606434484,15.617679212868968,1,1,0,,,,,,0,0,7.808839606434484,7.808839606434484,0.0,,,,,,1,0,0,0,0,1,0,1,1,1.0,0.0,1,,
1505031,Novo Progresso,Não,0,Não,0.0,-,Não,,0.0,,not_available_in_munic_2023_questionnaire,0,3,33638,993,275,379,121,21,100,7,0,2,0,4,2952.0185504488973,817.5277959450622,1126.70194422974,359.71223021582733,62.42939532671384,297.2828348891135,20.809798442237945,0.0,3,71,20,4,1,1,0,0,211.0708127712706,59.4565669778227,11.89131339556454,2.972828348891135,2.972828348891135,0.0,55,1513.0,56,2305.0,7,270.0,2,105.0,0,163.50555918901242,166.47838753790356,20.809798442237945,5.94565669778227,1,1,0,,,,,,0,0,2.972828348891135,2.972828348891135,0.0,,,,,,2,1,0,0,0,1,0,1,1,1.0,0.0,1,,
1505064,Novo Repartimento,Não,0,Não,0.0,Sim,Não,1.0,0.0,,not_available_in_munic_2023_questionnaire,1,4,60732,762,202,265,131,10,121,12,4,0,4,4,1254.692748468682,332.60883883290523,436.3432786669301,215.70177171836923,16.465784100638874,199.2359876177304,19.758940920766648,6.586313640255549,3,77,32,2,1,1,0,0,126.78653757491932,52.69050912204439,3.2931568201277743,1.6465784100638872,1.6465784100638872,0.0,84,2584.0,75,3019.0,6,245.0,9,300.0,0,138.31258644536655,123.49338075479154,9.879470460383324,14.819205690574984,3,1,0,,,,,,0,0,4.939735230191662,1.6465784100638872,0.0,,,,,,1,0,0,0,0,1,0,1,1,1.0,0.0,1,,
1505106,Óbidos,Não,0,Não,0.0,-,Não,,0.0,,not_available_in_munic_2023_questionnaire,0,3,52229,917,161,274,93,19,74,4,1,0,1,4,1755.729575523177,308.25786440483256,524.6127630243734,178.06199620900264,36.3782572900113,141.68373891899137,7.6585804821076415,1.9146451205269104,3,69,19,2,1,1,0,0,132.11051331635682,36.3782572900113,3.8292902410538208,1.9146451205269104,1.9146451205269104,0.0,79,1768.0,56,2217.0,8,300.0,5,185.0,0,151.25696452162592,107.22012674950696,15.317160964215285,9.573225602634553,2,1,0,,,,,,0,0,3.8292902410538208,1.9146451205269104,0.0,,,,,,0,0,0,0,0,0,1,1,0,0.0,1.0,0,,
1505205,Oeiras do Pará,Não,0,Não,0.0,-,Sim,,1.0,,not_available_in_munic_2023_questionnaire,1,3,33844,1240,234,383,126,18,108,3,2,0,2,4,3663.869518969389,691.4076350313202,1131.6629240042548,372.2964188630186,53.18520269471694,319.1112161683016,8.864200449119489,5.90946696607966,2,34,24,1,1,0,0,1,100.46093842335422,70.91360359295591,2.95473348303983,2.95473348303983,0.0,0.0,15,620.0,29,1326.0,2,80.0,4,185.0,0,44.32100224559745,85.68727100815507,5.90946696607966,11.81893393215932,1,1,0,,,,,,0,0,2.95473348303983,2.95473348303983,0.0,,,,,,1,0,0,0,0,1,0,1,1,1.0,0.0,1,,
1505304,Oriximiná,Sim,1,Não,0.0,-,Não,,0.0,,not_available_in_munic_2023_questionnaire,1,3,68294,2006,300,474,137,23,114,5,1,0,1,4,2937.3004949190267,439.277242510323,694.0580431663104,200.6032740797142,33.67792192579143,166.92535215392274,7.32128737517205,1.4642574750344102,2,73,22,6,1,0,0,1,106.89079567751196,32.21366445075702,8.785544850206461,1.4642574750344102,0.0,0.0,147,3666.0,137,5693.0,14,549.0,10,366.0,0,215.24584883005824,200.6032740797142,20.49960465048174,14.6425747503441,3,1,0,,,,,,0,0,4.392772425103231,1.4642574750344102,0.0,,,,,,1,0,0,0,0,1,0,1,1,1.0,0.0,1,,
1505403,Ourém,Não,0,Não,0.0,-,Não,,0.0,,not_available_in_munic_2023_questionnaire,0,3,17855,294,68,110,34,7,27,1,0,0,0,4,1646.5975917110052,380.8457014841781,616.0739288714647,190.42285074208905,39.20470456454775,151.2181461775413,5.6006720806496775,0.0,3,23,9,2,1,0,0,1,128.8154578549426,50.40604872584711,11.201344161299357,5.6006720806496775,0.0,0.0,23,799.0,14,604.0,3,100.0,2,80.0,0,128.8154578549426,78.4094091290955,16.802016241949033,11.201344161299357,2,1,0,,,,,,0,0,11.201344161299357,5.6006720806496775,0.0,,,,,,0,0,0,0,0,0,1,1,0,0.0,1.0,0,,
1505437,Ourilândia do Norte,Não,0,Não,0.0,Não,Não,0.0,0.0,,not_available_in_munic_2023_questionnaire,0,4,32467,596,106,156,79,11,68,7,2,0,2,4,1835.7101056457325,326.48535435981154,480.487880001232,243.3239905134444,33.880555641112515,209.4434348723319,21.560353589798872,6.160101025656822,4,81,14,5,1,0,0,1,249.48409153910129,43.120707179597744,15.40025256414205,3.080050512828411,0.0,0.0,252,6516.0,138,5512.0,12,337.0,12,343.0,0,776.1727292327594,425.0469707703207,36.96060615394092,36.96060615394092,1,1,0,,,,,,0,0,3.080050512828411,3.080050512828411,0.0,,,,,,1,0,0,0,0,1,0,1,1,1.0,0.0,1,,
1505486,Pacajá,Não,0,Não,0.0,-,Sim,,1.0,,not_available_in_munic_2023_questionnaire,1,3,41097,565,157,210,115,19,96,8,2,0,2,4,1374.79621383556,382.0230187118281,510.98620337250895,279.8257780373263,46.23208506703652,233.5936929702898,19.466141080857483,4.866535270214371,2,46,17,3,1,0,0,1,111.93031121493054,41.36554979682215,7.299802905321556,2.4332676351071854,0.0,0.0,32,1184.0,35,1380.0,3,120.0,3,120.0,0,77.86456432342993,85.1643672287515,7.299802905321556,7.299802905321556,1,1,0,,,,,,0,0,2.4332676351071854,2.4332676351071854,0.0,,,,,,1,0,0,0,0,1,0,1,1,1.0,0.0,1,,
1505494,Palestina do Pará,Não,0,Não,0.0,Sim,Sim,1.0,1.0,,not_available_in_munic_2023_questionnaire,2,4,6885,128,44,59,13,2,11,1,1,0,2,4,1859.114015976761,639.0704429920116,856.9353667392883,188.8162672476398,29.04865649963689,159.7676107480029,14.524328249818446,29.04865649963689,2,15,6,1,0,0,0,2,217.86492374727672,87.14596949891067,14.524328249818446,0.0,0.0,0.0,13,415.0,12,505.0,1,20.0,0,0.0,1,188.8162672476398,174.29193899782135,14.524328249818446,0.0,1,0,0,,,,,,0,1,14.524328249818446,0.0,0.0,,,,,,0,0,0,0,0,0,1,1,0,0.0,1.0,0,,
1505502,Paragominas,Não,0,Sim,1.0,-,Sim,,1.0,,not_available_in_munic_2023_questionnaire,2,3,105550,3112,557,764,292,47,245,17,7,0,7,4,2948.365703458077,527.7119848413074,723.8275698720985,276.6461392704879,44.52865940312648,232.11747986736145,16.106110847939366,6.631927996210327,1,156,35,9,1,1,0,0,147.797252486973,33.15963998105163,8.526764566556135,0.947418285172904,0.947418285172904,0.0,251,7965.0,169,6775.0,24,928.0,19,734.0,0,237.8019895783989,160.11369019422077,22.73803884414969,18.000947418285172,4,1,0,,,,,,0,0,3.789673140691616,0.947418285172904,0.0,,,,,,7,3,1,1,0,1,0,1,1,1.0,0.0,1,,
1505536,Parauapebas,Sim,1,Sim,1.0,-,Não,,0.0,,not_available_in_munic_2023_questionnaire,2,3,267836,7948,1470,2050,590,121,469,16,5,0,6,4,2967.4875670186234,548.8433220328858,765.3937484132081,220.2840544213623,45.17689929658447,175.10715512477785,5.973804865664063,2.240176824624024,1,622,29,21,1,2,0,0,232.23166415269048,10.827521319016114,7.8406188861840835,0.3733628041040039,0.7467256082080078,0.0,565,16707.0,376,14695.0,127,4389.0,80,2782.0,0,210.9499843187622,140.38441434310548,47.4170761212085,29.869024328320315,6,1,0,,,,,,0,0,2.240176824624024,0.3733628041040039,0.0,,,,,,4,2,1,1,0,1,0,1,1,1.0,0.0,1,,
1505551,Pau DArco,Não,0,Não,0.0,Sim,Não,1.0,0.0,,not_available_in_munic_2023_questionnaire,1,4,6931,112,31,55,12,0,12,0,0,0,0,4,1615.928437454913,447.2659067955562,793.5362862501804,173.13518972731208,0.0,173.13518972731208,0.0,0.0,3,21,5,2,0,0,0,2,302.98658202279614,72.13966238638004,28.85586495455201,0.0,0.0,0.0,20,455.0,20,854.0,1,20.0,1,40.0,0,288.5586495455201,288.5586495455201,14.427932477276007,14.427932477276007,1,0,0,,,,,,0,1,14.427932477276007,0.0,0.0,,,,,,0,0,0,0,0,0,1,1,0,0.0,1.0,0,,
1505601,Peixe-Boi,Não,0,Não,0.0,Sim,Não,1.0,0.0,,not_available_in_munic_2023_questionnaire,1,4,8285,139,37,49,19,1,18,2,0,0,0,4,1677.7308388654194,446.5902232951117,591.4302957151478,229.33011466505727,12.070006035003017,217.2601086300544,24.14001207000604,0.0,3,13,6,0,0,0,0,3,156.9100784550392,72.42003621001811,0.0,0.0,0.0,0.0,9,209.0,16,644.0,2,40.0,2,70.0,0,108.63005431502717,193.12009656004827,24.14001207000604,24.14001207000604,1,1,0,,,,,,0,0,12.070006035003017,12.070006035003017,0.0,,,,,,0,0,0,0,0,0,1,1,0,0.0,1.0,0,,
1505635,Piçarra,Não,0,Não,0.0,-,Sim,,1.0,,not_available_in_munic_2023_questionnaire,1,3,12832,119,57,76,16,3,13,0,0,0,0,4,927.3690773067332,444.2019950124688,592.2693266832918,124.68827930174564,23.379052369077307,101.30922693266832,0.0,0.0,2,27,13,1,0,0,0,2,210.41147132169576,101.30922693266832,7.793017456359102,0.0,0.0,0.0,20,568.0,20,847.0,2,65.0,0,0.0,1,155.86034912718205,155.86034912718205,15.586034912718205,0.0,1,0,0,,,,,,0,1,7.793017456359102,0.0,0.0,,,,,,0,0,0,0,0,0,1,1,0,0.0,1.0,0,,
1505650,Placas,Não,0,Não,0.0,-,Sim,,1.0,,not_available_in_munic_2023_questionnaire,1,3,18668,318,90,119,47,3,44,2,1,0,1,4,1703.4497535890291,482.10842082708376,637.454467538033,251.767730876366,16.07028069423613,235.69745018212984,10.713520462824084,5.356760231412042,2,21,6,2,2,0,0,1,112.49196485965288,32.14056138847226,10.713520462824084,10.713520462824084,0.0,0.0,26,742.0,28,1248.0,2,104.0,2,100.0,0,139.2757660167131,149.98928647953716,10.713520462824084,10.713520462824084,1,1,0,,,,,,0,0,5.356760231412042,5.356760231412042,0.0,,,,,,0,0,0,0,0,0,1,1,0,0.0,1.0,0,,
1505700,Ponta de Pedras,Sim,1,Não,0.0,Sim,Sim,1.0,1.0,,not_available_in_munic_2023_questionnaire,3,4,24984,832,172,300,80,14,66,1,0,0,0,4,3330.1312840217743,688.4406019852705,1200.7684918347743,320.2049311559398,56.03586295228947,264.16906820365034,4.002561639449247,0.0,1,16,7,1,0,0,0,2,64.04098623118796,28.01793147614473,4.002561639449247,0.0,0.0,0.0,20,794.0,22,920.0,2,90.0,3,110.0,0,80.05123278898495,88.05635606788344,8.005123278898495,12.007684918347742,1,1,0,,,,,,0,0,4.002561639449247,4.002561639449247,0.0,,,,,,1,0,0,0,0,1,0,1,1,1.0,0.0,1,,
1505809,Portel,Não,0,Não,0.0,-,Não,,0.0,,not_available_in_munic_2023_questionnaire,0,3,62503,1416,186,347,179,28,151,3,1,0,1,4,2265.491256419692,297.58571588563746,555.1733516791194,286.38625345983394,44.79784970321425,241.58840375661967,4.799769611058669,1.5999232036862232,3,51,29,7,1,0,0,1,81.59608338799738,46.39777290690047,11.199462425803562,1.5999232036862232,0.0,0.0,46,1555.0,63,2530.0,7,290.0,8,345.0,0,73.59646736956626,100.79516183223208,11.199462425803562,12.799385629489786,3,1,0,,,,,,0,0,4.799769611058669,1.5999232036862232,0.0,,,,,,1,0,0,0,0,1,0,1,1,1.0,0.0,1,,
1505908,Porto de Moz,Sim,1,Não,0.0,-,Sim,,1.0,,not_available_in_munic_2023_questionnaire,2,3,40597,820,155,253,71,13,58,4,1,0,1,4,2019.8536837697368,381.8016109564746,623.1987585289553,174.88977018006258,32.02207059634948,142.8676995837131,9.852944798876765,2.463236199719191,1,37,21,1,1,0,0,1,91.13973938961009,51.72796019410302,2.463236199719191,2.463236199719191,0.0,0.0,19,756.0,24,1112.0,4,200.0,4,170.0,0,46.80148779466463,59.11766879326058,9.852944798876765,9.852944798876765,3,1,0,,,,,,0,0,7.389708599157573,2.463236199719191,0.0,,,,,,1,0,0,0,0,1,0,1,1,1.0,0.0,1,,
1506005,Prainha,Não,0,Não,0.0,-,Sim,,1.0,,not_available_in_munic_2023_questionnaire,1,3,35577,594,128,220,70,14,56,2,1,0,1,4,1669.6180116367316,359.7830058745819,618.3770413469376,196.756331337662,39.3512662675324,157.40506507012958,5.621609466790342,2.810804733395171,2,31,20,0,1,1,0,1,87.13494673525031,56.21609466790343,0.0,2.810804733395171,2.810804733395171,0.0,19,735.0,33,1644.0,2,90.0,2,80.0,0,53.40528993450825,92.75655620204064,5.621609466790342,5.621609466790342,2,1,0,,,,,,0,0,5.621609466790342,2.810804733395171,0.0,,,,,,1,0,0,0,0,1,0,1,1,1.0,0.0,1,,
1506104,Primavera,Não,0,Não,0.0,-,Sim,,1.0,,not_available_in_munic_2023_questionnaire,1,3,10851,209,60,86,24,4,20,0,0,0,0,4,1926.089761312321,552.944429084877,792.5536816883236,221.1777716339508,36.8629619389918,184.314809694959,0.0,0.0,2,25,6,0,1,0,0,2,230.3935121186988,55.294442908487696,0.0,9.215740484747949,0.0,0.0,12,424.0,16,670.0,1,50.0,1,40.0,0,110.5888858169754,147.45184775596718,9.215740484747949,9.215740484747949,1,1,0,,,,,,0,0,9.215740484747949,9.215740484747949,0.0,,,,,,1,0,0,0,0,1,0,1,1,1.0,0.0,1,,
1506112,Quatipuru,Não,0,Não,0.0,-,Não,,0.0,,not_available_in_munic_2023_questionnaire,0,3,11524,269,62,89,22,7,15,1,0,0,0,4,2334.258937868796,538.0076362374176,772.3012842762929,190.9059354390837,60.74279763970844,130.16313779937522,8.677542519958347,0.0,3,16,9,0,0,0,0,3,138.84068031933356,78.09788267962513,0.0,0.0,0.0,0.0,8,290.0,14,560.0,1,40.0,2,84.0,0,69.42034015966678,121.48559527941688,8.677542519958347,17.355085039916695,1,1,0,,,,,,0,0,8.677542519958347,8.677542519958347,0.0,,,,,,0,0,0,0,0,0,1,1,0,0.0,1.0,0,,
1506138,Redenção,Não,0,Sim,1.0,-,Sim,,1.0,,not_available_in_munic_2023_questionnaire,2,3,85597,2959,588,842,221,30,191,18,3,0,3,4,3456.896853861701,686.9399628491652,983.6793345561176,258.18661868990733,35.04795728822272,223.13866140168463,21.02877437293364,3.5047957288222715,1,187,25,11,1,0,0,1,218.4656004299216,29.20663107351893,12.85091767234833,1.1682652429407572,0.0,0.0,253,10017.0,175,8560.0,28,1057.0,26,865.0,0,295.5711064640116,204.4464175146325,32.7114268023412,30.37489631645969,2,1,0,,,,,,0,0,2.3365304858815144,1.1682652429407572,0.0,,,,,,0,0,0,0,0,0,1,1,0,0.0,1.0,0,,
1506161,Rio Maria,Sim,1,Não,0.0,-,Sim,,1.0,,not_available_in_munic_2023_questionnaire,2,3,18384,373,112,143,29,1,28,5,1,0,1,4,2028.9382071366404,609.2254134029591,777.8503046127067,157.74586597040906,5.439512619669277,152.30635335073978,27.197563098346382,5.439512619669277,1,39,11,5,1,0,0,1,212.14099216710184,59.83463881636205,27.197563098346382,5.439512619669277,0.0,0.0,65,1534.0,53,2204.0,4,135.0,4,130.0,0,353.56832027850305,288.2941688424717,21.75805047867711,21.75805047867711,1,1,0,,,,,,0,0,5.439512619669277,5.439512619669277,0.0,,,,,,1,0,0,0,0,1,0,1,1,1.0,0.0,1,,
1506187,Rondon do Pará,Não,0,Não,0.0,-,Sim,,1.0,,not_available_in_munic_2023_questionnaire,1,3,53143,870,225,297,94,11,83,2,1,0,1,4,1637.0923734075984,423.3859586398961,558.869465404663,176.88124494288994,20.69886908906159,156.18237585382835,3.763430743465744,1.881715371732872,2,57,17,5,1,0,0,1,107.25777618877368,31.98916131945882,9.408576858664356,1.881715371732872,0.0,0.0,39,1211.0,20,830.0,6,280.0,5,165.0,0,73.386899497582,37.63430743465743,11.29029223039723,9.408576858664356,2,1,0,,,,,,0,0,3.763430743465744,1.881715371732872,0.0,,,,,,2,1,0,0,0,1,0,1,1,1.0,0.0,1,,
1506195,Rurópolis,Não,0,Não,0.0,-,Não,,0.0,,not_available_in_munic_2023_questionnaire,0,3,35769,426,126,151,80,10,70,0,0,0,0,4,1190.9754256479073,352.2603371634656,422.15326120383577,223.6573569291845,27.95716961614806,195.7001873130364,0.0,0.0,3,34,14,2,1,0,0,1,95.0543766949034,39.14003746260729,5.591433923229612,2.795716961614806,0.0,0.0,37,1233.0,38,1730.0,4,190.0,2,79.0,0,103.44152757974784,106.23724454136264,11.182867846459224,5.591433923229612,1,1,0,,,,,,0,0,2.795716961614806,2.795716961614806,0.0,,,,,,0,0,0,0,0,0,1,1,0,0.0,1.0,0,,
1506203,Salinópolis,Não,0,Não,0.0,-,Sim,,1.0,,not_available_in_munic_2023_questionnaire,1,3,44772,2040,332,490,176,25,151,4,0,0,0,4,4556.419190565532,741.5348878763513,1094.4340212632897,393.1028321272224,55.83847047261681,337.2643616546056,8.934155275618691,0.0,2,50,21,5,1,0,0,1,111.67694094523362,46.90431519699813,11.167694094523362,2.2335388189046728,0.0,0.0,93,2436.0,42,1662.0,6,192.0,7,270.0,0,207.71911015813453,93.80863039399624,13.401232913428036,15.634771732332707,1,1,0,,,,,,0,0,2.2335388189046728,2.2335388189046728,0.0,,,,,,0,0,0,0,0,0,1,1,0,0.0,1.0,0,,
1506302,Salvaterra,Não,0,Não informou,,Sim,Sim,1.0,1.0,,not_available_in_munic_2023_questionnaire,2,3,24129,944,169,306,111,20,91,0,0,0,0,4,3912.304695594513,700.4020058850347,1268.183513614323,460.0273529777446,82.88781134734137,377.1395416304032,0.0,0.0,1,22,16,1,0,0,0,2,91.1765924820755,66.3102490778731,4.1443905673670685,0.0,0.0,0.0,15,556.0,22,924.0,3,65.0,3,120.0,0,62.16585851050603,91.1765924820755,12.433171702101204,12.433171702101204,1,1,0,,,,,,0,0,4.1443905673670685,4.1443905673670685,0.0,,,,,,1,0,0,0,0,1,0,1,1,1.0,0.0,1,,
1506351,Santa Bárbara do Pará,Não,0,Não,0.0,Não,Sim,0.0,1.0,,not_available_in_munic_2023_questionnaire,1,4,21087,579,81,124,66,9,57,4,1,0,1,4,2745.767534499929,384.1229193341869,588.040024659743,312.9890453834116,42.680324370465215,270.3087210129464,18.96903305354009,4.742258263385024,3,25,13,2,1,0,0,1,118.5564565846256,61.64935742400532,9.484516526770047,4.742258263385024,0.0,0.0,32,956.0,31,1220.0,5,200.0,7,270.0,0,151.75226442832076,147.01000616493576,23.71129131692512,33.19580784369517,3,1,0,,,,,,0,0,14.226774790155073,4.742258263385024,0.0,,,,,,0,0,0,0,0,0,1,1,0,0.0,1.0,0,,
1506401,Santa Cruz do Arari,Não,0,Não,0.0,Não,Não,0.0,0.0,,not_available_in_munic_2023_questionnaire,0,4,7445,198,51,133,10,1,9,0,0,0,0,4,2659.503022162525,685.0235057085292,1786.433848220282,134.3183344526528,13.43183344526528,120.88650100738752,0.0,0.0,4,18,4,0,0,0,0,3,241.77300201477505,53.72733378106112,0.0,0.0,0.0,0.0,8,285.0,12,508.0,0,0.0,2,80.0,1,107.45466756212224,161.18200134318334,0.0,26.86366689053056,1,0,0,,,,,,0,1,13.43183344526528,0.0,0.0,,,,,,1,0,0,0,0,1,0,1,1,1.0,0.0,1,,
1506500,Santa Izabel do Pará,Não,0,Não,0.0,-,Sim,,1.0,,not_available_in_munic_2023_questionnaire,1,3,73019,2077,275,412,143,33,110,8,2,0,2,4,2844.4651392103424,376.61430586559663,564.2367055150029,195.83943905011023,45.1937167038716,150.64572234623864,10.956052534271905,2.739013133567976,2,87,36,3,2,1,0,0,119.14707131020694,49.30223640422356,4.108519700351963,2.739013133567976,1.369506566783988,0.0,99,2563.0,71,2702.0,12,470.0,14,404.0,0,135.5811501116148,97.23496624166312,16.434078801407853,19.173091934975822,2,1,0,,,,,,0,0,2.739013133567976,1.369506566783988,0.0,,,,,,4,2,1,0,0,1,0,1,1,1.0,0.0,1,,
1506559,Santa Luzia do Pará,Não,0,Não,0.0,Sim,Sim,1.0,1.0,,not_available_in_munic_2023_questionnaire,2,4,20370,239,60,82,35,3,32,1,0,0,0,4,1173.294059891998,294.5508100147275,402.55277368679424,171.8213058419244,14.727540500736376,157.09376534118803,4.909180166912126,0.0,2,33,14,1,0,0,0,2,162.00294550810017,68.72852233676977,4.909180166912126,0.0,0.0,0.0,16,725.0,30,1178.0,2,100.0,4,115.0,0,78.54688267059402,147.27540500736376,9.818360333824252,19.636720667648504,1,1,0,,,,,,0,0,4.909180166912126,4.909180166912126,0.0,,,,,,1,0,0,0,0,1,0,1,1,1.0,0.0,1,,
1506583,Santa Maria das Barreiras,Não,0,Não,0.0,-,Não,,0.0,,not_available_in_munic_2023_questionnaire,0,3,16548,187,58,87,30,6,24,2,1,0,1,4,1130.0459270002416,350.4955281605028,525.7432922407542,181.29079042784628,36.25815808556926,145.03263234227703,12.086052695189752,6.043026347594876,3,29,12,3,1,0,0,1,175.2477640802514,72.51631617113851,18.12907904278463,6.043026347594876,0.0,0.0,25,850.0,25,1020.0,3,120.0,3,100.0,0,151.0756586898719,151.0756586898719,18.12907904278463,18.12907904278463,1,0,0,,,,,,0,1,6.043026347594876,0.0,0.0,,,,,,0,0,0,0,0,0,1,1,0,0.0,1.0,0,,
1506609,Santa Maria do Pará,Não,0,Não,0.0,Sim,Não,1.0,0.0,,not_available_in_munic_2023_questionnaire,1,4,24624,427,95,139,37,6,31,1,0,0,0,4,1734.08057179987,385.8024691358024,564.4899285250162,150.25990903183884,24.366471734892787,125.89343729694606,4.061078622482131,0.0,3,33,15,2,1,0,0,1,134.01559454191033,60.916179337231966,8.122157244964262,4.061078622482131,0.0,0.0,36,1100.0,25,1209.0,3,140.0,4,160.0,0,146.19883040935673,101.52696556205328,12.183235867446394,16.244314489928524,1,1,0,,,,,,0,0,4.061078622482131,4.061078622482131,0.0,,,,,,1,0,0,0,0,1,0,1,1,1.0,0.0,1,,
1506708,Santana do Araguaia,Não,0,Não,0.0,Sim,Não,1.0,0.0,,not_available_in_munic_2023_questionnaire,1,4,32413,944,333,436,103,16,87,7,2,0,2,4,2912.411686668929,1027.3655631999509,1345.1392959614968,317.7737327615463,49.36290994354117,268.4108228180052,21.596273100299264,6.170363742942646,3,56,15,3,1,0,0,1,172.7701848023941,46.27772807206985,9.25554561441397,3.085181871471323,0.0,0.0,42,1529.0,42,1672.0,3,115.0,8,260.0,0,129.57763860179557,129.57763860179557,9.25554561441397,24.681454971770584,1,1,0,,,,,,0,0,3.085181871471323,3.085181871471323,0.0,,,,,,1,0,0,0,0,1,0,1,1,1.0,0.0,1,,
1506807,Santarém,Sim,1,Sim,1.0,-,Sim,,1.0,,not_available_in_munic_2023_questionnaire,3,3,331942,8667,1402,2143,620,131,489,17,8,0,8,4,2610.998306933139,422.3629429237638,645.5947123292624,186.77961812605807,39.46472576534455,147.31489236071363,5.121376626037079,2.410059588723331,0,573,85,24,3,3,0,0,172.6205180423086,25.606883130185395,7.230178766169994,0.9037723457712492,0.9037723457712492,0.0,787,26554.0,717,29755.0,99,3469.0,44,1598.0,0,237.0896120406577,216.00159063932853,29.824487410451223,13.25532773797832,9,1,1,,,,,,0,0,2.7113170373137474,0.3012574485904163,0.3012574485904163,,,,,,0,0,0,0,0,0,1,1,0,0.0,1.0,0,,
1506906,Santarém Novo,Não,0,Não,0.0,-,Não,,0.0,,not_available_in_munic_2023_questionnaire,0,3,6116,123,29,42,19,4,15,1,0,0,0,4,2011.1183780248527,474.166121648136,686.7233485938522,310.6605624591236,65.40222367560497,245.2583387835186,16.350555918901243,0.0,3,14,7,1,0,0,0,2,228.9077828646174,114.4538914323087,16.350555918901243,0.0,0.0,0.0,6,215.0,12,574.0,1,20.0,2,40.0,0,98.10333551340746,196.2066710268149,16.350555918901243,32.701111837802486,1,1,0,,,,,,0,0,16.350555918901243,16.350555918901243,0.0,,,,,,0,0,0,0,0,0,1,1,0,0.0,1.0,0,,
1507003,Santo Antônio do Tauá,Não,0,Não,0.0,-,Não,,0.0,,not_available_in_munic_2023_questionnaire,0,3,27461,802,172,250,94,21,73,1,0,0,0,4,2920.505444084338,626.3428134445213,910.3819962856415,342.3036306034012,76.47208768799389,265.8315429154073,3.641527985142566,0.0,3,29,17,2,1,0,0,1,105.6043115691344,61.90597574742362,7.283055970285132,3.641527985142566,0.0,0.0,60,1797.0,39,1679.0,5,146.0,10,325.0,0,218.491679108554,142.01959142056006,18.20763992571283,36.41527985142566,1,1,0,,,,,,0,0,3.641527985142566,3.641527985142566,0.0,,,,,,0,0,0,0,0,0,1,1,0,0.0,1.0,0,,
1507102,São Caetano de Odivelas,Não,0,Não,0.0,-,Não,,0.0,,not_available_in_munic_2023_questionnaire,0,3,16666,419,77,137,70,7,63,1,0,0,0,4,2514.100564022561,462.0184807392296,822.0328813152527,420.0168006720269,42.00168006720269,378.0151206048242,6.000240009600384,0.0,3,21,12,1,0,0,0,2,126.00504020160804,72.00288011520462,6.000240009600384,0.0,0.0,0.0,16,564.0,23,910.0,0,0.0,6,220.0,1,96.00384015360616,138.00552022080885,0.0,36.00144005760231,1,1,0,,,,,,0,0,6.000240009600384,6.000240009600384,0.0,,,,,,1,0,0,0,0,1,0,1,1,1.0,0.0,1,,
1507151,São Domingos do Araguaia,Não,0,Não,0.0,Sim,Não,1.0,0.0,,not_available_in_munic_2023_questionnaire,1,4,21092,329,118,149,29,5,24,2,0,0,0,4,1559.8331120804096,559.4538213540678,706.4289778114926,137.4928882988811,23.70567039635881,113.78721790252229,9.482268158543524,0.0,3,23,10,2,1,0,0,1,109.04608382325053,47.41134079271762,9.482268158543524,4.741134079271761,0.0,0.0,22,621.0,23,922.0,3,110.0,2,70.0,0,104.30494974397875,109.04608382325053,14.223402237815286,9.482268158543524,1,1,0,,,,,,0,0,4.741134079271761,4.741134079271761,0.0,,,,,,1,0,0,0,0,1,0,1,1,1.0,0.0,1,,
1507201,São Domingos do Capim,Sim,1,Não,0.0,Sim,Sim,1.0,1.0,,not_available_in_munic_2023_questionnaire,3,4,30599,415,77,123,77,8,69,1,1,0,1,4,1356.253472335697,251.64221052975589,401.9739207163633,251.64221052975589,26.144645249844764,225.4975652799111,3.2680806562305955,3.2680806562305955,1,35,20,2,1,0,0,1,114.38282296807084,65.3616131246119,6.536161312461191,3.2680806562305955,0.0,0.0,33,1109.0,46,1931.0,3,140.0,4,195.0,0,107.84666165560968,150.3317101866074,9.804241968691787,13.072322624922382,1,1,0,,,,,,0,0,3.2680806562305955,3.2680806562305955,0.0,,,,,,1,0,0,0,0,1,0,1,1,1.0,0.0,1,,
1507300,São Félix do Xingu,Sim,1,Sim,1.0,-,Não,,0.0,,not_available_in_munic_2023_questionnaire,2,3,65418,1416,335,452,275,32,243,9,3,0,3,4,2164.541869210309,512.0914732948117,690.9413311321043,420.3735974808157,48.91620043413128,371.4573970466844,13.75768137209942,4.585893790699807,1,91,31,6,1,1,0,0,139.10544498456082,47.387569170564674,9.171787581399617,1.5286312635666026,1.5286312635666026,0.0,72,2359.0,52,2079.0,5,160.0,7,220.0,0,110.06145097679536,79.48882570546333,7.643156317833013,10.700418844966215,2,1,0,,,,,,0,0,3.057262527133205,1.5286312635666026,0.0,,,,,,0,0,0,0,0,0,1,1,0,0.0,1.0,0,,
1507409,São Francisco do Pará,Não,0,Não,0.0,-,Sim,,1.0,,not_available_in_munic_2023_questionnaire,1,3,14894,271,42,64,23,6,17,0,0,0,0,4,1819.524640794951,281.99274875788905,429.7032362024976,154.4246005102726,40.28467839398415,114.13992211628845,0.0,0.0,2,22,14,1,1,0,0,1,147.7104874446086,93.99758291929636,6.7141130656640255,6.7141130656640255,0.0,0.0,14,415.0,22,974.0,2,80.0,2,85.0,0,93.99758291929636,147.7104874446086,13.428226131328053,13.428226131328053,2,1,0,,,,,,0,0,13.428226131328053,6.7141130656640255,0.0,,,,,,1,0,0,0,0,1,0,1,1,1.0,0.0,1,,
1507458,São Geraldo do Araguaia,Não,0,Não,0.0,Sim,Não,1.0,0.0,,not_available_in_munic_2023_questionnaire,1,4,24255,429,132,194,66,12,54,6,2,0,2,4,1768.7074829931971,544.2176870748299,799.8350855493712,272.10884353741494,49.474335188620906,222.63450834879407,24.737167594310453,8.245722531436817,3,39,16,3,2,0,0,1,160.79158936301792,65.96578025149454,12.368583797155226,8.245722531436817,0.0,0.0,30,806.0,36,1460.0,3,130.0,2,100.0,0,123.68583797155226,148.4230055658627,12.368583797155226,8.245722531436817,1,1,0,,,,,,0,0,4.1228612657184085,4.1228612657184085,0.0,,,,,,1,0,0,0,0,1,0,1,1,1.0,0.0,1,,
1507466,São João da Ponta,Não,0,Não,0.0,-,Sim,,1.0,,not_available_in_munic_2023_questionnaire,1,3,4430,93,13,27,12,1,11,0,0,0,0,4,2099.3227990970654,293.4537246049661,609.4808126410835,270.8803611738149,22.57336343115124,248.30699774266367,0.0,0.0,2,11,6,0,0,0,0,3,248.30699774266367,135.44018058690745,0.0,0.0,0.0,0.0,5,230.0,9,350.0,1,30.0,1,40.0,0,112.8668171557562,203.1602708803612,22.57336343115124,22.57336343115124,1,1,0,,,,,,0,0,22.57336343115124,22.57336343115124,0.0,,,,,,0,0,0,0,0,0,1,1,0,0.0,1.0,0,,
1507474,São João de Pirabas,Não,0,Não,0.0,-,Não,,0.0,,not_available_in_munic_2023_questionnaire,0,3,20689,452,78,118,61,10,51,1,0,0,0,4,2184.7358499685824,377.0119387113925,570.3513944608246,294.8426700178839,48.334863937358016,246.50780608052588,4.833486393735802,0.0,3,27,11,3,1,0,0,1,130.50413263086662,53.16835033109382,14.500459181207404,4.833486393735802,0.0,0.0,38,866.0,26,1064.0,2,70.0,5,192.0,0,183.67248296196047,125.67064623713084,9.666972787471604,24.167431968679008,1,1,0,,,,,,0,0,4.833486393735802,4.833486393735802,0.0,,,,,,0,0,0,0,0,0,1,1,0,0.0,1.0,0,,
1507508,São João do Araguaia,Não,0,Não,0.0,Não,Não,0.0,0.0,,not_available_in_munic_2023_questionnaire,0,4,13664,204,51,72,46,5,41,2,1,0,1,4,1492.9742388758782,373.2435597189696,526.9320843091334,336.6510538641686,36.59250585480094,300.05854800936766,14.637002341920375,7.318501170960188,4,22,13,2,1,0,0,1,161.00702576112414,95.14051522248243,14.637002341920375,7.318501170960188,0.0,0.0,14,503.0,15,606.0,2,80.0,1,40.0,0,102.45901639344262,109.7775175644028,14.637002341920375,7.318501170960188,1,1,0,,,,,,0,0,7.318501170960188,7.318501170960188,0.0,,,,,,1,0,0,0,0,1,0,1,1,1.0,0.0,1,,
1507607,São Miguel do Guamá,Sim,1,Não,0.0,Sim,Não,1.0,0.0,,not_available_in_munic_2023_questionnaire,2,4,52894,1585,322,440,135,20,115,3,2,0,2,4,2996.559156047945,608.7646992097402,831.8523840133096,255.22743600408364,37.81147200060498,217.41596400347865,5.671720800090747,3.781147200060498,2,77,28,3,1,1,0,0,145.5741672023292,52.936060800846974,5.671720800090747,1.890573600030249,1.890573600030249,0.0,69,1727.0,55,2256.0,4,170.0,12,470.0,0,130.4495784020872,103.9815480016637,7.562294400120996,22.68688320036299,2,1,0,,,,,,0,0,3.781147200060498,1.890573600030249,0.0,,,,,,2,1,1,0,0,1,0,1,1,1.0,0.0,1,,
1507706,São Sebastião da Boa Vista,Sim,1,Não informou,,-,Sim,,1.0,,not_available_in_munic_2023_questionnaire,2,2,25643,589,109,174,80,8,72,1,0,0,0,4,2296.923136918457,425.0672698202239,678.5477518231096,311.97597784970554,31.19759778497056,280.778380064735,3.89969972312132,0.0,0,25,15,1,1,0,0,1,97.492493078033,58.4954958468198,3.89969972312132,3.89969972312132,0.0,0.0,20,795.0,38,1580.0,1,40.0,3,120.0,0,77.99399446242639,148.18858947861014,3.89969972312132,11.69909916936396,2,1,0,,,,,,0,0,7.799399446242639,3.89969972312132,0.0,,,,,,1,0,0,0,0,1,0,1,1,1.0,0.0,1,,
1507755,Sapucaia,Não,0,Não,0.0,Sim,Sim,1.0,1.0,,not_available_in_munic_2023_questionnaire,2,4,5847,178,43,77,17,3,14,1,0,0,0,4,3044.296220283906,735.4198734393707,1316.9146570891055,290.74739182486746,51.3083632632119,239.4390285616556,17.10278775440397,0.0,2,14,4,2,0,0,0,2,239.4390285616556,68.41115101761588,34.20557550880794,0.0,0.0,0.0,9,277.0,14,642.0,1,60.0,1,40.0,0,153.9250897896357,239.4390285616556,17.10278775440397,17.10278775440397,1,0,0,,,,,,0,1,17.10278775440397,0.0,0.0,,,,,,0,0,0,0,0,0,1,1,0,0.0,1.0,0,,
1507805,Senador José Porfírio,Não,0,Não,0.0,-,Sim,,1.0,,not_available_in_munic_2023_questionnaire,1,3,22576,390,94,140,82,12,70,2,0,0,0,4,1727.4982282069457,416.3713678242381,620.1275690999291,363.2175761871013,53.15379163713678,310.06378454996457,8.85896527285613,0.0,2,27,11,3,0,1,0,1,119.59603118355776,48.72430900070872,13.288447909284194,0.0,4.429482636428065,0.0,13,441.0,19,914.0,3,100.0,0,0.0,1,57.58327427356485,84.16017009213323,13.288447909284194,0.0,1,0,0,,,,,,0,1,4.429482636428065,0.0,0.0,,,,,,0,0,0,0,0,0,1,1,0,0.0,1.0,0,,
1507904,Soure,Sim,1,Sim,1.0,Sim,Sim,1.0,1.0,,not_available_in_munic_2023_questionnaire,4,4,24204,1328,336,518,95,25,70,2,1,0,1,4,5486.696413815898,1388.200297471492,2140.1421252685504,392.4971079160469,103.28871260948604,289.2083953065609,8.263097008758884,4.131548504379442,0,17,11,1,0,0,0,2,70.2363245744505,45.447033548173856,4.131548504379442,0.0,0.0,0.0,10,401.0,13,517.0,1,40.0,2,62.0,0,41.31548504379441,53.71013055693273,4.131548504379442,8.263097008758884,1,1,0,,,,,,0,0,4.131548504379442,4.131548504379442,0.0,,,,,,1,0,0,0,0,1,0,1,1,1.0,0.0,1,,
1507953,Tailândia,Não,0,Não,0.0,-,Sim,,1.0,,not_available_in_munic_2023_questionnaire,1,3,72493,1988,400,546,241,54,187,11,4,0,4,4,2742.333742568248,551.7774129915991,753.1761687335329,332.4458913274385,74.4899507538659,257.9559405735726,15.17387885726898,5.517774129915992,2,54,10,3,1,0,0,1,74.4899507538659,13.79443532478998,4.138330597436994,1.379443532478998,0.0,0.0,158,3704.0,98,3834.0,10,422.0,12,430.0,0,217.95207813168167,135.1854661829418,13.79443532478998,16.553322389747976,1,1,0,,,,,,0,0,1.379443532478998,1.379443532478998,0.0,,,,,,2,0,0,0,0,1,0,1,1,1.0,0.0,1,,
1507961,Terra Alta,Não,0,Não,0.0,-,Não,,0.0,,not_available_in_munic_2023_questionnaire,0,3,10400,248,67,88,20,4,16,1,0,0,0,4,2384.6153846153848,644.2307692307693,846.1538461538461,192.30769230769232,38.46153846153846,153.84615384615384,9.615384615384617,0.0,3,11,7,0,0,0,0,3,105.76923076923076,67.3076923076923,0.0,0.0,0.0,0.0,13,405.0,19,766.0,2,170.0,1,90.0,0,125.0,182.69230769230768,19.23076923076923,9.615384615384617,1,0,0,,,,,,0,1,9.615384615384617,0.0,0.0,,,,,,0,0,0,0,0,0,1,1,0,0.0,1.0,0,,
1507979,Terra Santa,Não,0,Não,0.0,-,Sim,,1.0,,not_available_in_munic_2023_questionnaire,1,3,18782,568,118,207,68,11,57,1,0,0,0,4,3024.1720796507293,628.2611010542008,1102.119050154403,362.048770099031,58.56671281013737,303.4820572888936,5.324246619103397,0.0,2,30,13,1,0,0,0,2,159.7273985731019,69.21520604834416,5.324246619103397,0.0,0.0,0.0,39,930.0,32,1290.0,3,120.0,2,80.0,0,207.64561814503247,170.3758918113087,15.97273985731019,10.648493238206791,1,1,0,,,,,,0,0,5.324246619103397,5.324246619103397,0.0,,,,,,1,0,0,0,0,1,0,1,1,1.0,0.0,1,,
1508001,Tomé-Açu,Não,0,Não,0.0,-,Não,,0.0,,not_available_in_munic_2023_questionnaire,0,3,67585,2276,463,684,329,49,280,10,2,0,2,4,3367.611156321669,685.0632536805505,1012.0588888066878,486.7944070429829,72.50129466597618,414.2931123770067,14.796182584893096,2.95923651697862,3,56,21,5,1,2,0,0,82.85862247540135,31.071983428275505,7.398091292446548,1.4796182584893098,2.95923651697862,0.0,66,1876.0,61,2370.0,8,170.0,9,290.0,0,97.65480506029444,90.2567137678479,11.83694606791448,13.316564326403787,1,1,0,,,,,,0,0,1.4796182584893098,1.4796182584893098,0.0,,,,,,0,0,0,0,0,0,1,1,0,0.0,1.0,0,,
1508035,Tracuateua,Sim,1,Não,0.0,Sim,Sim,1.0,1.0,,not_available_in_munic_2023_questionnaire,3,4,28595,447,96,130,41,5,36,0,0,0,0,4,1563.210351460045,335.7230285014863,454.624934429096,143.38171008917644,17.485574401119077,125.89613568805736,0.0,0.0,1,39,20,3,1,0,0,1,136.3874803287288,69.94229760447631,10.491344640671446,3.497114880223815,0.0,0.0,34,1097.0,35,1362.0,4,120.0,3,110.0,0,118.90190592760972,122.39902080783352,13.98845952089526,10.491344640671446,2,1,0,,,,,,0,0,6.99422976044763,3.497114880223815,0.0,,,,,,0,0,0,0,0,0,1,1,0,0.0,1.0,0,,
1508050,Trairão,Não,0,Não,0.0,-,Não,,0.0,,not_available_in_munic_2023_questionnaire,0,3,15242,325,82,118,59,3,56,4,0,0,0,4,2132.2661068101297,537.9871407951712,774.1766172418318,387.0883086209159,19.682456370555045,367.4058522503609,26.243275160740065,0.0,3,18,10,2,0,0,0,2,118.09473822333028,65.60818790185016,13.121637580370033,0.0,0.0,0.0,19,432.0,21,800.0,1,40.0,1,40.0,0,124.65555701351528,137.77719459388533,6.560818790185016,6.560818790185016,1,0,0,,,,,,0,1,6.560818790185016,0.0,0.0,,,,,,0,0,0,0,0,0,1,1,0,0.0,1.0,0,,
1508084,Tucumã,Não,0,Não,0.0,Sim,Sim,1.0,1.0,,not_available_in_munic_2023_questionnaire,2,4,39550,715,98,127,94,6,88,12,2,0,2,4,1807.8381795195955,247.787610619469,321.11251580278133,237.6738305941845,15.170670037926676,222.50316055625788,30.34134007585335,5.056890012642225,2,83,19,3,1,1,0,0,209.86093552465235,48.040455120101136,7.585335018963337,2.528445006321113,2.528445006321113,0.0,73,2438.0,34,1360.0,8,310.0,4,165.0,0,184.5764854614412,85.96713021491783,20.2275600505689,10.11378002528445,1,1,0,,,,,,0,0,2.528445006321113,2.528445006321113,0.0,,,,,,1,0,0,0,0,1,0,1,1,1.0,0.0,1,,
1508100,Tucuruí,Não,0,Sim,1.0,-,Sim,,1.0,,not_available_in_munic_2023_questionnaire,2,3,91306,3246,536,821,287,46,241,9,4,0,4,4,3555.078527150461,587.0369964733972,899.17420541914,314.3276454997481,50.38004074211991,263.9476047576282,9.85696449302346,4.380873108010427,1,132,35,9,1,1,0,0,144.56881256434409,38.33263969509123,9.85696449302346,1.0952182770026069,1.0952182770026069,0.0,284,8551.0,363,14506.0,37,1531.0,41,1540.0,0,311.04199066874025,397.5642345519462,40.52307624909644,44.90394935710687,3,1,0,,,,,,0,0,3.28565483100782,1.0952182770026069,0.0,,,,,,0,0,0,0,0,0,1,1,0,0.0,1.0,0,,
1508126,Ulianópolis,Não,0,Não,0.0,-,Sim,,1.0,,not_available_in_munic_2023_questionnaire,1,3,37972,561,185,234,81,15,66,4,0,0,0,4,1477.404403244496,487.2010955440851,616.2435478773833,213.3150742652481,39.50279153060149,173.81228273464657,10.534077741493732,0.0,2,47,21,3,1,0,0,1,123.77541346255136,55.30390814284209,7.900558306120299,2.633519435373433,0.0,0.0,67,1654.0,63,2632.0,7,250.0,9,330.0,0,176.44580217002002,165.9117244285263,18.43463604761403,23.701674918360897,1,1,0,,,,,,0,0,2.633519435373433,2.633519435373433,0.0,,,,,,0,0,0,0,0,0,1,1,0,0.0,1.0,0,,
1508159,Uruará,Não,0,Não,0.0,Sim,Não,1.0,0.0,,not_available_in_munic_2023_questionnaire,1,4,43558,825,218,280,101,17,84,15,4,0,4,4,1894.0263556637128,500.4821157996234,642.821066164654,231.8747417236788,39.02842187428257,192.8463198493962,34.436842830249326,9.183158088066486,3,47,14,3,1,1,0,0,107.9021075347812,32.141053308232706,6.887368566049865,2.2957895220166216,2.2957895220166216,0.0,35,1062.0,32,1280.0,3,140.0,4,130.0,0,80.35263327058175,73.46526470453189,6.887368566049865,9.183158088066486,1,1,0,,,,,,0,0,2.2957895220166216,2.2957895220166216,0.0,,,,,,1,0,0,0,0,1,0,1,1,1.0,0.0,1,,
1508209,Vigia,Não,0,Não,0.0,-,Sim,,1.0,,not_available_in_munic_2023_questionnaire,1,3,50832,1094,171,281,116,13,103,2,1,0,1,4,2152.187598363236,336.40226628895186,552.8013849543595,228.202706956248,25.574441296820904,202.6282656594272,3.9345294302801386,1.9672647151400693,2,38,24,2,1,0,0,1,74.75605917532263,47.21435316336167,3.9345294302801386,1.9672647151400693,0.0,0.0,55,1345.0,48,1868.0,7,230.0,6,230.0,0,108.1995593327038,94.42870632672332,13.770853005980484,11.803588290840416,2,1,0,,,,,,0,0,3.9345294302801386,1.9672647151400693,0.0,,,,,,1,0,0,0,0,1,0,1,1,1.0,0.0,1,,
1508308,Viseu,Não,0,Não,0.0,-,Não,,0.0,,not_available_in_munic_2023_questionnaire,0,3,58692,799,141,212,120,14,106,4,0,0,0,4,1361.343965105977,240.23717031281944,361.2076603284945,204.45716622367613,23.853336059428884,180.60383016424728,6.815238874122538,0.0,3,43,26,2,1,1,0,0,73.26381789681729,44.299052681796496,3.407619437061269,1.7038097185306345,1.7038097185306345,0.0,54,1778.0,52,2138.0,7,280.0,14,550.0,0,92.00572480065426,88.59810536359299,11.926668029714442,23.853336059428884,4,1,0,,,,,,0,0,6.815238874122538,1.7038097185306345,0.0,,,,,,1,0,0,0,0,1,0,1,1,1.0,0.0,1,,
1508357,Vitória do Xingu,Não,0,Não,0.0,Sim,Sim,1.0,1.0,,not_available_in_munic_2023_questionnaire,2,4,15607,615,140,194,100,12,88,2,1,0,1,4,3940.539501505735,897.0333824565901,1243.031972832703,640.7381303261358,76.88857563913628,563.8495546869995,12.814762606522716,6.407381303261357,2,39,13,2,1,1,0,0,249.88787082719293,83.29595694239764,12.814762606522716,6.407381303261357,6.407381303261357,0.0,43,1298.0,64,2746.0,6,170.0,6,214.0,0,275.51739604023834,410.07240340872687,38.44428781956814,38.44428781956814,1,1,0,,,,,,0,0,6.407381303261357,6.407381303261357,0.0,,,,,,0,0,0,0,0,0,1,1,0,0.0,1.0,0,,
1508407,Xinguara,Sim,1,Não,0.0,-,Sim,,1.0,,not_available_in_munic_2023_questionnaire,2,3,52893,1227,397,509,116,13,103,7,1,0,1,4,2319.777664341217,750.5719093263759,962.32015578621,219.31068383339948,24.57792146408788,194.7327623693116,13.234265403739627,1.890609343391375,1,103,16,5,1,1,0,0,194.7327623693116,30.249749494262,9.453046716956877,1.890609343391375,1.890609343391375,0.0,102,3611.0,76,3082.0,9,318.0,7,280.0,0,192.84215302592025,143.6863100977445,17.015484090522374,13.234265403739627,1,1,0,,,,,,0,0,1.890609343391375,1.890609343391375,0.0,,,,,,4,1,0,1,0,1,0,1,1,1.0,0.0,1,,
