municipality_code,municipality,seat_query,seat_latitude,seat_longitude,seat_geocoding_confidence,seat_geocoding_note,seat_display_name
1500107,Abaetetuba,"Abaetetuba, Pará, Brasil",-1.7217787,-48.8788106,high,Municipality and Pará matched,"Abaetetuba, Pará, Região Norte, 68440-000, Brasil"
1500131,Abel Figueiredo,"Abel Figueiredo, Pará, Brasil",-4.953001,-48.3958485,high,Municipality and Pará matched,"Abel Figueiredo, Pará, Região Norte, Brasil"
1500206,Acará,"Acará, Pará, Brasil",-1.961388,-48.1987043,high,Municipality and Pará matched,"Acará, Pará, Região Norte, 68690-000, Brasil"
1500305,Afuá,"Afuá, Pará, Brasil",-0.159333,-50.3917149,high,Municipality and Pará matched,"Afuá, Pará, Região Norte, 68890-000, Brasil"
1500347,Água Azul do Norte,"Água Azul do Norte, Pará, Brasil",-6.8064885,-50.4849667,high,Municipality and Pará matched,"Água Azul do Norte, Pará, Região Norte, Brasil"
1500404,Alenquer,"Alenquer, Pará, Brasil",-1.946229,-54.738355,high,Municipality and Pará matched,"Alenquer, Pará, Região Norte, 68200-000, Brasil"
1500503,Almeirim,"Almeirim, Pará, Brasil",-1.5290377,-52.5788111,high,Municipality and Pará matched,"Almeirim, Pará, Região Norte, 68230-000, Brasil"
1500602,Altamira,"Altamira, Pará, Brasil",-3.204065,-52.209961,high,Municipality and Pará matched,"Altamira, Pará, Região Norte, Brasil"
1500701,Anajás,"Anajás, Pará, Brasil",-0.9878802,-49.9390114,high,Municipality and Pará matched,"Anajás, Pará, Região Norte, Brasil"
1500800,Ananindeua,"Ananindeua, Pará, Brasil",-1.374035,-48.4016623,high,Municipality and Pará matched,"Ananindeua, Pará, Região Norte, Brasil"
1500859,Anapu,"Anapu, Pará, Brasil",-3.4668292,-51.2057035,high,Municipality and Pará matched,"Anapu, Pará, Região Norte, Brasil"
1500909,Augusto Corrêa,"Augusto Corrêa, Pará, Brasil",-1.0229335,-46.6404029,high,Municipality and Pará matched,"Augusto Corrêa, Pará, Região Norte, 68610-000, Brasil"
1500958,Aurora do Pará,"Aurora do Pará, Pará, Brasil",-2.1323199,-47.558436,high,Municipality and Pará matched,"Aurora do Pará, Pará, Região Norte, Brasil"
1501006,Aveiro,"Aveiro, Pará, Brasil",-3.6029015,-55.328079,high,Municipality and Pará matched,"Aveiro, Pará, Região Norte, Brasil"
1501105,Bagre,"Bagre, Pará, Brasil",-1.8994498,-50.2103844,high,Municipality and Pará matched,"Bagre, Pará, Região Norte, 68475-000, Brasil"
1501204,Baião,"Baião, Pará, Brasil",-2.7903479,-49.6702845,high,Municipality and Pará matched,"Baião, Pará, Região Norte, Brasil"
1501253,Bannach,"Bannach, Pará, Brasil",-7.3508505,-50.4064531,high,Municipality and Pará matched,"Bannach, Pará, Região Norte, Brasil"
1501303,Barcarena,"Barcarena, Pará, Brasil",-1.5107945,-48.6190679,high,Municipality and Pará matched,"Barcarena, Pará, Região Norte, Brasil"
1501402,Belém,"Belém, Pará, Brasil",-1.45056,-48.4682453,high,Municipality and Pará matched,"Belém, Pará, Região Norte, Brasil"
1501451,Belterra,"Belterra, Pará, Brasil",-2.636091,-54.937392,high,Municipality and Pará matched,"Belterra, Pará, Região Norte, 68143-000, Brasil"
1501501,Benevides,"Benevides, Pará, Brasil",-1.3555577,-48.252235,high,Municipality and Pará matched,"Benevides, Pará, Região Norte, Brasil"
1501576,Bom Jesus do Tocantins,"Bom Jesus do Tocantins, Pará, Brasil",-5.0471796,-48.5978362,high,Municipality and Pará matched,"Bom Jesus do Tocantins, Pará, Região Norte, Brasil"
1501600,Bonito,"Bonito, Pará, Brasil",-1.3605722,-47.3049907,high,Municipality and Pará matched,"Bonito, Pará, Região Norte, Brasil"
1501709,Bragança,"Bragança, Pará, Brasil",-1.0574255,-46.7635232,high,Municipality and Pará matched,"Bragança, Pará, Região Norte, 68600-000, Brasil"
1501725,Brasil Novo,"Brasil Novo, Pará, Brasil",-3.3055853,-52.539198,high,Municipality and Pará matched,"Brasil Novo, Pará, Região Norte, 68148-000, Brasil"
1501758,Brejo Grande do Araguaia,"Brejo Grande do Araguaia, Pará, Brasil",-5.7011449,-48.4037308,high,Municipality and Pará matched,"Brejo Grande do Araguaia, Pará, Região Norte, Brasil"
1501782,Breu Branco,"Breu Branco, Pará, Brasil",-3.7785073,-49.5684795,high,Municipality and Pará matched,"Breu Branco, Pará, Região Norte, 68488-000, Brasil"
1501808,Breves,"Breves, Pará, Brasil",-1.1571039,-50.4382465,high,Municipality and Pará matched,"Breves, Pará, Região Norte, 68800-000, Brasil"
1501907,Bujaru,"Bujaru, Pará, Brasil",-1.5169239,-48.0410699,high,Municipality and Pará matched,"Bujaru, Pará, Região Norte, 68670-000, Brasil"
1501956,Cachoeira do Piriá,"Cachoeira do Piriá, Pará, Brasil",-1.7599443,-46.5446954,high,Municipality and Pará matched,"Cachoeira do Piriá, Pará, Região Norte, Brasil"
1502004,Cachoeira do Arari,"Cachoeira do Arari, Pará, Brasil",-1.0143572,-48.9621089,high,Municipality and Pará matched,"Cachoeira do Arari, Pará, Região Norte, 68840-000, Brasil"
1502103,Cametá,"Cametá, Pará, Brasil",-2.242949,-49.497885,high,Municipality and Pará matched,"Cametá, Pará, Região Norte, 68400-000, Brasil"
1502152,Canaã dos Carajás,"Canaã dos Carajás, Pará, Brasil",-6.5296837,-49.8516592,high,Municipality and Pará matched,"Canaã dos Carajás, Pará, Região Norte, Brasil"
1502202,Capanema,"Capanema, Pará, Brasil",-1.1933054,-47.1828679,high,Municipality and Pará matched,"Capanema, Pará, Região Norte, Brasil"
1502301,Capitão Poço,"Capitão Poço, Pará, Brasil",-1.7447162,-47.0638495,high,Municipality and Pará matched,"Capitão Poço, Pará, Região Norte, 68650-000, Brasil"
1502400,Castanhal,"Castanhal, Pará, Brasil",-1.2927031,-47.9223903,high,Municipality and Pará matched,"Castanhal, Pará, Região Norte, Brasil"
1502509,Chaves,"Chaves, Pará, Brasil",-0.164154,-49.987006,high,Municipality and Pará matched,"Chaves, Pará, Região Norte, Brasil"
1502608,Colares,"Colares, Pará, Brasil",-0.936423,-48.280254,high,Municipality and Pará matched,"Colares, Pará, Região Norte, 68785-000, Brasil"
1502707,Conceição do Araguaia,"Conceição do Araguaia, Pará, Brasil",-8.2696905,-49.2676864,high,Municipality and Pará matched,"Conceição do Araguaia, Pará, Região Norte, 68540-000, Brasil"
1502756,Concórdia do Pará,"Concórdia do Pará, Pará, Brasil",-1.9924056,-47.9450474,high,Municipality and Pará matched,"Concórdia do Pará, Pará, Região Norte, Brasil"
1502764,Cumaru do Norte,"Cumaru do Norte, Pará, Brasil",-7.8122669,-50.7677675,high,Municipality and Pará matched,"Cumaru do Norte, Pará, Região Norte, Brasil"
1502772,Curionópolis,"Curionópolis, Pará, Brasil",-6.0990443,-49.6059039,high,Municipality and Pará matched,"Curionópolis, Pará, Região Norte, Brasil"
1502806,Curralinho,"Curralinho, Pará, Brasil",-1.8137876,-49.7980165,high,Municipality and Pará matched,"Curralinho, Pará, Região Norte, Brasil"
1502855,Curuá,"Curuá, Pará, Brasil",-1.887754,-55.116842,high,Municipality and Pará matched,"Curuá, Pará, Região Norte, Brasil"
1502905,Curuçá,"Curuçá, Pará, Brasil",-0.7220333,-47.8650027,high,Municipality and Pará matched,"Curuçá, Pará, Região Norte, 68750-000, Brasil"
1502939,Dom Eliseu,"Dom Eliseu, Pará, Brasil",-4.2928111,-47.5559083,high,Municipality and Pará matched,"Dom Eliseu, Pará, Região Norte, 68633-000, Brasil"
1502954,Eldorado do Carajás,"Eldorado do Carajás, Pará, Brasil",-6.1029246,-49.3572487,high,Municipality and Pará matched,"Eldorado do Carajás, Pará, Região Norte, Brasil"
1503002,Faro,"Faro, Pará, Brasil",-2.1737325,-56.7461191,high,Municipality and Pará matched,"Faro, Pará, Região Norte, 68280-000, Brasil"
1503044,Floresta do Araguaia,"Floresta do Araguaia, Pará, Brasil",-7.5597065,-49.7032829,high,Municipality and Pará matched,"Floresta do Araguaia, Pará, Região Norte, Brasil"
1503077,Garrafão do Norte,"Garrafão do Norte, Pará, Brasil",-1.9282256,-47.0513157,high,Municipality and Pará matched,"Garrafão do Norte, Pará, Região Norte, Brasil"
1503093,Goianésia do Pará,"Goianésia do Pará, Pará, Brasil",-3.8380998,-49.0977992,high,Municipality and Pará matched,"Goianésia do Pará, Pará, Região Norte, Brasil"
1503101,Gurupá,"Gurupá, Pará, Brasil",-1.406325,-51.6427456,high,Municipality and Pará matched,"Gurupá, Pará, Região Norte, 68300-000, Brasil"
1503200,Igarapé-Açu,"Igarapé-Açu, Pará, Brasil",-1.128244,-47.6199021,high,Municipality and Pará matched,"Igarapé-Açu, Pará, Região Norte, 68725-000, Brasil"
1503309,Igarapé-Miri,"Igarapé-Miri, Pará, Brasil",-1.9785213,-48.9634826,high,Municipality and Pará matched,"Igarapé-Miri, Pará, Região Norte, 68430-000, Brasil"
1503408,Inhangapi,"Inhangapi, Pará, Brasil",-1.4283738,-47.9108608,high,Municipality and Pará matched,"Inhangapi, Pará, Região Norte, 68770-000, Brasil"
1503457,Ipixuna do Pará,"Ipixuna do Pará, Pará, Brasil",-2.5592139,-47.4965462,high,Municipality and Pará matched,"Ipixuna do Pará, Pará, Região Norte, 68637-000, Brasil"
1503507,Irituia,"Irituia, Pará, Brasil",-1.7709543,-47.4399687,high,Municipality and Pará matched,"Irituia, Pará, Região Norte, Brasil"
1503606,Itaituba,"Itaituba, Pará, Brasil",-4.2625218,-55.9878139,high,Municipality and Pará matched,"Itaituba, Pará, Região Norte, Brasil"
1503705,Itupiranga,"Itupiranga, Pará, Brasil",-5.1337224,-49.3321988,high,Municipality and Pará matched,"Itupiranga, Pará, Região Norte, 68580-000, Brasil"
1503754,Jacareacanga,"Jacareacanga, Pará, Brasil",-6.2196518,-57.758625,high,Municipality and Pará matched,"Jacareacanga, Pará, Região Norte, 69190-000, Brasil"
1503804,Jacundá,"Jacundá, Pará, Brasil",-4.446173,-49.115272,high,Municipality and Pará matched,"Jacundá, Pará, Região Norte, 68590-000, Brasil"
1503903,Juruti,"Juruti, Pará, Brasil",-2.6486947,-56.237372,high,Municipality and Pará matched,"Juruti, Pará, Região Norte, Brasil"
1504000,Limoeiro do Ajuru,"Limoeiro do Ajuru, Pará, Brasil",-1.8958926,-49.3828384,high,Municipality and Pará matched,"Limoeiro do Ajuru, Pará, Região Norte, Brasil"
1504059,Mãe do Rio,"Mãe do Rio, Pará, Brasil",-2.0458692,-47.5522076,high,Municipality and Pará matched,"Mãe do Rio, Pará, Região Norte, 68675-000, Brasil"
1504109,Magalhães Barata,"Magalhães Barata, Pará, Brasil",-0.7960066,-47.6010399,high,Municipality and Pará matched,"Magalhães Barata, Pará, Região Norte, Brasil"
1504208,Marabá,"Marabá, Pará, Brasil",-5.3462821,-49.1007401,high,Municipality and Pará matched,"Marabá, Pará, Região Norte, Brasil"
1504307,Maracanã,"Maracanã, Pará, Brasil",-0.7666582,-47.4537818,high,Municipality and Pará matched,"Maracanã, Pará, Região Norte, 68710-000, Brasil"
1504406,Marapanim,"Marapanim, Pará, Brasil",-0.7134493,-47.6985381,high,Municipality and Pará matched,"Marapanim, Pará, Região Norte, 68760-000, Brasil"
1504422,Marituba,"Marituba, Pará, Brasil",-1.3595306,-48.3361504,high,Municipality and Pará matched,"Marituba, Pará, Região Norte, 67200-000, Brasil"
1504455,Medicilândia,"Medicilândia, Pará, Brasil",-3.4438388,-52.8889236,high,Municipality and Pará matched,"Medicilândia, Pará, Região Norte, Brasil"
1504505,Melgaço,"Melgaço, Pará, Brasil",-1.803202,-50.714927,high,Municipality and Pará matched,"Melgaço, Pará, Região Norte, 68490-000, Brasil"
1504604,Mocajuba,"Mocajuba, Pará, Brasil",-2.583098,-49.504224,high,Municipality and Pará matched,"Mocajuba, Pará, Região Norte, 68420-000, Brasil"
1504703,Moju,"Moju, Pará, Brasil",-1.889926,-48.766765,high,Municipality and Pará matched,"Moju, Pará, Região Norte, Brasil"
1504752,Mojuí dos Campos,"Mojuí dos Campos, Pará, Brasil",-2.682167,-54.642717,high,Municipality and Pará matched,"Mojuí dos Campos, Pará, Região Norte, 68129-000, Brasil"
1504802,Monte Alegre,"Monte Alegre, Pará, Brasil",-1.9989108,-54.0727694,high,Municipality and Pará matched,"Monte Alegre, Pará, Região Norte, 68220-000, Brasil"
1504901,Muaná,"Muaná, Pará, Brasil",-1.5317443,-49.2223565,high,Municipality and Pará matched,"Muaná, Pará, Região Norte, 68825-000, Brasil"
1504950,Nova Esperança do Piriá,"Nova Esperança do Piriá, Pará, Brasil",-2.2663093,-46.9661622,high,Municipality and Pará matched,"Nova Esperança do Piriá, Pará, Região Norte, 68618-000, Brasil"
1504976,Nova Ipixuna,"Nova Ipixuna, Pará, Brasil",-4.916221,-49.082194,high,Municipality and Pará matched,"Nova Ipixuna, Pará, Região Norte, Brasil"
1505007,Nova Timboteua,"Nova Timboteua, Pará, Brasil",-1.2052428,-47.3935775,high,Municipality and Pará matched,"Nova Timboteua, Pará, Região Norte, Brasil"
1505031,Novo Progresso,"Novo Progresso, Pará, Brasil",-7.0374884,-55.4185904,high,Municipality and Pará matched,"Novo Progresso, Pará, Região Norte, Brasil"
1505064,Novo Repartimento,"Novo Repartimento, Pará, Brasil",-4.2519172,-49.9524257,high,Municipality and Pará matched,"Novo Repartimento, Pará, Região Norte, 68473-000, Brasil"
1505106,Óbidos,"Óbidos, Pará, Brasil",-1.901072,-55.520812,high,Municipality and Pará matched,"Óbidos, Pará, Região Norte, Brasil"
1505205,Oeiras do Pará,"Oeiras do Pará, Pará, Brasil",-2.0040813,-49.8596065,high,Municipality and Pará matched,"Oeiras do Pará, Pará, Região Norte, Brasil"
1505304,Oriximiná,"Oriximiná, Pará, Brasil",-1.7669992,-55.868285,high,Municipality and Pará matched,"Oriximiná, Pará, Região Norte, Brasil"
1505403,Ourém,"Ourém, Pará, Brasil",-1.5489964,-47.1174572,high,Municipality and Pará matched,"Ourém, Pará, Região Norte, Brasil"
1505437,Ourilândia do Norte,"Ourilândia do Norte, Pará, Brasil",-6.748975,-51.0788476,high,Municipality and Pará matched,"Ourilândia do Norte, Pará, Região Norte, Brasil"
1505486,Pacajá,"Pacajá, Pará, Brasil",-3.8354195,-50.6399248,high,Municipality and Pará matched,"Pacajá, Pará, Região Norte, 68485-000, Brasil"
1505494,Palestina do Pará,"Palestina do Pará, Pará, Brasil",-5.7423938,-48.3185533,high,Municipality and Pará matched,"Palestina do Pará, Pará, Região Norte, Brasil"
1505502,Paragominas,"Paragominas, Pará, Brasil",-2.99564,-47.3548942,high,Municipality and Pará matched,"Paragominas, Pará, Região Norte, Brasil"
1505536,Parauapebas,"Parauapebas, Pará, Brasil",-6.0696846,-49.8903283,high,Municipality and Pará matched,"Parauapebas, Pará, Região Norte, Brasil"
1505551,Pau DArco,"Pau DArco, Pará, Brasil",-7.8331153,-50.0404438,medium,Pará matched; municipality not explicit,"Pau d'Arco, Pará, Região Norte, Brasil"
1505601,Peixe-Boi,"Peixe-Boi, Pará, Brasil",-1.193824,-47.324031,high,Municipality and Pará matched,"Peixe-Boi, Pará, Região Norte, 68735-000, Brasil"
1505635,Piçarra,"Piçarra, Pará, Brasil",-6.4475822,-48.8633795,high,Municipality and Pará matched,"Piçarra, Pará, Região Norte, Brasil"
1505650,Placas,"Placas, Pará, Brasil",-3.8689529,-54.2154346,high,Municipality and Pará matched,"Placas, Pará, Região Norte, Brasil"
1505700,Ponta de Pedras,"Ponta de Pedras, Pará, Brasil",-1.3914098,-48.8714528,high,Municipality and Pará matched,"Ponta de Pedras, Pará, Região Norte, 68830-000, Brasil"
1505809,Portel,"Portel, Pará, Brasil",-1.9384998,-50.8229741,high,Municipality and Pará matched,"Portel, Pará, Região Norte, 68480-000, Brasil"
1505908,Porto de Moz,"Porto de Moz, Pará, Brasil",-1.7502089,-52.235556,high,Municipality and Pará matched,"Porto de Moz, Pará, Região Norte, Brasil"
1506005,Prainha,"Prainha, Pará, Brasil",-1.8072874,-53.4797942,high,Municipality and Pará matched,"Prainha, Pará, Região Norte, 68130-000, Brasil"
1506104,Primavera,"Primavera, Pará, Brasil",-0.9406522,-47.116728,high,Municipality and Pará matched,"Primavera, Pará, Região Norte, 68707-000, Brasil"
1506112,Quatipuru,"Quatipuru, Pará, Brasil",-0.8948725,-47.0049317,high,Municipality and Pará matched,"Quatipuru, Pará, Região Norte, 68709-000, Brasil"
1506138,Redenção,"Redenção, Pará, Brasil",-8.0299327,-50.0309543,high,Municipality and Pará matched,"Redenção, Pará, Região Norte, Brasil"
1506161,Rio Maria,"Rio Maria, Pará, Brasil",-7.3137312,-50.0465372,high,Municipality and Pará matched,"Rio Maria, Pará, Região Norte, Brasil"
1506187,Rondon do Pará,"Rondon do Pará, Pará, Brasil",-4.7804416,-48.06983,high,Municipality and Pará matched,"Rondon do Pará, Pará, Região Norte, Brasil"
1506195,Rurópolis,"Rurópolis, Pará, Brasil",-4.1014311,-54.9086853,high,Municipality and Pará matched,"Rurópolis, Pará, Região Norte, 68165-000, Brasil"
1506203,Salinópolis,"Salinópolis, Pará, Brasil",-0.6259282,-47.3442819,high,Municipality and Pará matched,"Salinópolis, Pará, Região Norte, 68721-000, Brasil"
1506302,Salvaterra,"Salvaterra, Pará, Brasil",-0.758444,-48.513921,high,Municipality and Pará matched,"Salvaterra, Pará, Região Norte, 68860-000, Brasil"
1506351,Santa Bárbara do Pará,"Santa Bárbara do Pará, Pará, Brasil",-1.226144,-48.295101,high,Municipality and Pará matched,"Santa Bárbara do Pará, Pará, Região Norte, Brasil"
1506401,Santa Cruz do Arari,"Santa Cruz do Arari, Pará, Brasil",-0.6637491,-49.1729321,high,Municipality and Pará matched,"Santa Cruz do Arari, Pará, Região Norte, Brasil"
1506500,Santa Izabel do Pará,"Santa Izabel do Pará, Pará, Brasil",-1.2968557,-48.1605533,high,Municipality and Pará matched,"Santa Izabel do Pará, Pará, Região Norte, 68790-000, Brasil"
1506559,Santa Luzia do Pará,"Santa Luzia do Pará, Pará, Brasil",-1.5220049,-46.9020697,high,Municipality and Pará matched,"Santa Luzia do Pará, Pará, Região Norte, Brasil"
1506583,Santa Maria das Barreiras,"Santa Maria das Barreiras, Pará, Brasil",-8.8710157,-49.7171263,high,Municipality and Pará matched,"Santa Maria das Barreiras, Pará, Região Norte, 68567-000, Brasil"
1506609,Santa Maria do Pará,"Santa Maria do Pará, Pará, Brasil",-1.3455478,-47.5782981,high,Municipality and Pará matched,"Santa Maria do Pará, Pará, Região Norte, Brasil"
1506708,Santana do Araguaia,"Santana do Araguaia, Pará, Brasil",-9.3348334,-50.3427734,high,Municipality and Pará matched,"Santana do Araguaia, Pará, Região Norte, 68560-000, Brasil"
1506807,Santarém,"Santarém, Pará, Brasil",-2.438489,-54.699611,high,Municipality and Pará matched,"Santarém, Pará, Região Norte, Brasil"
1506906,Santarém Novo,"Santarém Novo, Pará, Brasil",-0.9283904,-47.3999958,high,Municipality and Pará matched,"Santarém Novo, Pará, Região Norte, Brasil"
1507003,Santo Antônio do Tauá,"Santo Antônio do Tauá, Pará, Brasil",-1.1522,-48.131446,high,Municipality and Pará matched,"Santo Antônio do Tauá, Pará, Região Norte, 68786-000, Brasil"
1507102,São Caetano de Odivelas,"São Caetano de Odivelas, Pará, Brasil",-0.747293,-48.024622,high,Municipality and Pará matched,"São Caetano de Odivelas, Pará, Região Norte, Brasil"
1507151,São Domingos do Araguaia,"São Domingos do Araguaia, Pará, Brasil",-5.5412778,-48.7300015,high,Municipality and Pará matched,"São Domingos do Araguaia, Pará, Região Norte, Brasil"
1507201,São Domingos do Capim,"São Domingos do Capim, Pará, Brasil",-1.6789331,-47.7717815,high,Municipality and Pará matched,"São Domingos do Capim, Pará, Região Norte, 68635-000, Brasil"
1507300,São Félix do Xingu,"São Félix do Xingu, Pará, Brasil",-6.6386974,-51.9787582,high,Municipality and Pará matched,"São Félix do Xingu, Pará, Região Norte, 68380-000, Brasil"
1507409,São Francisco do Pará,"São Francisco do Pará, Pará, Brasil",-1.1693995,-47.7972589,high,Municipality and Pará matched,"São Francisco do Pará, Pará, Região Norte, Brasil"
1507458,São Geraldo do Araguaia,"São Geraldo do Araguaia, Pará, Brasil",-6.3927847,-48.5630137,high,Municipality and Pará matched,"São Geraldo do Araguaia, Pará, Região Norte, 68570-000, Brasil"
1507466,São João da Ponta,"São João da Ponta, Pará, Brasil",-0.8526516,-47.9224095,high,Municipality and Pará matched,"São João da Ponta, Pará, Região Norte, 68774-000, Brasil"
1507474,São João de Pirabas,"São João de Pirabas, Pará, Brasil",-0.7733182,-47.1771012,high,Municipality and Pará matched,"São João de Pirabas, Pará, Região Norte, 68719-000, Brasil"
1507508,São João do Araguaia,"São João do Araguaia, Pará, Brasil",-5.3617017,-48.7911109,high,Municipality and Pará matched,"São João do Araguaia, Pará, Região Norte, 68518-000, Brasil"
1507607,São Miguel do Guamá,"São Miguel do Guamá, Pará, Brasil",-1.6116804,-47.4757551,high,Municipality and Pará matched,"São Miguel do Guamá, Pará, Região Norte, 68660-000, Brasil"
1507706,São Sebastião da Boa Vista,"São Sebastião da Boa Vista, Pará, Brasil",-1.7182884,-49.5319955,high,Municipality and Pará matched,"São Sebastião da Boa Vista, Pará, Região Norte, 68820-000, Brasil"
1507755,Sapucaia,"Sapucaia, Pará, Brasil",-6.9411006,-49.6991328,high,Municipality and Pará matched,"Sapucaia, Pará, Região Norte, Brasil"
1507805,Senador José Porfírio,"Senador José Porfírio, Pará, Brasil",-2.5935424,-51.948209,high,Municipality and Pará matched,"Senador José Porfírio, Pará, Região Norte, Brasil"
1507904,Soure,"Soure, Pará, Brasil",-0.7275759,-48.5189785,high,Municipality and Pará matched,"Soure, Pará, Região Norte, 68870-000, Brasil"
1507953,Tailândia,"Tailândia, Pará, Brasil",-2.936096,-48.9523366,high,Municipality and Pará matched,"Tailândia, Pará, Região Norte, 68695-000, Brasil"
1507961,Terra Alta,"Terra Alta, Pará, Brasil",-1.0397924,-47.9091595,high,Municipality and Pará matched,"Terra Alta, Pará, Região Norte, 68773-000, Brasil"
1507979,Terra Santa,"Terra Santa, Pará, Brasil",-2.104435,-56.487653,high,Municipality and Pará matched,"Terra Santa, Pará, Região Norte, 68285-000, Brasil"
1508001,Tomé-Açu,"Tomé-Açu, Pará, Brasil",-2.4166306,-48.1522907,high,Municipality and Pará matched,"Tomé-Açu, Pará, Região Norte, 68682-000, Brasil"
1508035,Tracuateua,"Tracuateua, Pará, Brasil",-1.0765338,-46.9030822,high,Municipality and Pará matched,"Tracuateua, Pará, Região Norte, 68647-000, Brasil"
1508050,Trairão,"Trairão, Pará, Brasil",-4.7003676,-55.9969829,high,Municipality and Pará matched,"Trairão, Pará, Região Norte, 68198-000, Brasil"
1508084,Tucumã,"Tucumã, Pará, Brasil",-6.8126923,-51.4133146,high,Municipality and Pará matched,"Tucumã, Pará, Região Norte, 68385-000, Brasil"
1508100,Tucuruí,"Tucuruí, Pará, Brasil",-3.766334,-49.6663654,high,Municipality and Pará matched,"Tucuruí, Pará, Região Norte, Brasil"
1508126,Ulianópolis,"Ulianópolis, Pará, Brasil",-3.7575266,-47.5009377,high,Municipality and Pará matched,"Ulianópolis, Pará, Região Norte, 68632-000, Brasil"
1508159,Uruará,"Uruará, Pará, Brasil",-3.7185381,-53.738549,high,Municipality and Pará matched,"Uruará, Pará, Região Norte, 68140-000, Brasil"
1508209,Vigia,"Vigia, Pará, Brasil",-0.8546027,-48.1432873,high,Municipality and Pará matched,"Vigia, Pará, Região Norte, 68780-000, Brasil"
1508308,Viseu,"Viseu, Pará, Brasil",-1.204892,-46.1392244,high,Municipality and Pará matched,"Viseu, Pará, Região Norte, 68620-000, Brasil"
1508357,Vitória do Xingu,"Vitória do Xingu, Pará, Brasil",-2.8833063,-52.0114889,high,Municipality and Pará matched,"Vitória do Xingu, Pará, Região Norte, 68383-900, Brasil"
1508407,Xinguara,"Xinguara, Pará, Brasil",-7.0998514,-49.9416632,high,Municipality and Pará matched,"Xinguara, Pará, Região Norte, Brasil"
