municipality_code,municipality,mean_priority_score,mean_priority_rank,top_quartile_frequency,priority_stability_profile,female_population_2022,selected_vaw_records_2022_2025,mean_annual_selected_vaw_rate_per_100k_women,rate_2022,rate_2023,rate_2024,rate_2025,rate_linear_slope_per_year,rate_cv,years_at_or_above_state_median,contextual_pattern
1506401,Santa Cruz do Arari,0.8859084434084433,1.1458333333333333,1,robust_higher_capacity_strengthening_priority,3557,61,428.7320775934777,618.4987348889514,309.2493674444757,421.7036828788305,365.4765251616531,-64.66123137475401,0.2718544910127377,3,higher_priority_higher_observed_rate
1501253,Bannach,0.8193630359539449,3.3541666666666665,1,robust_higher_capacity_strengthening_priority,1867,21,281.1997857525442,107.12372790573112,696.3042313872522,160.68559185859667,160.68559185859667,-37.49330476700588,0.8558190836005442,1,higher_priority_lower_observed_rate
1508050,Trairão,0.8026918367827459,3.7708333333333335,1,robust_higher_capacity_strengthening_priority,7222,141,488.09194129050127,387.7042370534478,636.9426751592357,470.78371642204377,456.93713652727774,4.15397396842979,0.1875078590979048,4,higher_priority_higher_observed_rate
1507961,Terra Alta,0.8030626780626783,3.9375,1,robust_higher_capacity_strengthening_priority,5103,87,426.21987066431507,274.3484224965706,470.31158142269254,685.8710562414266,274.3484224965706,21.555947481873396,0.39867000450631335,2,higher_priority_higher_observed_rate
1504752,Mojuí dos Campos,0.7579318829318828,6.979166666666667,1,robust_higher_capacity_strengthening_priority,11270,97,215.17302573203196,239.57409050576754,150.84294587400177,230.70097604259092,239.57409050576754,7.985803016858915,0.17342890558000745,0,higher_priority_lower_observed_rate
1505551,Pau DArco,0.7551199642108735,8.833333333333334,1,robust_higher_capacity_strengthening_priority,3376,43,318.42417061611377,414.69194312796213,385.07109004739334,177.7251184834123,296.2085308056872,-56.27962085308059,0.28953254879043566,2,higher_priority_lower_observed_rate
1506112,Quatipuru,0.731643356643357,9.8125,1,robust_higher_capacity_strengthening_priority,5676,85,374.38336856941504,440.4510218463707,405.214940098661,405.214940098661,246.65257223396756,-58.139534883720934,0.2006908483439057,3,higher_priority_higher_observed_rate
1501006,Aveiro,0.7241823832732924,11.229166666666666,1,robust_higher_capacity_strengthening_priority,8704,67,192.4402573529412,137.86764705882354,275.7352941176471,137.86764705882354,218.29044117647058,10.34007352941176,0.3025841034733327,0,higher_priority_lower_observed_rate
1501956,Cachoeira do Piriá,0.7159532386805112,12.9375,1,robust_higher_capacity_strengthening_priority,9279,108,290.97963142580016,269.4255846535187,215.54046772281495,247.8715378812372,431.0809354456299,51.72971225347559,0.2856897892692873,1,higher_priority_lower_observed_rate
1505106,Óbidos,0.7128982128982128,14.041666666666666,0.9791666666666666,robust_higher_capacity_strengthening_priority,25485,256,251.12811457720227,298.2146360604277,329.605650382578,207.96546988424564,168.7267019815578,-51.01039827349422,0.25981701794243584,0,higher_priority_lower_observed_rate
1500859,Anapu,0.708701231428504,14.75,0.9791666666666666,robust_higher_capacity_strengthening_priority,15245,269,441.12823876680875,472.28599540833056,419.8097736962939,426.3693014102984,446.0478845523122,-7.215480485405055,0.046282154639363283,4,higher_priority_higher_observed_rate
1503200,Igarapé-Açu,0.7036507263779991,15.145833333333334,1,robust_higher_capacity_strengthening_priority,18030,240,332.77870216306155,293.9545202440377,349.4176372712147,327.2323904603439,360.51026067665003,17.74819744869661,0.07637626158259736,0,higher_priority_lower_observed_rate
1504901,Muaná,0.7091279932189024,15.208333333333334,1,robust_higher_capacity_strengthening_priority,22371,370,413.48173975235795,375.4861204237629,411.2467033212642,442.5372133565777,424.65692190782704,17.880291448750597,0.059459459459459456,4,higher_priority_higher_observed_rate
1502764,Cumaru do Norte,0.701578724305997,15.958333333333334,0.9583333333333334,robust_higher_capacity_strengthening_priority,6330,118,466.0347551342812,616.1137440758295,394.9447077409163,489.7314375987362,363.349131121643,-66.35071090047396,0.2110152474235379,3,higher_priority_higher_observed_rate
1506583,Santa Maria das Barreiras,0.711744484471757,16.104166666666668,0.9166666666666666,robust_higher_capacity_strengthening_priority,7778,89,286.06325533556185,231.42195937258938,347.13293905888406,244.27873489328874,321.4193880174852,16.713808176909204,0.17224392940175157,0,higher_priority_lower_observed_rate
1507805,Senador José Porfírio,0.7144231946504677,16.208333333333332,0.9375,robust_higher_capacity_strengthening_priority,10381,178,428.66775840477794,356.42038339273677,510.548116751758,356.42038339273677,491.28215008188033,25.045756670840944,0.16928673228448718,3,higher_priority_higher_observed_rate
1507474,São João de Pirabas,0.6896647123919851,18.333333333333332,0.9791666666666666,robust_higher_capacity_strengthening_priority,10031,139,346.4260791546207,289.10377828730935,418.70202372644803,448.60931113548,229.28920346924534,-14.953643704516008,0.260884379344874,2,higher_priority_lower_observed_rate
1506906,Santarém Novo,0.6792134633043724,21.75,0.9166666666666666,robust_higher_capacity_strengthening_priority,2911,48,412.2294744074201,206.11473720371006,790.1064926142219,377.8770182068018,274.8196496049468,-20.611473720371,0.5496210815947049,2,higher_priority_higher_observed_rate
1502806,Curralinho,0.6804054531327258,21.833333333333332,0.875,robust_higher_capacity_strengthening_priority,16040,218,339.77556109725685,218.20448877805484,361.5960099750624,367.8304239401496,411.47132169576065,58.60349127182046,0.21417646843905974,2,higher_priority_lower_observed_rate
1501451,Belterra,0.6663546890819619,24.791666666666668,0.875,robust_higher_capacity_strengthening_priority,8935,120,335.7582540570789,391.717963066592,313.3743704532736,358.1421376608842,279.79854504756577,-29.099048684946816,0.12692955176439844,1,higher_priority_lower_observed_rate
1507102,São Caetano de Odivelas,0.6656463822372914,24.833333333333332,0.9166666666666666,robust_higher_capacity_strengthening_priority,8193,147,448.55364335408274,451.60502868302206,561.4549005248382,414.98840473575,366.16623947272063,-40.27828634199925,0.16026148284884,4,higher_priority_higher_observed_rate
1508001,Tomé-Açu,0.663947163947164,25.0625,0.9375,robust_higher_capacity_strengthening_priority,33173,794,598.378199137853,545.6244536219215,624.001446959877,648.1174449100172,575.7694510595967,11.455099026316589,0.0669759989939966,4,higher_priority_higher_observed_rate
1505601,Peixe-Boi,0.6557109557109558,26.791666666666668,0.9791666666666666,robust_higher_capacity_strengthening_priority,4083,56,342.88513348028414,367.37692872887584,342.8851334802841,342.8851334802841,318.3933382316924,-14.695077149155036,0.05050762722761055,1,higher_priority_lower_observed_rate
1505437,Ourilândia do Norte,0.6550234277507007,27.25,0.7291666666666666,scenario_sensitive_higher_priority,15925,187,293.563579277865,251.1773940345369,383.04552590266877,345.3689167974882,194.66248037676607,-20.722135007849296,0.2541654468089015,1,other_priority_lower_observed_rate
1505403,Ourém,0.6561509155354917,27.8125,0.8541666666666666,robust_higher_capacity_strengthening_priority,8808,102,289.50953678474116,283.8328792007266,215.71298819255225,283.8328792007266,374.6594005449591,34.05994550408719,0.19509557590325877,1,higher_priority_lower_observed_rate
1500404,Alenquer,0.6493254220526947,29.125,0.6458333333333334,scenario_sensitive_higher_priority,33688,260,192.94704345761102,124.67347423414867,163.26288292567085,231.53645214913323,252.31536452149135,45.119924008549035,0.26624720461348894,0,other_priority_lower_observed_rate
1507003,Santo Antônio do Tauá,0.650555673282946,30,0.8125,robust_higher_capacity_strengthening_priority,13701,266,485.3660316765199,408.72928983285885,562.002773520181,437.92423910663456,532.8078242464054,24.81570688270932,0.13131014433513524,4,higher_priority_higher_observed_rate
1504000,Limoeiro do Ajuru,0.6350474441383533,30.5,0.6458333333333334,scenario_sensitive_higher_priority,14278,149,260.89088107578095,147.07942288835972,308.1664098613251,287.15506373441656,301.1626278190223,44.12382686650792,0.253527876074149,0,other_priority_lower_observed_rate
1505031,Novo Progresso,0.6456228956228957,30.729166666666668,0.6666666666666666,scenario_sensitive_higher_priority,16151,401,620.7046003343446,606.7735743916785,575.8157389635317,674.8808123336016,625.3482756485666,15.478917714073441,0.057896193347849886,4,other_priority_higher_observed_rate
1505635,Piçarra,0.6376678792587882,32.875,0.4583333333333333,scenario_sensitive_higher_priority,6098,74,303.3781567727124,278.7799278451951,377.172843555264,229.58346999016072,327.97638570022957,5.684341886080802e-15,0.18130280898646944,1,other_priority_lower_observed_rate
1504802,Monte Alegre,0.6345624072896802,33.541666666666664,0.6041666666666666,scenario_sensitive_higher_priority,29661,383,322.81447017969725,259.6001483429419,316.91446680826675,259.6001483429419,455.14311722463844,52.93145881797648,0.24751903140809692,1,other_priority_lower_observed_rate
1501725,Brasil Novo,0.6307303807303809,33.583333333333336,0.625,scenario_sensitive_higher_priority,12083,207,428.2876769014317,281.3870727468344,529.6697839940412,372.42406687081024,529.6697839940412,58.760241661838926,0.2483580470343372,3,other_priority_higher_observed_rate
1507466,São João da Ponta,0.6166407666407667,35.666666666666664,0.5833333333333334,scenario_sensitive_higher_priority,2143,25,291.6472235184321,279.98133457769484,233.31777881474568,466.63555762949136,186.65422305179655,-4.666355576294921,0.3644173431657719,1,other_priority_lower_observed_rate
1503309,Igarapé-Miri,0.615325163052436,36.208333333333336,0.6458333333333334,scenario_sensitive_higher_priority,31557,348,275.6916056659378,247.17178439015117,294.7048198497956,291.5359508191526,269.3538676046519,6.337738061285916,0.06944279295169292,0,other_priority_lower_observed_rate
1506195,Rurópolis,0.6236463830309592,36.5,0.5625,scenario_sensitive_higher_priority,17398,207,297.4479825267272,195.42476146683526,298.88492930221867,287.3893550982871,408.09288423956775,62.650879411426594,0.2535656709567287,1,other_priority_lower_observed_rate
1503408,Inhangapi,0.6184066774975866,36.583333333333336,0.3958333333333333,scenario_sensitive_higher_priority,5096,87,426.8053375196232,588.6970172684458,333.59497645211934,392.4646781789639,392.4646781789639,-52.98273155416014,0.22611856980351727,3,other_priority_higher_observed_rate
1501576,Bom Jesus do Tocantins,0.6116991594264322,37.020833333333336,0.4791666666666667,scenario_sensitive_higher_priority,8036,141,438.6510701841712,535.0920856147337,497.7600796416127,410.6520657043305,311.10004977600795,-75.90841214534596,0.19692827484985564,3,other_priority_higher_observed_rate
1508159,Uruará,0.6072455322455322,38.625,0.4166666666666667,scenario_sensitive_higher_priority,20746,324,390.43671069121757,313.31340981394004,385.6165043863877,414.53774221536685,448.2791863491757,43.38185674346861,0.12740597185524868,3,other_priority_higher_observed_rate
1502772,Curionópolis,0.6050558027830756,39.895833333333336,0.4166666666666667,scenario_sensitive_higher_priority,9754,156,399.8359647324175,297.31392249333607,512.6102111954069,389.58376050850933,399.8359647324175,18.45396760303467,0.19102133879168373,3,other_priority_higher_observed_rate
1503002,Faro,0.5984636575545665,40.5,0.2708333333333333,scenario_sensitive_higher_priority,4245,143,842.1672555948173,871.6136631330978,706.7137809187279,1036.5135453474675,753.8280329799765,-2.3557126030624547,0.15112015933548462,4,other_priority_higher_observed_rate
1502608,Colares,0.6132802382802381,40.9375,0.625,scenario_sensitive_higher_priority,6422,81,315.32232949237,389.2868265337901,311.4294612270321,249.1435689816257,311.4294612270321,-29.58579881656803,0.15761907820745308,1,other_priority_lower_observed_rate
1507151,São Domingos do Araguaia,0.6001995479268206,41.166666666666664,0.2708333333333333,scenario_sensitive_higher_priority,10376,147,354.1827293754819,404.7802621434078,289.12875867386276,356.5921356977641,366.22976098689287,-4.818812644564349,0.11763004398496989,2,other_priority_higher_observed_rate
1501758,Brejo Grande do Araguaia,0.6017659108568202,41.1875,0.375,scenario_sensitive_higher_priority,3344,62,463.51674641148327,448.5645933014354,269.1387559808613,508.37320574162675,627.9904306220095,77.75119617224877,0.27936303347885116,3,other_priority_higher_observed_rate
1504455,Medicilândia,0.5915618892891621,42.375,0.25,scenario_sensitive_higher_priority,12769,203,397.4469418122015,407.2362753543739,469.8880100242776,407.2362753543739,305.42720651578037,-36.80789411856843,0.14835685070320792,3,other_priority_higher_observed_rate
1505809,Portel,0.6007628734901462,42.916666666666664,0.3958333333333333,scenario_sensitive_higher_priority,29876,367,307.1026911233097,281.1621368322399,328.0224929709466,358.1470076315437,261.0791270585085,-3.012451466059713,0.12435938645497577,1,other_priority_lower_observed_rate
1500909,Augusto Corrêa,0.590461138188411,43.895833333333336,0.20833333333333334,intermediate_or_scenario_sensitive,21776,231,265.2002204261572,174.50404114621603,303.08596620132255,261.756061719324,321.45481263776634,39.95224099926524,0.21361783188701863,0,other_priority_lower_observed_rate
1505007,Nova Timboteua,0.5967483694756422,44.291666666666664,0.3333333333333333,scenario_sensitive_higher_priority,6303,73,289.54466127240994,396.63652229097255,285.57829604950024,190.38553069966682,285.57829604950024,-42.83674440742504,0.2522185293085202,1,other_priority_lower_observed_rate
1507458,São Geraldo do Araguaia,0.5864725341998068,44.875,0.08333333333333333,intermediate_or_scenario_sensitive,12013,200,416.21576625322564,382.9185049529676,424.5400815782902,466.1616582036127,391.2428202780321,6.659452260051603,0.0787400787401181,4,other_priority_higher_observed_rate
1505494,Palestina do Pará,0.5835886251795341,45.770833333333336,0.25,scenario_sensitive_higher_priority,3347,58,433.2237824917837,418.2850313713774,537.795040334628,358.53002688975204,418.2850313713774,-17.926501344487594,0.15030686012209213,4,other_priority_higher_observed_rate
1500701,Anajás,0.5598991076263804,51.979166666666664,0.14583333333333334,intermediate_or_scenario_sensitive,13503,200,370.2880841294527,259.2016588906169,451.75146263793226,414.722654224987,355.4765607642746,25.179589720802788,0.19646882704388494,2,other_priority_higher_observed_rate
1507508,São João do Araguaia,0.5679993407266135,52.333333333333336,0.16666666666666666,intermediate_or_scenario_sensitive,6374,99,388.2962033260119,282.39723878255415,329.46344524631314,423.5958581738312,517.7282711013492,80.0125509883903,0.23276199235965472,2,other_priority_higher_observed_rate
1505650,Placas,0.5573091050363778,52.4375,0,intermediate_or_scenario_sensitive,8813,138,391.4671507999546,306.3655962782253,476.5687053216839,419.834335640531,363.09996595937815,11.346873936230555,0.1620339114130283,2,other_priority_higher_observed_rate
1501600,Bonito,0.560553331301544,53.9375,0.16666666666666666,intermediate_or_scenario_sensitive,6145,69,280.7160292921074,358.01464605370217,292.9210740439382,179.00732302685108,292.9210740439382,-30.919446704637902,0.22960839880804146,1,other_priority_lower_observed_rate
1500131,Abel Figueiredo,0.5493701584610676,54.625,0.3125,scenario_sensitive_higher_priority,3023,73,603.7049288785973,694.6741647370162,529.2755540853457,595.4349983460139,595.4349983460139,-23.155805491233867,0.09782778669236783,4,other_priority_higher_observed_rate
1503093,Goianésia do Pará,0.5500570977843705,55.041666666666664,0,intermediate_or_scenario_sensitive,12837,186,362.2341668614162,319.3892654046896,381.70912206901926,389.49910415206045,358.3391758198956,12.46397133286593,0.07526881720430108,2,other_priority_higher_observed_rate
1500347,Água Azul do Norte,0.5441518918791646,55.9375,0.020833333333333332,intermediate_or_scenario_sensitive,8384,99,295.20515267175574,226.62213740458014,262.40458015267177,322.04198473282446,369.7519083969466,48.9026717557252,0.18597931959113104,1,other_priority_lower_observed_rate
1506609,Santa Maria do Pará,0.5478814956087682,56.354166666666664,0,intermediate_or_scenario_sensitive,12477,132,264.4866554460207,312.57513825438804,208.3834255029254,192.35393123346958,344.6341267932997,8.014747134727912,0.24711373379242557,0,other_priority_lower_observed_rate
1508126,Ulianópolis,0.5347760825033554,59.416666666666664,0,intermediate_or_scenario_sensitive,18972,266,350.516550706304,247.73350200295172,479.6542272823108,263.54627872654436,411.1321948134092,27.408812987560605,0.27981645211922407,2,other_priority_lower_observed_rate
1505304,Oriximiná,0.5291428268700995,60.875,0.10416666666666667,intermediate_or_scenario_sensitive,33838,438,323.60068561971747,384.18346237957326,366.4519179620545,265.9731662627815,277.7941958744607,-41.96465512146107,0.16150446743221364,1,other_priority_lower_observed_rate
1506351,Santa Bárbara do Pará,0.5344782322055049,61.625,0,intermediate_or_scenario_sensitive,10602,148,348.99075646104507,330.12639124693453,396.15166949632146,254.6689303904924,415.016034710432,11.318619128466333,0.18029275762332883,3,other_priority_lower_observed_rate
1507755,Sapucaia,0.5314343905252997,61.625,0.20833333333333334,intermediate_or_scenario_sensitive,2879,60,521.0142410559222,347.34282737061477,451.54567558179923,486.2799583188607,798.888502952414,138.9371309482459,0.32317865716108857,4,other_priority_higher_observed_rate
1503754,Jacareacanga,0.5246485837394929,62.020833333333336,0.020833333333333332,intermediate_or_scenario_sensitive,11482,129,280.87441212332345,165.47639784009755,252.56923880856993,322.2435115833478,383.2085002612785,72.28705800383207,0.28870115425637316,1,other_priority_lower_observed_rate
1504109,Magalhães Barata,0.5186739186739187,63.333333333333336,0,intermediate_or_scenario_sensitive,3964,55,346.8718466195761,302.72452068617554,353.1786074672048,353.1786074672048,378.4056508577195,22.704339051463183,0.07925270806437594,1,other_priority_lower_observed_rate
1504950,Nova Esperança do Piriá,0.5145643497916225,63.916666666666664,0,intermediate_or_scenario_sensitive,9962,135,338.7873920899418,200.76289901626183,371.4113631800843,250.95362377032725,532.0216823930938,87.33186107207388,0.3767597029934672,2,other_priority_lower_observed_rate
1505205,Oeiras do Pará,0.5111423088695818,65.5625,0,intermediate_or_scenario_sensitive,16201,362,558.6074933646071,481.45176223689896,413.5547188445158,611.0733905314487,728.3501018455651,93.82136905129312,0.21659995341339955,4,other_priority_higher_observed_rate
1505064,Novo Repartimento,0.5142644392644392,66.27083333333333,0,intermediate_or_scenario_sensitive,29423,339,288.0399687319444,186.92859327736804,356.8636780749753,295.6870475478367,312.6805560275975,31.60792577235498,0.2169896747091798,0,other_priority_lower_observed_rate
1504406,Marapanim,0.5073868051140777,66.45833333333333,0,intermediate_or_scenario_sensitive,12926,180,348.13554077054,263.0357419155191,402.28995822373514,363.6082314714529,363.6082314714529,26.303574191551906,0.14824071182362594,3,other_priority_lower_observed_rate
1508308,Viseu,0.518998505655809,66.91666666666667,0,intermediate_or_scenario_sensitive,28220,262,232.10489014883063,180.72289156626508,248.05102763997164,223.2459248759745,276.3997165131113,26.22253720765415,0.15132998169159548,0,other_priority_lower_observed_rate
1503044,Floresta do Araguaia,0.504473052200325,69,0,intermediate_or_scenario_sensitive,8400,158,470.2380952380952,380.95238095238096,535.7142857142857,488.0952380952381,476.19047619047626,23.80952380952383,0.11941748268426078,4,other_priority_higher_observed_rate
1506104,Primavera,0.496676555767465,70.0625,0,intermediate_or_scenario_sensitive,5369,84,391.1342894393742,372.5088470851183,540.1378282734214,260.7561929595828,391.13428943937424,-22.35053082510708,0.2542161488578883,3,other_priority_higher_observed_rate
1506187,Rondon do Pará,0.49236479009206285,72.0625,0,intermediate_or_scenario_sensitive,25787,320,310.2338387559623,329.62345367820996,255.9429169736689,298.60006980261375,356.76891456935664,12.409353550238489,0.12086924753633571,1,other_priority_lower_observed_rate
1502855,Curuá,0.4895678353160478,72.58333333333333,0,intermediate_or_scenario_sensitive,6779,70,258.15016964154006,118.01150612184689,324.5316418350789,295.0287653046172,295.0287653046172,50.15489010178492,0.3168724716116976,0,other_priority_lower_observed_rate
1500958,Aurora do Pará,0.49939100877558484,73.625,0,intermediate_or_scenario_sensitive,11695,112,239.4185549380077,290.7225309961522,247.96921761436514,222.31722958529286,196.6652415562206,-30.782385634886715,0.14507211436849934,0,other_priority_lower_observed_rate
1504307,Maracanã,0.48450354359445275,74.64583333333333,0,intermediate_or_scenario_sensitive,12679,191,376.60698793280227,331.25640823408787,457.44932565659747,378.578752267529,339.1434655729947,-5.520940137234788,0.13276149039901528,3,other_priority_higher_observed_rate
1504505,Melgaço,0.47694456217183495,75.35416666666667,0,intermediate_or_scenario_sensitive,13313,150,281.6795613310298,322.99256365958087,338.01547359723577,247.87801397130627,217.8321940959964,-40.56185683166829,0.17838784213679534,0,other_priority_lower_observed_rate
1506708,Santana do Araguaia,0.4858776702622465,76.1875,0,intermediate_or_scenario_sensitive,15740,439,697.2681067344346,717.9161372299873,730.6226175349428,692.5031766200763,648.0304955527318,-24.777636594663285,0.04527245310786287,4,other_priority_higher_observed_rate
1502905,Curuçá,0.4781068258340985,76.41666666666667,0,intermediate_or_scenario_sensitive,20517,198,241.2633425939465,346.05449139737783,219.33031144904226,180.33825608032365,219.33031144904226,-41.91645952137253,0.2593029828887563,1,other_priority_lower_observed_rate
1504059,Mãe do Rio,0.47643627416354706,77.8125,0,intermediate_or_scenario_sensitive,17466,180,257.64342150463756,303.44669643879536,291.9958777052559,206.11473720371006,229.01637467078896,-30.917210580556503,0.1594744454934147,0,other_priority_lower_observed_rate
1504604,Mocajuba,0.4751412728685456,78.54166666666667,0,intermediate_or_scenario_sensitive,13398,202,376.9219286460666,306.01582325720256,291.0882221227049,455.2918346021794,455.2918346021794,61.2031646514405,0.20839173445395232,2,other_priority_higher_observed_rate
1500503,Almeirim,0.4694432671705398,80.25,0,intermediate_or_scenario_sensitive,16633,235,353.21349125232973,366.74081644922745,336.6800937894547,360.7286719172729,348.7043828533638,-3.006072265977269,0.03268572658667492,2,other_priority_higher_observed_rate
1504703,Moju,0.46919923085653426,80.66666666666667,0,intermediate_or_scenario_sensitive,40213,565,351.25456941784995,348.1461219008778,343.17260587372243,363.066669982344,350.63287991445554,2.7354338149354818,0.02086694888947186,2,other_priority_higher_observed_rate
1500206,Acará,0.46276223776223785,82.85416666666667,0,intermediate_or_scenario_sensitive,28472,357,313.4658611969654,323.12447316661985,365.2711435796572,298.53891542568135,266.92891261590336,-23.53189098061253,0.11464079512426398,0,other_priority_lower_observed_rate
1507409,São Francisco do Pará,0.4634862612135339,83.1875,0,intermediate_or_scenario_sensitive,7348,65,221.14861186717474,176.91888949373978,231.35547087642897,258.57376156777354,217.74632553075668,14.970059880239527,0.13323467750529827,0,other_priority_lower_observed_rate
1506203,Salinópolis,0.46173800946528215,83.85416666666667,0,intermediate_or_scenario_sensitive,22189,508,572.3556717292352,473.20744513047003,662.4904231826581,585.8758844472486,567.848934156564,20.730992834287253,0.11771587706870912,4,other_priority_higher_observed_rate
1508209,Vigia,0.4599897577170304,84.83333333333333,0,intermediate_or_scenario_sensitive,25137,288,286.4303616183316,246.64836694911884,266.5393642837252,314.2777578867805,318.2559573537017,26.25611648168039,0.10713367097598273,0,other_priority_lower_observed_rate
1507953,Tailândia,0.45675225447952733,85.375,0,intermediate_or_scenario_sensitive,35923,648,450.9645630932829,406.42485315814383,528.9090554797763,425.91097625476715,442.6133674804443,0.5567463741892311,0.10375145872821986,4,other_priority_higher_observed_rate
1501907,Bujaru,0.45057627557627566,85.41666666666667,0,intermediate_or_scenario_sensitive,12030,158,328.3458021612635,324.18952618453864,299.25187032418955,399.002493765586,290.93931837073984,5.684341886080802e-15,0.12970823754379232,2,other_priority_lower_observed_rate
1508357,Vitória do Xingu,0.4490222740222742,86.04166666666667,0,intermediate_or_scenario_sensitive,7576,241,795.274551214361,950.3695881731784,752.375923970433,699.5776135163675,778.7750791974656,-56.75818373812037,0.1181662312522667,4,other_priority_higher_observed_rate
1505486,Pacajá,0.44849098287555905,87.875,0,intermediate_or_scenario_sensitive,19465,275,353.19804777806314,375.03210891343434,380.16953506293345,303.1081428204469,354.482404315438,-13.871050603647564,0.08628225831057947,2,other_priority_higher_observed_rate
1503903,Juruti,0.447325481710058,88.16666666666667,0,intermediate_or_scenario_sensitive,24727,460,465.0786589557973,562.1385529987464,465.0786589557973,420.59287418611234,412.50454968253325,-49.33877947183244,0.1279472953874971,4,other_priority_higher_observed_rate
1501782,Breu Branco,0.4491647241647241,88.39583333333333,0,intermediate_or_scenario_sensitive,22612,303,334.9991155138864,300.7252786131258,340.5271537236865,305.1477091809659,393.59632053776755,24.323368123120463,0.1109912324805296,1,other_priority_lower_observed_rate
1502954,Eldorado do Carajás,0.4196375173647901,91.77083333333333,0,intermediate_or_scenario_sensitive,13749,227,412.75729143937735,392.75583678813,349.1162993672267,370.9360680776783,538.2209615244744,45.82151429194849,0.17943094144860175,3,other_priority_higher_observed_rate
1507979,Terra Santa,0.4373654964564057,92.16666666666667,0,intermediate_or_scenario_sensitive,9263,186,501.9971931339739,313.0735182986074,658.5339522832775,539.7819281010471,496.5993738529634,43.18255424808378,0.24731182795698917,3,other_priority_higher_observed_rate
1506005,Prainha,0.4278737256009983,95.04166666666667,0,intermediate_or_scenario_sensitive,17110,199,290.76563413208646,222.09234365867914,239.6259497369959,374.0502630040912,327.29398012857973,45.00292226767971,0.21479105802173384,1,other_priority_lower_observed_rate
1504422,Marituba,0.42753820253820246,95.33333333333333,0,intermediate_or_scenario_sensitive,57093,739,323.59483649484173,322.28119033857035,310.0204928800378,294.25673900478165,367.8209237559771,12.08554463769641,0.08466841792130267,1,other_priority_lower_observed_rate
1501105,Bagre,0.4018312495585223,96.35416666666667,0,intermediate_or_scenario_sensitive,15639,182,290.9393183707398,191.82812200268557,402.8390562056398,268.5593708037598,300.53072447087413,19.182812200268568,0.2602795446665278,1,other_priority_lower_observed_rate
1502301,Capitão Poço,0.41340973840973855,96.39583333333333,0,intermediate_or_scenario_sensitive,27835,260,233.5189509610203,226.33375246991199,244.29674869768277,233.51895096102032,229.92635171546613,-2.842170943040401e-15,0.02878197989826109,0,other_priority_lower_observed_rate
1508084,Tucumã,0.41153198653198647,96.97916666666667,0,intermediate_or_scenario_sensitive,19793,194,245.03612388218056,131.35957156570504,267.77143434547565,293.03289041580354,287.98059920173796,49.51245389784266,0.27060628347230276,0,other_priority_lower_observed_rate
1508035,Tracuateua,0.4031910009182736,97.79166666666667,0,intermediate_or_scenario_sensitive,13891,137,246.56252249658053,259.16060758764667,223.16607875602907,280.75732488661725,223.16607875602907,-5.039234036426461,0.09981601701589306,0,other_priority_lower_observed_rate
1502004,Cachoeira do Arari,0.40452426361517274,99.70833333333333,0,intermediate_or_scenario_sensitive,11855,220,463.93926613243354,472.3745255166597,582.0328975115985,396.457191058625,404.8924504428511,-38.802193167439924,0.16006197146962745,4,other_priority_higher_observed_rate
1500305,Afuá,0.3912769890042617,99.95833333333333,0,intermediate_or_scenario_sensitive,18057,200,276.900924849089,215.98272138228944,238.13479537021652,315.66705432796147,337.8191283158886,44.304147975854235,0.18439088914585774,0,other_priority_lower_observed_rate
1503101,Gurupá,0.39037048809776076,100.70833333333333,0,intermediate_or_scenario_sensitive,15079,149,247.03229657139065,145.8982691159891,344.8504542741561,271.90131971616154,225.4791431792559,16.579348763180583,0.29246655797987825,0,other_priority_lower_observed_rate
1504976,Nova Ipixuna,0.3923779881262006,100.95833333333333,0,intermediate_or_scenario_sensitive,6661,91,341.54030926287345,330.28073862783367,390.33178201471253,345.29349947455336,300.25521693439424,-13.511484762047747,0.09516762678949878,2,other_priority_lower_observed_rate
1506559,Santa Luzia do Pará,0.39170375079465997,103.5,0,intermediate_or_scenario_sensitive,10130,95,234.45212240868707,236.92003948667323,217.17670286278383,266.53504442250744,217.17670286278383,-0.9871668311944604,0.08616160812497317,0,other_priority_lower_observed_rate
1501501,Benevides,0.3955128205128205,103.58333333333333,0,intermediate_or_scenario_sensitive,32316,474,366.69142220571854,365.1442010149771,349.6719891075628,371.3330857779428,380.6164129223914,6.807773239262292,0.030717763245909396,3,other_priority_higher_observed_rate
1502939,Dom Eliseu,0.3865384615384615,104.58333333333333,0,intermediate_or_scenario_sensitive,29577,222,187.64580586266356,152.14524799675425,172.43128106298815,209.62234168441694,216.3843527064949,22.99083747506507,0.14101329587836506,0,other_priority_lower_observed_rate
1502707,Conceição do Araguaia,0.38065797838525106,104.64583333333333,0,intermediate_or_scenario_sensitive,22127,429,484.70194784652233,555.881954173634,501.6495684005966,424.82035522212675,456.45591358973195,-37.51073349301759,0.10179303291793965,4,other_priority_higher_observed_rate
1503804,Jacundá,0.3758049610322339,106.875,0,intermediate_or_scenario_sensitive,19203,314,408.79029318335677,463.4692495964173,406.1865333541634,369.73389574545644,395.77149403738997,-23.95459042857889,0.08377672890424151,4,other_priority_higher_observed_rate
1503077,Garrafão do Norte,0.37489846012573286,107.04166666666667,0,intermediate_or_scenario_sensitive,12009,172,358.0647847447747,241.48555250228992,358.0647847447748,374.71896077941545,457.98984095261886,66.61670413856275,0.2156655464068769,2,other_priority_higher_observed_rate
1507300,São Félix do Xingu,0.3738320979894014,107.22916666666667,0,intermediate_or_scenario_sensitive,30588,613,501.01346933437947,411.9262455865045,523.0809467765137,477.31136393356877,591.7353210409311,49.36576435203351,0.13094339330199328,4,other_priority_higher_observed_rate
1507706,São Sebastião da Boa Vista,0.36669138941866214,107.64583333333333,0,intermediate_or_scenario_sensitive,12314,189,383.7095988305993,227.38346597368846,438.5252558063992,438.5252558063992,430.4044177359104,60.90628552866658,0.23537541184693359,3,other_priority_higher_observed_rate
1502756,Concórdia do Pará,0.3694108921381651,107.95833333333333,0,intermediate_or_scenario_sensitive,13331,247,463.2060610606856,397.5695746755682,510.0892656214838,487.58532743230063,457.5800765133899,15.752756732428185,0.0911605688194146,4,other_priority_higher_observed_rate
1506500,Santa Izabel do Pará,0.38091815591815587,108.6875,0,intermediate_or_scenario_sensitive,33377,420,314.5878898642778,308.59573958114873,293.6153638733259,317.58396500584234,338.5564909967942,11.385085537945281,0.051727526148572456,0,other_priority_lower_observed_rate
1503507,Irituia,0.3694444444444444,110.39583333333333,0,intermediate_or_scenario_sensitive,15044,137,227.66551449082687,259.2395639457591,252.59239563945758,159.53203935123636,239.29805902685456,-15.288487104493475,0.1756380936571674,0,other_priority_lower_observed_rate
1503705,Itupiranga,0.357027442254715,113.0625,0,robust_lower_relative_priority,23706,308,324.8122838100059,345.9039905509154,413.3974521218257,278.41052898000504,261.5371635872775,-38.80874040327343,0.18503645258149362,2,other_priority_lower_observed_rate
1503457,Ipixuna do Pará,0.3477649454922182,115.22916666666667,0,robust_lower_relative_priority,14692,268,456.0304927851892,387.96624013068333,442.417642254288,449.22406751973864,544.5140212360468,47.6449768581541,0.12352944296452872,4,other_priority_higher_observed_rate
1502509,Chaves,0.34210520119611026,115.64583333333333,0,robust_lower_relative_priority,9639,120,311.2356053532524,145.24328249818447,529.1005291005291,321.61012553169417,248.98848428260195,10.374520178441745,0.45154057280480225,1,other_priority_lower_observed_rate
1506302,Salvaterra,0.34566969226060135,116.02083333333333,0,robust_lower_relative_priority,12078,280,579.5661533366451,471.93243914555393,703.758900480212,579.5661533366451,563.0071203841695,14.903129657227993,0.14249955245185716,4,other_priority_higher_observed_rate
1507607,São Miguel do Guamá,0.3403069153069153,116.25,0,robust_lower_relative_priority,26713,459,429.56612885112116,437.98899412271174,557.7808557631116,329.42761951109946,393.0670460075619,-36.31190805974617,0.19431548300901816,3,other_priority_higher_observed_rate
1501204,Baião,0.3365899209744972,117.16666666666667,0,robust_lower_relative_priority,25724,276,268.23200124397454,268.23200124397454,279.8942621676256,252.68232001243976,272.1194215518582,-1.554968123153489,0.036949416765165104,0,other_priority_lower_observed_rate
1506138,Redenção,0.3363539470025682,117.6875,0,robust_lower_relative_priority,43371,813,468.6311129556616,419.63524013741903,440.38643333102766,468.0546909225058,546.448087431694,40.810679947430316,0.1026378750248384,4,other_priority_higher_observed_rate
1500602,Altamira,0.31543063158231704,118.79166666666667,0,robust_lower_relative_priority,63337,1115,440.10609912057726,415.239117735289,492.60305982285234,424.7122535011131,427.86996542305445,-2.9998263258442988,0.06967288110996214,4,other_priority_higher_observed_rate
1502400,Castanhal,0.3094154960727994,120.85416666666667,0,robust_lower_relative_priority,99750,1621,406.265664160401,443.10776942355886,413.0325814536341,391.9799498746867,376.9423558897243,-21.95488721804511,0.06112946785285776,4,other_priority_higher_observed_rate
1505908,Porto de Moz,0.31626163814621416,120.875,0,robust_lower_relative_priority,19479,228,292.62282458031723,338.82642846142,318.2914934031521,266.9541557574824,246.41922069921452,-32.855896093228615,0.12772122612772843,1,other_priority_lower_observed_rate
1505536,Parauapebas,0.30286911902080443,122.47916666666667,0,robust_lower_relative_priority,133914,2066,385.69529698164496,443.56826022671265,422.65931866720433,339.02355242917093,337.5300566034918,-40.175037710769594,0.12443545206971994,2,other_priority_higher_observed_rate
1505700,Ponta de Pedras,0.3105719196628289,122.89583333333333,0,robust_lower_relative_priority,12142,252,518.8601548344589,543.5677812551473,543.5677812551473,543.5677812551473,444.7372755723934,-29.64915170482618,0.08247860988423214,4,other_priority_higher_observed_rate
1507201,São Domingos do Capim,0.3022456499729227,124.5625,0,robust_lower_relative_priority,14584,155,265.70213933077343,239.98902907295667,253.7026878771256,281.1300054854635,287.986834887548,17.142073505211194,0.07384208478877162,0,other_priority_lower_observed_rate
1508100,Tucuruí,0.29053797845932683,126.22916666666667,0,robust_lower_relative_priority,46135,828,448.683212311694,442.18055706079986,448.6832123116939,429.1752465590116,474.6938333152704,7.803186301072936,0.0369494167651651,4,other_priority_higher_observed_rate
1501709,Bragança,0.27542818708549044,127.72916666666667,0,robust_lower_relative_priority,61501,660,268.2883205151135,276.41826962163213,289.4261881920619,260.158371408595,247.15045283816525,-11.707126713386756,0.05969004728361269,0,other_priority_lower_observed_rate
1506807,Santarém,0.2711253997770851,127.95833333333333,0,robust_lower_relative_priority,168862,2032,300.8373701602492,294.32317513709415,324.52535206263104,278.92598690054604,305.5749665407256,-1.1843990951190677,0.05527606725235817,0,other_priority_lower_observed_rate
1506161,Rio Maria,0.24434374122831737,131.02083333333334,0,robust_lower_relative_priority,9063,143,394.46099525543417,507.5582036853139,264.81297583581596,331.01621979476994,474.45658170583687,-3.310162197947716,0.25358691418837404,2,other_priority_higher_observed_rate
1502152,Canaã dos Carajás,0.2290789134634895,132.58333333333334,0,robust_lower_relative_priority,37692,843,559.137217446673,437.75867558102516,565.1066539318689,573.0659025787966,660.6176376950016,67.65361349888569,0.1421261604819634,4,other_priority_higher_observed_rate
1507904,Soure,0.21901616476437724,133.6875,0,robust_lower_relative_priority,12264,432,880.6262230919765,905.0880626223092,880.6262230919765,864.3183300717546,872.4722765818656,-11.415525114155264,0.01732248790173123,4,other_priority_higher_observed_rate
1500800,Ananindeua,0.20877894473400094,134.47916666666666,0,robust_lower_relative_priority,251474,3049,303.1128466561155,336.0188329608627,341.9836643151976,265.6338229797116,268.8150663686902,-27.796114111200342,0.11866174756473905,1,other_priority_lower_observed_rate
1508407,Xinguara,0.21007954800089632,134.77083333333334,0,robust_lower_relative_priority,26303,517,491.3888149640725,387.7884651940843,517.0512869254458,402.99585598600913,657.7196517507508,69.57381287305628,0.22029071198116565,4,other_priority_higher_observed_rate
1501808,Breves,0.20631433173568003,134.79166666666666,0,robust_lower_relative_priority,51690,761,368.05958599342233,321.14528922422136,355.9682723931128,398.5296962662024,396.59508609015285,26.891081447088407,0.08687718620796632,2,other_priority_higher_observed_rate
1505502,Paragominas,0.20723018138748475,135.10416666666666,0,robust_lower_relative_priority,53089,858,404.0385013844676,320.2169941042401,474.67460302510875,414.3984629584283,406.86394545009324,19.9664713970879,0.13629887091882245,3,other_priority_higher_observed_rate
1501402,Belém,0.18809893809893816,136.9375,0,robust_lower_relative_priority,692626,9098,328.38790342840144,350.4055579778986,363.83271780152637,304.6377121274685,294.6756258067124,-22.638480218761647,0.0893242619929541,1,other_priority_lower_observed_rate
1500107,Abaetetuba,0.16197436042941663,139.125,0,robust_lower_relative_priority,78891,1201,380.58840678911406,310.55506965306563,408.1580915440291,381.53908557376633,422.1013803855953,30.80199262273262,0.11292936566674537,3,other_priority_higher_observed_rate
1503606,Itaituba,0.14735703331208946,140.35416666666666,0,robust_lower_relative_priority,61026,1273,521.4990331989643,471.9299970504375,550.5849965588437,493.2323927506308,570.2487464359453,23.760364434831057,0.07717164434883986,4,other_priority_higher_observed_rate
1504208,Marabá,0.14612030707536328,140.66666666666666,0,robust_lower_relative_priority,133761,2065,385.94956676460254,399.21950344270755,369.31542078782303,391.74348277898633,383.5198600488932,-2.4670868190279807,0.028743276032448844,4,other_priority_higher_observed_rate
1501303,Barcarena,0.13855102450608067,141.1875,0,robust_lower_relative_priority,63256,1063,420.11824965220694,409.44732515492603,425.25610218793474,456.8736562539522,388.89591501201465,-3.003667636271666,0.05910174430666069,4,other_priority_higher_observed_rate
1502103,Cametá,0.12345978511708848,142.625,0,robust_lower_relative_priority,65344,784,299.9510284035259,273.9348677766895,350.4529872673849,290.7688540646425,284.6474045053869,-2.754652301665027,0.0992605941752231,0,other_priority_lower_observed_rate
1502202,Capanema,0.10610676776407113,143.22916666666666,0,robust_lower_relative_priority,36044,420,291.310620352902,230.27410942181777,327.3776495394518,357.8959050049939,249.69481744534457,8.87803795361225,0.18157786633273926,0,other_priority_lower_observed_rate