transport_scenario,macro_weight_scheme,method_a,method_b,spearman_rank_correlation,top_10_overlap,top_quartile_overlap,mean_absolute_rank_shift,maximum_absolute_rank_shift
equal_modes__equal_roles,equal_dimensions,additive,topsis,0.9729121453259384,9.0,29.0,7.486111111111111,27.0
equal_modes__equal_roles,equal_dimensions,additive,promethee_ii,0.9265732790254201,8.0,29.0,12.055555555555555,46.0
equal_modes__equal_roles,equal_dimensions,topsis,promethee_ii,0.9355235421679973,7.0,27.0,11.222222222222221,50.0
equal_modes__equal_roles,institutional_emphasis,additive,topsis,0.9951089140744313,8.0,35.0,2.9583333333333335,13.0
equal_modes__equal_roles,institutional_emphasis,additive,promethee_ii,0.9643123759886576,8.0,30.0,8.256944444444445,32.0
equal_modes__equal_roles,institutional_emphasis,topsis,promethee_ii,0.9551671648659882,7.0,30.0,9.36111111111111,39.0
equal_modes__equal_roles,service_network_emphasis,additive,topsis,0.9488063660477453,8.0,32.0,10.319444444444445,42.0
equal_modes__equal_roles,service_network_emphasis,additive,promethee_ii,0.9451543608372693,8.0,31.0,10.416666666666666,35.0
equal_modes__equal_roles,service_network_emphasis,topsis,promethee_ii,0.957020535308384,6.0,31.0,9.38888888888889,40.5
equal_modes__equal_roles,transport_emphasis,additive,topsis,0.9506189213085765,7.0,30.0,10.375,31.0
equal_modes__equal_roles,transport_emphasis,additive,promethee_ii,0.8990686866691797,7.0,28.0,14.20138888888889,43.5
equal_modes__equal_roles,transport_emphasis,topsis,promethee_ii,0.9703685768617333,7.0,33.0,6.840277777777778,43.0
equal_modes__availability_emphasis,equal_dimensions,additive,topsis,0.9723977172253034,7.0,31.0,7.638888888888889,26.0
equal_modes__availability_emphasis,equal_dimensions,additive,promethee_ii,0.931402878613145,8.0,29.0,11.840277777777779,43.0
equal_modes__availability_emphasis,equal_dimensions,topsis,promethee_ii,0.9361653814390571,5.0,28.0,11.159722222222221,52.0
equal_modes__availability_emphasis,institutional_emphasis,additive,topsis,0.9950044208664899,9.0,34.0,2.7916666666666665,15.0
equal_modes__availability_emphasis,institutional_emphasis,additive,promethee_ii,0.9630121584969209,8.0,30.0,8.319444444444445,31.0
equal_modes__availability_emphasis,institutional_emphasis,topsis,promethee_ii,0.9530410249483915,8.0,29.0,9.722222222222221,37.0
equal_modes__availability_emphasis,service_network_emphasis,additive,topsis,0.950916325054256,8.0,32.0,10.055555555555555,38.0
equal_modes__availability_emphasis,service_network_emphasis,additive,promethee_ii,0.947989365803145,7.0,32.0,10.125,37.0
equal_modes__availability_emphasis,service_network_emphasis,topsis,promethee_ii,0.9601510364483016,5.0,31.0,9.0625,36.0
equal_modes__availability_emphasis,transport_emphasis,additive,topsis,0.953809983120328,7.0,32.0,10.083333333333334,32.0
equal_modes__availability_emphasis,transport_emphasis,additive,promethee_ii,0.9105797741483539,6.0,30.0,13.48611111111111,43.5
equal_modes__availability_emphasis,transport_emphasis,topsis,promethee_ii,0.9730976713611702,8.0,33.0,6.694444444444445,43.5
equal_modes__proximity_emphasis,equal_dimensions,additive,topsis,0.969644723092999,8.0,28.0,7.833333333333333,29.0
equal_modes__proximity_emphasis,equal_dimensions,additive,promethee_ii,0.9293663265340167,8.0,26.0,12.118055555555555,47.0
equal_modes__proximity_emphasis,equal_dimensions,topsis,promethee_ii,0.9358167985639381,7.0,26.0,10.979166666666666,49.0
equal_modes__proximity_emphasis,institutional_emphasis,additive,topsis,0.9943453098625513,8.0,36.0,3.1805555555555554,13.0
equal_modes__proximity_emphasis,institutional_emphasis,additive,promethee_ii,0.9647273012431223,8.0,31.0,8.17361111111111,32.0
equal_modes__proximity_emphasis,institutional_emphasis,topsis,promethee_ii,0.9560462747115774,7.0,31.0,9.409722222222221,35.0
equal_modes__proximity_emphasis,service_network_emphasis,additive,topsis,0.947387669801463,8.0,31.0,10.38888888888889,42.0
equal_modes__proximity_emphasis,service_network_emphasis,additive,promethee_ii,0.9468612820304511,8.0,29.0,10.319444444444445,37.0
equal_modes__proximity_emphasis,service_network_emphasis,topsis,promethee_ii,0.9584140072916909,6.0,30.5,9.118055555555555,40.0
equal_modes__proximity_emphasis,transport_emphasis,additive,topsis,0.9484285829113415,8.0,31.0,10.416666666666666,32.0
equal_modes__proximity_emphasis,transport_emphasis,additive,promethee_ii,0.895579525127935,8.0,30.0,14.590277777777779,47.0
equal_modes__proximity_emphasis,transport_emphasis,topsis,promethee_ii,0.9686462266495977,9.0,34.0,6.694444444444445,46.0
road_emphasis__equal_roles,equal_dimensions,additive,topsis,0.9693552957063253,8.0,28.0,7.875,27.0
road_emphasis__equal_roles,equal_dimensions,additive,promethee_ii,0.9288568486139003,7.0,28.0,11.965277777777779,47.0
road_emphasis__equal_roles,equal_dimensions,topsis,promethee_ii,0.9304162166277729,6.0,26.0,11.381944444444445,46.0
road_emphasis__equal_roles,institutional_emphasis,additive,topsis,0.993320459208382,7.0,36.0,3.6527777777777777,13.0
road_emphasis__equal_roles,institutional_emphasis,additive,promethee_ii,0.9653943151416595,8.0,31.0,8.222222222222221,33.0
road_emphasis__equal_roles,institutional_emphasis,topsis,promethee_ii,0.9560460980746319,7.0,31.0,9.45138888888889,35.0
road_emphasis__equal_roles,service_network_emphasis,additive,topsis,0.9438508637787634,8.0,31.0,10.73611111111111,47.0
road_emphasis__equal_roles,service_network_emphasis,additive,promethee_ii,0.9478521844466034,7.0,28.0,10.152777777777779,36.0
road_emphasis__equal_roles,service_network_emphasis,topsis,promethee_ii,0.9571944011588704,5.0,30.0,8.819444444444445,39.0
road_emphasis__equal_roles,transport_emphasis,additive,topsis,0.9403061255247278,7.0,28.0,11.125,32.0
road_emphasis__equal_roles,transport_emphasis,additive,promethee_ii,0.899870888734559,8.0,27.0,14.305555555555555,44.0
road_emphasis__equal_roles,transport_emphasis,topsis,promethee_ii,0.9760676805502756,9.0,34.0,6.180555555555555,39.0
road_emphasis__availability_emphasis,equal_dimensions,additive,topsis,0.9711196849127883,8.0,31.0,7.569444444444445,27.0
road_emphasis__availability_emphasis,equal_dimensions,additive,promethee_ii,0.9257028717888156,6.0,28.0,12.368055555555555,45.0
road_emphasis__availability_emphasis,equal_dimensions,topsis,promethee_ii,0.9324145913757046,4.0,26.0,11.493055555555555,47.0
road_emphasis__availability_emphasis,institutional_emphasis,additive,topsis,0.9946547705168396,8.0,35.0,3.0972222222222223,16.0
road_emphasis__availability_emphasis,institutional_emphasis,additive,promethee_ii,0.9625740877364252,7.0,31.0,8.527777777777779,33.0
road_emphasis__availability_emphasis,institutional_emphasis,topsis,promethee_ii,0.9532942218099623,6.0,31.0,9.666666666666666,36.0
road_emphasis__availability_emphasis,service_network_emphasis,additive,topsis,0.9477775098464754,8.0,31.0,10.375,46.0
road_emphasis__availability_emphasis,service_network_emphasis,additive,promethee_ii,0.9483956016915837,7.0,28.0,10.04861111111111,34.0
road_emphasis__availability_emphasis,service_network_emphasis,topsis,promethee_ii,0.9581377404620535,5.0,31.0,8.958333333333334,39.0
road_emphasis__availability_emphasis,transport_emphasis,additive,topsis,0.9421188007394905,6.0,29.0,11.11111111111111,33.0
road_emphasis__availability_emphasis,transport_emphasis,additive,promethee_ii,0.8909209470546727,6.0,27.0,14.76388888888889,50.0
road_emphasis__availability_emphasis,transport_emphasis,topsis,promethee_ii,0.9688054184937853,8.0,33.0,7.131944444444445,47.0
road_emphasis__proximity_emphasis,equal_dimensions,additive,topsis,0.969110200144683,8.0,29.0,7.930555555555555,29.0
road_emphasis__proximity_emphasis,equal_dimensions,additive,promethee_ii,0.9381708573125849,8.0,29.5,11.069444444444445,46.0
road_emphasis__proximity_emphasis,equal_dimensions,topsis,promethee_ii,0.9425897365168807,6.0,28.5,10.430555555555555,44.0
road_emphasis__proximity_emphasis,institutional_emphasis,additive,topsis,0.9938228438228439,7.0,35.0,3.4444444444444446,14.0
road_emphasis__proximity_emphasis,institutional_emphasis,additive,promethee_ii,0.9692314957829982,8.0,31.0,7.6875,33.0
road_emphasis__proximity_emphasis,institutional_emphasis,topsis,promethee_ii,0.9612376930897365,6.0,31.0,8.76388888888889,31.0
road_emphasis__proximity_emphasis,service_network_emphasis,additive,topsis,0.9404629852905715,8.0,30.0,10.916666666666666,44.0
road_emphasis__proximity_emphasis,service_network_emphasis,additive,promethee_ii,0.9496919423398551,6.0,29.0,10.041666666666666,39.0
road_emphasis__proximity_emphasis,service_network_emphasis,topsis,promethee_ii,0.9574848182291269,5.0,32.0,8.777777777777779,39.0
road_emphasis__proximity_emphasis,transport_emphasis,additive,topsis,0.9436259143155695,8.0,29.0,10.833333333333334,34.0
road_emphasis__proximity_emphasis,transport_emphasis,additive,promethee_ii,0.9195248699021157,9.0,30.0,12.569444444444445,39.0
road_emphasis__proximity_emphasis,transport_emphasis,topsis,promethee_ii,0.9820148223248264,8.0,34.0,5.166666666666667,35.0
water_emphasis__equal_roles,equal_dimensions,additive,topsis,0.9731412265895024,8.0,28.0,7.333333333333333,25.0
water_emphasis__equal_roles,equal_dimensions,additive,promethee_ii,0.9241628210077983,8.0,27.0,12.194444444444445,48.0
water_emphasis__equal_roles,equal_dimensions,topsis,promethee_ii,0.9249967597002464,6.0,28.0,12.152777777777779,49.0
water_emphasis__equal_roles,institutional_emphasis,additive,topsis,0.9957961578651235,9.0,35.0,2.5555555555555554,16.0
water_emphasis__equal_roles,institutional_emphasis,additive,promethee_ii,0.9634613182072721,8.0,31.0,8.270833333333334,33.0
water_emphasis__equal_roles,institutional_emphasis,topsis,promethee_ii,0.953675068390461,8.0,31.0,9.70138888888889,38.5
water_emphasis__equal_roles,service_network_emphasis,additive,topsis,0.9481472550438067,8.0,31.0,10.375,39.0
water_emphasis__equal_roles,service_network_emphasis,additive,promethee_ii,0.9458264885301017,8.0,31.333333333333336,10.36111111111111,37.0
water_emphasis__equal_roles,service_network_emphasis,topsis,promethee_ii,0.9534485791299536,6.0,29.666666666666664,9.631944444444445,36.0
water_emphasis__equal_roles,transport_emphasis,additive,topsis,0.9590065107306487,8.0,29.0,9.277777777777779,29.0
water_emphasis__equal_roles,transport_emphasis,additive,promethee_ii,0.8968420630030597,8.0,29.0,14.354166666666666,48.0
water_emphasis__equal_roles,transport_emphasis,topsis,promethee_ii,0.9615019040544813,7.0,32.0,8.04861111111111,45.0
water_emphasis__availability_emphasis,equal_dimensions,additive,topsis,0.971785800765904,7.0,28.0,7.520833333333333,26.0
water_emphasis__availability_emphasis,equal_dimensions,additive,promethee_ii,0.9294677350523245,9.0,27.5,11.729166666666666,43.0
water_emphasis__availability_emphasis,equal_dimensions,topsis,promethee_ii,0.9278953777720536,6.0,26.0,12.04861111111111,50.0
water_emphasis__availability_emphasis,institutional_emphasis,additive,topsis,0.9949732688025165,9.0,34.0,2.8819444444444446,21.0
water_emphasis__availability_emphasis,institutional_emphasis,additive,promethee_ii,0.9634773574809127,10.0,31.0,8.229166666666666,33.0
water_emphasis__availability_emphasis,institutional_emphasis,topsis,promethee_ii,0.9518966636496236,9.0,30.0,9.895833333333334,39.0
water_emphasis__availability_emphasis,service_network_emphasis,additive,topsis,0.9498995257615948,8.0,30.0,10.23611111111111,40.0
water_emphasis__availability_emphasis,service_network_emphasis,additive,promethee_ii,0.9486617080062905,7.0,32.0,10.1875,32.0
water_emphasis__availability_emphasis,service_network_emphasis,topsis,promethee_ii,0.9553072009987872,5.0,30.0,9.63888888888889,36.0
water_emphasis__availability_emphasis,transport_emphasis,additive,topsis,0.9659151193633952,8.0,30.0,8.416666666666666,25.0
water_emphasis__availability_emphasis,transport_emphasis,additive,promethee_ii,0.9053713117308338,7.0,28.0,13.76388888888889,45.0
water_emphasis__availability_emphasis,transport_emphasis,topsis,promethee_ii,0.9618444863232635,8.0,32.0,7.881944444444445,47.0
water_emphasis__proximity_emphasis,equal_dimensions,additive,topsis,0.971167912547223,8.0,27.0,7.486111111111111,28.0
water_emphasis__proximity_emphasis,equal_dimensions,additive,promethee_ii,0.9255655951752875,9.0,26.0,12.395833333333334,47.0
water_emphasis__proximity_emphasis,equal_dimensions,topsis,promethee_ii,0.9218279497512387,7.0,26.0,12.368055555555555,48.0
water_emphasis__proximity_emphasis,institutional_emphasis,additive,topsis,0.9950486295313883,9.0,35.0,2.9444444444444446,14.0
water_emphasis__proximity_emphasis,institutional_emphasis,additive,promethee_ii,0.9641285432460439,9.0,33.0,8.409722222222221,34.5
water_emphasis__proximity_emphasis,institutional_emphasis,topsis,promethee_ii,0.9541092119248017,8.0,33.0,9.659722222222221,36.0
water_emphasis__proximity_emphasis,service_network_emphasis,additive,topsis,0.946302548026686,8.0,31.0,10.333333333333334,41.0
water_emphasis__proximity_emphasis,service_network_emphasis,additive,promethee_ii,0.9435979363352072,8.0,29.0,10.756944444444445,38.0
water_emphasis__proximity_emphasis,service_network_emphasis,topsis,promethee_ii,0.9498656137886574,6.0,32.0,9.92361111111111,39.0
water_emphasis__proximity_emphasis,transport_emphasis,additive,topsis,0.9588417329796641,9.0,30.0,9.305555555555555,29.0
water_emphasis__proximity_emphasis,transport_emphasis,additive,promethee_ii,0.8939724899222432,7.0,28.0,14.729166666666666,44.0
water_emphasis__proximity_emphasis,transport_emphasis,topsis,promethee_ii,0.9631235745560351,7.0,34.0,7.763888888888889,44.0
air_emphasis__equal_roles,equal_dimensions,additive,topsis,0.9729282212040833,8.0,31.0,7.472222222222222,31.0
air_emphasis__equal_roles,equal_dimensions,additive,promethee_ii,0.9431616091201608,8.0,28.0,11.069444444444445,39.0
air_emphasis__equal_roles,equal_dimensions,topsis,promethee_ii,0.9528694495426552,6.0,30.0,9.340277777777779,47.0
air_emphasis__equal_roles,institutional_emphasis,additive,topsis,0.9953781850333575,8.0,35.0,2.9583333333333335,15.0
air_emphasis__equal_roles,institutional_emphasis,additive,promethee_ii,0.967216738598395,9.0,29.0,7.715277777777778,31.0
air_emphasis__equal_roles,institutional_emphasis,topsis,promethee_ii,0.957542923408411,8.0,29.0,9.069444444444445,36.0
air_emphasis__equal_roles,service_network_emphasis,additive,topsis,0.9481392171047345,8.0,31.0,10.291666666666666,40.0
air_emphasis__equal_roles,service_network_emphasis,additive,promethee_ii,0.9523696609237223,6.0,32.0,9.715277777777779,31.0
air_emphasis__equal_roles,service_network_emphasis,topsis,promethee_ii,0.9676358854328028,4.0,31.0,7.673611111111111,37.0
air_emphasis__equal_roles,transport_emphasis,additive,topsis,0.9545253596977735,8.0,31.0,9.958333333333334,29.0
air_emphasis__equal_roles,transport_emphasis,additive,promethee_ii,0.9407636938674376,8.0,30.0,10.979166666666666,40.0
air_emphasis__equal_roles,transport_emphasis,topsis,promethee_ii,0.9888813867938464,9.0,33.0,4.409722222222222,27.0
air_emphasis__availability_emphasis,equal_dimensions,additive,topsis,0.9748281637616082,8.0,32.0,7.298611111111111,31.0
air_emphasis__availability_emphasis,equal_dimensions,additive,promethee_ii,0.9539935274160773,8.0,32.0,9.708333333333334,36.5
air_emphasis__availability_emphasis,equal_dimensions,topsis,promethee_ii,0.9613613939652665,6.0,31.0,8.055555555555555,46.0
air_emphasis__availability_emphasis,institutional_emphasis,additive,topsis,0.9943724322531667,8.0,33.0,3.2291666666666665,13.0
air_emphasis__availability_emphasis,institutional_emphasis,additive,promethee_ii,0.9715886997961388,8.0,29.0,7.152777777777778,29.0
air_emphasis__availability_emphasis,institutional_emphasis,topsis,promethee_ii,0.9593016596609067,7.0,27.0,8.833333333333334,36.0
air_emphasis__availability_emphasis,service_network_emphasis,additive,topsis,0.9490274093722371,8.0,30.0,10.23611111111111,39.0
air_emphasis__availability_emphasis,service_network_emphasis,additive,promethee_ii,0.9546595396706018,6.0,33.0,9.506944444444445,31.0
air_emphasis__availability_emphasis,service_network_emphasis,topsis,promethee_ii,0.969232469630042,4.0,31.0,7.361111111111111,36.0
air_emphasis__availability_emphasis,transport_emphasis,additive,topsis,0.9547986496262358,7.0,34.0,9.76388888888889,30.0
air_emphasis__availability_emphasis,transport_emphasis,additive,promethee_ii,0.9567472415356368,9.0,32.0,9.319444444444445,32.0
air_emphasis__availability_emphasis,transport_emphasis,topsis,promethee_ii,0.9901795098973531,8.0,33.0,4.326388888888889,19.0
air_emphasis__proximity_emphasis,equal_dimensions,additive,topsis,0.9702194357366771,9.0,30.0,7.722222222222222,29.0
air_emphasis__proximity_emphasis,equal_dimensions,additive,promethee_ii,0.9418241189739809,7.5,27.0,10.993055555555555,40.0
air_emphasis__proximity_emphasis,equal_dimensions,topsis,promethee_ii,0.9517490141035928,7.5,28.0,9.395833333333334,46.0
air_emphasis__proximity_emphasis,institutional_emphasis,additive,topsis,0.9952736918254159,8.0,35.0,2.9444444444444446,13.0
air_emphasis__proximity_emphasis,institutional_emphasis,additive,promethee_ii,0.9672982882605605,9.0,30.0,8.020833333333334,31.5
air_emphasis__proximity_emphasis,institutional_emphasis,topsis,promethee_ii,0.9600982247597002,7.0,30.0,8.88888888888889,34.0
air_emphasis__proximity_emphasis,service_network_emphasis,additive,topsis,0.9470259625432039,8.0,31.0,10.48611111111111,39.0
air_emphasis__proximity_emphasis,service_network_emphasis,additive,promethee_ii,0.9544341089636241,7.0,32.0,9.4375,32.0
air_emphasis__proximity_emphasis,service_network_emphasis,topsis,promethee_ii,0.9651770088249155,5.0,33.0,8.166666666666666,38.5
air_emphasis__proximity_emphasis,transport_emphasis,additive,topsis,0.9478619082067358,8.0,31.0,10.430555555555555,33.0
air_emphasis__proximity_emphasis,transport_emphasis,additive,promethee_ii,0.9255778343792409,8.0,30.0,12.027777777777779,43.0
air_emphasis__proximity_emphasis,transport_emphasis,topsis,promethee_ii,0.983978184841855,8.0,35.0,4.958333333333333,34.0
