municipality_code,municipality,method,mean_score,mean_rank,best_rank,worst_rank,top_10_frequency,top_quartile_frequency
1500107,Abaetetuba,additive,0.1619743604294166,139.125,133,143,0.0,0.0
1500107,Abaetetuba,promethee_ii,0.05753411802386569,140.125,136,143,0.0,0.0
1500107,Abaetetuba,topsis,0.13124703053269995,140.6875,134,144,0.0,0.0
1500131,Abel Figueiredo,additive,0.5493701584610676,54.625,20,97,0.0,0.3125
1500131,Abel Figueiredo,promethee_ii,0.6688327547531235,39.166666666666664,15,86,0.0,0.6041666666666666
1500131,Abel Figueiredo,topsis,0.5919653172959777,39.395833333333336,11,92,0.0,0.7291666666666666
1500206,Acará,additive,0.4627622377622378,82.85416666666667,60,98,0.0,0.0
1500206,Acará,promethee_ii,0.4319941542166303,92.22916666666667,70,115,0.0,0.0
1500206,Acará,topsis,0.4216351124329694,91.625,66,113,0.0,0.0
1500305,Afuá,additive,0.3912769890042617,99.95833333333333,63,118,0.0,0.0
1500305,Afuá,promethee_ii,0.48617930281427896,79.41666666666667,39,110,0.0,0.0
1500305,Afuá,topsis,0.39337581503426683,90.89583333333333,37,120,0.0,0.0
1500347,Água Azul do Norte,additive,0.5441518918791646,55.9375,36,83,0.0,0.020833333333333332
1500347,Água Azul do Norte,promethee_ii,0.6991660790243029,32.4375,13,57,0.0,0.7083333333333334
1500347,Água Azul do Norte,topsis,0.5488221878635757,47.333333333333336,14,88,0.0,0.3958333333333333
1500404,Alenquer,additive,0.6493254220526948,29.125,9,53,0.020833333333333332,0.6458333333333334
1500404,Alenquer,promethee_ii,0.7026547520828405,33.145833333333336,9,71,0.041666666666666664,0.5416666666666666
1500404,Alenquer,topsis,0.5601975705324594,42.104166666666664,11,74,0.0,0.4166666666666667
1500503,Almeirim,additive,0.4694432671705399,80.25,47,108,0.0,0.0
1500503,Almeirim,promethee_ii,0.4727426175184462,82.27083333333333,37,118,0.0,0.0
1500503,Almeirim,topsis,0.4349690359849508,84.10416666666667,37,118,0.0,0.0
1500602,Altamira,additive,0.31543063158231693,118.79166666666667,88,131,0.0,0.0
1500602,Altamira,promethee_ii,0.35857260213089215,105.875,60,128,0.0,0.0
1500602,Altamira,topsis,0.3107552414804957,113.625,65,133,0.0,0.0
1500701,Anajás,additive,0.5598991076263803,51.979166666666664,22,73,0.0,0.14583333333333334
1500701,Anajás,promethee_ii,0.6473095530391707,44.145833333333336,19,67,0.0,0.25
1500701,Anajás,topsis,0.5106048794529098,56.291666666666664,15,81,0.0,0.1875
1500800,Ananindeua,additive,0.2087789447340009,134.47916666666666,123,139,0.0,0.0
1500800,Ananindeua,promethee_ii,0.16712504936483444,131.58333333333334,109,140,0.0,0.0
1500800,Ananindeua,topsis,0.2085191995547433,133.25,102,140,0.0,0.0
1500859,Anapu,additive,0.7087012314285043,14.75,6,37,0.25,0.9791666666666666
1500859,Anapu,promethee_ii,0.7963802056354382,16.416666666666668,3,59,0.4583333333333333,0.9166666666666666
1500859,Anapu,topsis,0.6582750996698529,17.854166666666668,5,53,0.3125,0.9583333333333334
1500909,Augusto Corrêa,additive,0.590461138188411,43.895833333333336,23,57,0.0,0.20833333333333334
1500909,Augusto Corrêa,promethee_ii,0.7103228575902895,30.958333333333332,14,47,0.0,0.6875
1500909,Augusto Corrêa,topsis,0.5884048576627172,36.604166666666664,13,54,0.0,0.6041666666666666
1500958,Aurora do Pará,additive,0.49939100877558484,73.625,40,106,0.0,0.0
1500958,Aurora do Pará,promethee_ii,0.3486963566320284,108.52083333333333,74,129,0.0,0.0
1500958,Aurora do Pará,topsis,0.44219213887248515,86.20833333333333,42,125,0.0,0.0
1501006,Aveiro,additive,0.7241823832732924,11.229166666666666,4,24,0.5625,1.0
1501006,Aveiro,promethee_ii,0.8290861957137596,10.458333333333334,2,30,0.5625,1.0
1501006,Aveiro,topsis,0.6549558097484623,19.104166666666668,4,40,0.1875,0.9375
1501105,Bagre,additive,0.4018312495585223,96.35416666666667,62,115,0.0,0.0
1501105,Bagre,promethee_ii,0.5014605770799926,75.60416666666667,42,101,0.0,0.0
1501105,Bagre,topsis,0.4030925938658568,87.4375,37,116,0.0,0.0
1501204,Baião,additive,0.3365899209744971,117.16666666666667,92,126,0.0,0.0
1501204,Baião,promethee_ii,0.36290914702389426,105.95833333333333,68,123,0.0,0.0
1501204,Baião,topsis,0.3355957768617896,110.91666666666667,64,127,0.0,0.0
1501253,Bannach,additive,0.8193630359539451,3.3541666666666665,1,20,0.9375,1.0
1501253,Bannach,promethee_ii,0.8087070567054279,15.3125,3,52,0.4791666666666667,0.875
1501253,Bannach,topsis,0.7796166457304361,6.291666666666667,1,41,0.8333333333333334,0.9791666666666666
1501303,Barcarena,additive,0.13855102450608067,141.1875,131,144,0.0,0.0
1501303,Barcarena,promethee_ii,0.04848435090001053,140.45833333333334,126,144,0.0,0.0
1501303,Barcarena,topsis,0.14526968914497343,139.70833333333334,122,144,0.0,0.0
1501402,Belém,additive,0.18809893809893807,136.9375,130,141,0.0,0.0
1501402,Belém,promethee_ii,0.07304176931989961,138.6875,134,142,0.0,0.0
1501402,Belém,topsis,0.2006887178631486,135.08333333333334,128,141,0.0,0.0
1501451,Belterra,additive,0.6663546890819618,24.791666666666668,15,47,0.0,0.875
1501451,Belterra,promethee_ii,0.6828598882615843,36.4375,14,70,0.0,0.6666666666666666
1501451,Belterra,topsis,0.6190398172491977,29.541666666666668,14,72,0.0,0.7708333333333334
1501501,Benevides,additive,0.3955128205128205,103.58333333333333,71,131,0.0,0.0
1501501,Benevides,promethee_ii,0.2957784400983836,117.75,93,132,0.0,0.0
1501501,Benevides,topsis,0.38329909970051673,101.97916666666667,58,134,0.0,0.0
1501576,Bom Jesus do Tocantins,additive,0.6116991594264322,37.020833333333336,17,54,0.0,0.4791666666666667
1501576,Bom Jesus do Tocantins,promethee_ii,0.7569656383206453,21.5,5,39,0.08333333333333333,0.9583333333333334
1501576,Bom Jesus do Tocantins,topsis,0.6068382527081013,30.833333333333332,5,52,0.08333333333333333,0.75
1501600,Bonito,additive,0.5605533313015437,53.9375,28,82,0.0,0.16666666666666666
1501600,Bonito,promethee_ii,0.4659618814070263,85.41666666666667,41,119,0.0,0.0
1501600,Bonito,topsis,0.4889450909740117,67.97916666666667,32,109,0.0,0.0625
1501709,Bragança,additive,0.27542818708549044,127.72916666666667,107,137,0.0,0.0
1501709,Bragança,promethee_ii,0.3273106526853598,113.875,80,133,0.0,0.0
1501709,Bragança,topsis,0.29957681312805534,121.45833333333333,83,136,0.0,0.0
1501725,Brasil Novo,additive,0.6307303807303807,33.583333333333336,12,59,0.0,0.625
1501725,Brasil Novo,promethee_ii,0.6431074990870144,45.5625,19,82,0.0,0.4166666666666667
1501725,Brasil Novo,topsis,0.5375383642287641,49.833333333333336,28,80,0.0,0.3541666666666667
1501758,Brejo Grande do Araguaia,additive,0.60176591085682,41.1875,27,60,0.0,0.375
1501758,Brejo Grande do Araguaia,promethee_ii,0.7400477154126786,25.708333333333332,8,53,0.041666666666666664,0.8125
1501758,Brejo Grande do Araguaia,topsis,0.6079082771836585,30.708333333333332,11,54,0.0,0.6666666666666666
1501782,Breu Branco,additive,0.44916472416472414,88.39583333333333,66,106,0.0,0.0
1501782,Breu Branco,promethee_ii,0.3898939052776953,101.95833333333333,74,118,0.0,0.0
1501782,Breu Branco,topsis,0.4089394505481651,97.47916666666667,71,115,0.0,0.0
1501808,Breves,additive,0.20631433173568003,134.79166666666666,118,139,0.0,0.0
1501808,Breves,promethee_ii,0.22258810132846948,126.1875,91,137,0.0,0.0
1501808,Breves,topsis,0.236235043405425,129.25,86,139,0.0,0.0
1501907,Bujaru,additive,0.4505762755762756,85.41666666666667,65,101,0.0,0.0
1501907,Bujaru,promethee_ii,0.4722043211905173,83.52083333333333,56,111,0.0,0.0
1501907,Bujaru,topsis,0.4564450289852689,76.60416666666667,52,103,0.0,0.0
1501956,Cachoeira do Piriá,additive,0.7159532386805115,12.9375,7,24,0.2708333333333333,1.0
1501956,Cachoeira do Piriá,promethee_ii,0.8147366609724025,13.208333333333334,5,43,0.4166666666666667,0.9583333333333334
1501956,Cachoeira do Piriá,topsis,0.6647858801326137,16.083333333333332,7,32,0.2708333333333333,1.0
1502004,Cachoeira do Arari,additive,0.4045242636151727,99.70833333333333,86,114,0.0,0.0
1502004,Cachoeira do Arari,promethee_ii,0.4560633972116957,86.75,56,111,0.0,0.0
1502004,Cachoeira do Arari,topsis,0.3878215149780289,96.47916666666667,69,117,0.0,0.0
1502103,Cametá,additive,0.12345978511708845,142.625,141,144,0.0,0.0
1502103,Cametá,promethee_ii,0.01800110600980313,142.72916666666666,141,144,0.0,0.0
1502103,Cametá,topsis,0.11153855073223885,142.625,140,144,0.0,0.0
1502152,Canaã dos Carajás,additive,0.22907891346348952,132.58333333333334,124,138,0.0,0.0
1502152,Canaã dos Carajás,promethee_ii,0.23425291546958737,125.4375,92,136,0.0,0.0
1502152,Canaã dos Carajás,topsis,0.24734795995838868,129.02083333333334,107,138,0.0,0.0
1502202,Capanema,additive,0.10610676776407112,143.22916666666666,138,144,0.0,0.0
1502202,Capanema,promethee_ii,0.008289920989690058,143.10416666666666,138,144,0.0,0.0
1502202,Capanema,topsis,0.08522354182988139,143.1875,138,144,0.0,0.0
1502301,Capitão Poço,additive,0.4134097384097384,96.39583333333333,74,118,0.0,0.0
1502301,Capitão Poço,promethee_ii,0.387091432969811,103.1875,76,126,0.0,0.0
1502301,Capitão Poço,topsis,0.42274569403075263,87.79166666666667,53,123,0.0,0.0
1502400,Castanhal,additive,0.30941549607279945,120.85416666666667,97,134,0.0,0.0
1502400,Castanhal,promethee_ii,0.20167849187836065,129.5625,116,138,0.0,0.0
1502400,Castanhal,topsis,0.2851014865628167,122.14583333333333,92,139,0.0,0.0
1502509,Chaves,additive,0.34210520119611026,115.64583333333333,85,126,0.0,0.0
1502509,Chaves,promethee_ii,0.42219812357043707,93.91666666666667,47,123,0.0,0.0
1502509,Chaves,topsis,0.35159209630395555,105.16666666666667,55,126,0.0,0.0
1502608,Colares,additive,0.6132802382802383,40.9375,25,78,0.0,0.625
1502608,Colares,promethee_ii,0.6224104711917223,50.520833333333336,27,90,0.0,0.4375
1502608,Colares,topsis,0.5822963390858554,42.645833333333336,18,103,0.0,0.7083333333333334
1502707,Conceição do Araguaia,additive,0.3806579783852511,104.64583333333333,78,119,0.0,0.0
1502707,Conceição do Araguaia,promethee_ii,0.4383262791799795,90.77083333333333,58,116,0.0,0.0
1502707,Conceição do Araguaia,topsis,0.4215521469091444,85.0,47,117,0.0,0.0
1502756,Concórdia do Pará,additive,0.36941089213816486,107.95833333333333,82,127,0.0,0.0
1502756,Concórdia do Pará,promethee_ii,0.46808332310117384,84.60416666666667,51,121,0.0,0.0
1502756,Concórdia do Pará,topsis,0.42484176432769605,84.54166666666667,50,120,0.0,0.0
1502764,Cumaru do Norte,additive,0.701578724305997,15.958333333333334,6,43,0.25,0.9583333333333334
1502764,Cumaru do Norte,promethee_ii,0.7928716120581355,16.916666666666668,4,59,0.4583333333333333,0.9375
1502764,Cumaru do Norte,topsis,0.651284711272838,20.083333333333332,8,60,0.16666666666666666,0.9375
1502772,Curionópolis,additive,0.6050558027830756,39.895833333333336,27,69,0.0,0.4166666666666667
1502772,Curionópolis,promethee_ii,0.6333081041457865,46.645833333333336,24,80,0.0,0.25
1502772,Curionópolis,topsis,0.5889382201526052,37.895833333333336,25,87,0.0,0.6875
1502806,Curralinho,additive,0.6804054531327259,21.833333333333332,6,44,0.16666666666666666,0.875
1502806,Curralinho,promethee_ii,0.7591789596068557,21.625,6,48,0.10416666666666667,0.7708333333333334
1502806,Curralinho,topsis,0.5817797998690996,36.083333333333336,10,63,0.020833333333333332,0.6041666666666666
1502855,Curuá,additive,0.4895678353160478,72.58333333333333,52,92,0.0,0.0
1502855,Curuá,promethee_ii,0.5831659551949748,57.0,35,83,0.0,0.020833333333333332
1502855,Curuá,topsis,0.4946907830124927,63.833333333333336,35,93,0.0,0.020833333333333332
1502905,Curuçá,additive,0.4781068258340986,76.41666666666667,51,98,0.0,0.0
1502905,Curuçá,promethee_ii,0.5408121375502811,66.91666666666667,36,101,0.0,0.020833333333333332
1502905,Curuçá,topsis,0.49151149695936497,65.5625,35,98,0.0,0.020833333333333332
1502939,Dom Eliseu,additive,0.3865384615384615,104.58333333333333,88,117,0.0,0.0
1502939,Dom Eliseu,promethee_ii,0.36863774010439115,105.91666666666667,67,122,0.0,0.0
1502939,Dom Eliseu,topsis,0.35708370304488396,107.8125,77,124,0.0,0.0
1502954,Eldorado do Carajás,additive,0.4196375173647901,91.77083333333333,65,116,0.0,0.0
1502954,Eldorado do Carajás,promethee_ii,0.5406623798335072,67.0,34,112,0.0,0.020833333333333332
1502954,Eldorado do Carajás,topsis,0.45453111742389973,73.0625,42,111,0.0,0.0
1503002,Faro,additive,0.5984636575545667,40.5,13,58,0.0,0.2708333333333333
1503002,Faro,promethee_ii,0.7283637543417386,27.208333333333332,10,40,0.041666666666666664,0.7708333333333334
1503002,Faro,topsis,0.5474458925907605,44.229166666666664,8,62,0.08333333333333333,0.25
1503044,Floresta do Araguaia,additive,0.5044730522003249,69.0,49,100,0.0,0.0
1503044,Floresta do Araguaia,promethee_ii,0.4993180952675114,76.5,48,113,0.0,0.0
1503044,Floresta do Araguaia,topsis,0.5098852026360398,62.416666666666664,38,107,0.0,0.0
1503077,Garrafão do Norte,additive,0.37489846012573286,107.04166666666667,81,123,0.0,0.0
1503077,Garrafão do Norte,promethee_ii,0.4261279101648329,94.5,54,122,0.0,0.0
1503077,Garrafão do Norte,topsis,0.36149999933499344,104.5625,62,124,0.0,0.0
1503093,Goianésia do Pará,additive,0.5500570977843705,55.041666666666664,42,85,0.0,0.0
1503093,Goianésia do Pará,promethee_ii,0.6158353054287695,50.3125,21,85,0.0,0.16666666666666666
1503093,Goianésia do Pará,topsis,0.5512041994014436,48.104166666666664,31,90,0.0,0.22916666666666666
1503101,Gurupá,additive,0.3903704880977608,100.70833333333333,64,121,0.0,0.0
1503101,Gurupá,promethee_ii,0.48205546029102125,80.66666666666667,41,111,0.0,0.0
1503101,Gurupá,topsis,0.3923587288301618,91.41666666666667,38,121,0.0,0.0
1503200,Igarapé-Açu,additive,0.7036507263779992,15.145833333333334,8,33,0.25,1.0
1503200,Igarapé-Açu,promethee_ii,0.7857800552165085,17.625,5,56,0.3125,0.9375
1503200,Igarapé-Açu,topsis,0.6530518431962348,19.1875,9,54,0.14583333333333334,0.9375
1503309,Igarapé-Miri,additive,0.6153251630524358,36.208333333333336,23,50,0.0,0.6458333333333334
1503309,Igarapé-Miri,promethee_ii,0.7624221964975716,20.3125,7,34,0.041666666666666664,1.0
1503309,Igarapé-Miri,topsis,0.6103018960906803,29.395833333333332,8,51,0.0625,0.75
1503408,Inhangapi,additive,0.6184066774975866,36.583333333333336,10,59,0.020833333333333332,0.3958333333333333
1503408,Inhangapi,promethee_ii,0.5868125843130209,57.229166666666664,23,100,0.0,0.125
1503408,Inhangapi,topsis,0.6453491382159519,28.354166666666668,7,60,0.2916666666666667,0.5625
1503457,Ipixuna do Pará,additive,0.3477649454922182,115.22916666666667,103,129,0.0,0.0
1503457,Ipixuna do Pará,promethee_ii,0.28599539151545145,121.08333333333333,106,133,0.0,0.0
1503457,Ipixuna do Pará,topsis,0.32506935261419173,116.0,103,134,0.0,0.0
1503507,Irituia,additive,0.36944444444444446,110.39583333333333,95,120,0.0,0.0
1503507,Irituia,promethee_ii,0.30911213168719365,118.10416666666667,93,127,0.0,0.0
1503507,Irituia,topsis,0.33951430542828137,113.47916666666667,84,124,0.0,0.0
1503606,Itaituba,additive,0.14735703331208946,140.35416666666666,136,144,0.0,0.0
1503606,Itaituba,promethee_ii,0.07797437967165141,138.66666666666666,129,144,0.0,0.0
1503606,Itaituba,topsis,0.15902854695609728,138.75,130,144,0.0,0.0
1503705,Itupiranga,additive,0.357027442254715,113.0625,93,120,0.0,0.0
1503705,Itupiranga,promethee_ii,0.37418285404255786,106.29166666666667,72,122,0.0,0.0
1503705,Itupiranga,topsis,0.3434207625657706,111.20833333333333,78,123,0.0,0.0
1503754,Jacareacanga,additive,0.5246485837394929,62.020833333333336,29,86,0.0,0.020833333333333332
1503754,Jacareacanga,promethee_ii,0.6296178866637357,47.833333333333336,19,83,0.0,0.22916666666666666
1503754,Jacareacanga,topsis,0.4913604746446744,62.770833333333336,25,93,0.0,0.10416666666666667
1503804,Jacundá,additive,0.37580496103223376,106.875,84,114,0.0,0.0
1503804,Jacundá,promethee_ii,0.4297357839979586,93.79166666666667,63,113,0.0,0.0
1503804,Jacundá,topsis,0.3628225461760506,104.14583333333333,65,118,0.0,0.0
1503903,Juruti,additive,0.4473254817100578,88.16666666666667,60,110,0.0,0.0
1503903,Juruti,promethee_ii,0.39817250140404553,98.54166666666667,60,123,0.0,0.0
1503903,Juruti,topsis,0.40444421158441846,97.35416666666667,59,123,0.0,0.0
1504000,Limoeiro do Ajuru,additive,0.6350474441383532,30.5,13,51,0.0,0.6458333333333334
1504000,Limoeiro do Ajuru,promethee_ii,0.7971041440260836,15.083333333333334,4,39,0.4375,0.9583333333333334
1504000,Limoeiro do Ajuru,topsis,0.637568103674635,22.854166666666668,3,50,0.1875,0.75
1504059,Mãe do Rio,additive,0.47643627416354684,77.8125,56,99,0.0,0.0
1504059,Mãe do Rio,promethee_ii,0.48479827260994135,80.6875,55,112,0.0,0.0
1504059,Mãe do Rio,topsis,0.44041732326641886,83.08333333333333,52,110,0.0,0.0
1504109,Magalhães Barata,additive,0.5186739186739187,63.333333333333336,45,77,0.0,0.0
1504109,Magalhães Barata,promethee_ii,0.6214211627301017,48.791666666666664,29,71,0.0,0.10416666666666667
1504109,Magalhães Barata,topsis,0.489345126717951,62.958333333333336,39,83,0.0,0.0
1504208,Marabá,additive,0.14612030707536322,140.66666666666666,137,143,0.0,0.0
1504208,Marabá,promethee_ii,0.07405458813643764,139.0,126,144,0.0,0.0
1504208,Marabá,topsis,0.15994806798557923,138.58333333333334,128,142,0.0,0.0
1504307,Maracanã,additive,0.4845035435944527,74.64583333333333,57,102,0.0,0.0
1504307,Maracanã,promethee_ii,0.5233065940467482,72.22916666666667,45,111,0.0,0.0
1504307,Maracanã,topsis,0.4552984007869372,76.8125,56,114,0.0,0.0
1504406,Marapanim,additive,0.5073868051140779,66.45833333333333,44,82,0.0,0.0
1504406,Marapanim,promethee_ii,0.5706915808703388,60.166666666666664,33,85,0.0,0.041666666666666664
1504406,Marapanim,topsis,0.46816615496690467,70.83333333333333,38,89,0.0,0.0
1504422,Marituba,additive,0.42753820253820257,95.33333333333333,77,112,0.0,0.0
1504422,Marituba,promethee_ii,0.33359182331604664,112.85416666666667,86,128,0.0,0.0
1504422,Marituba,topsis,0.3895095442552114,103.79166666666667,81,123,0.0,0.0
1504455,Medicilândia,additive,0.591561889289162,42.375,15,56,0.0,0.25
1504455,Medicilândia,promethee_ii,0.666706860979803,39.5,17,58,0.0,0.3541666666666667
1504455,Medicilândia,topsis,0.531618928402091,48.5,12,71,0.0,0.25
1504505,Melgaço,additive,0.4769445621718349,75.35416666666667,46,99,0.0,0.0
1504505,Melgaço,promethee_ii,0.6103433630443507,51.645833333333336,23,92,0.0,0.25
1504505,Melgaço,topsis,0.4957544242929029,62.0625,23,99,0.0,0.08333333333333333
1504604,Mocajuba,additive,0.47514127286854557,78.54166666666667,58,90,0.0,0.0
1504604,Mocajuba,promethee_ii,0.48123200244654735,81.45833333333333,63,99,0.0,0.0
1504604,Mocajuba,topsis,0.43943393826685306,83.4375,63,102,0.0,0.0
1504703,Moju,additive,0.46919923085653426,80.66666666666667,67,105,0.0,0.0
1504703,Moju,promethee_ii,0.4672873791176801,84.47916666666667,62,113,0.0,0.0
1504703,Moju,topsis,0.45123317255994727,78.3125,60,114,0.0,0.0
1504752,Mojuí dos Campos,additive,0.757931882931883,6.979166666666667,2,21,0.875,1.0
1504752,Mojuí dos Campos,promethee_ii,0.9109715376844396,4.0,2,26,0.8958333333333334,1.0
1504752,Mojuí dos Campos,topsis,0.7162481432024483,8.416666666666666,2,28,0.6666666666666666,1.0
1504802,Monte Alegre,additive,0.63456240728968,33.541666666666664,12,58,0.0,0.6041666666666666
1504802,Monte Alegre,promethee_ii,0.672901211205602,39.020833333333336,14,79,0.0,0.4791666666666667
1504802,Monte Alegre,topsis,0.5498586332700108,46.3125,18,80,0.0,0.3541666666666667
1504901,Muaná,additive,0.7091279932189023,15.208333333333334,2,36,0.3125,1.0
1504901,Muaná,promethee_ii,0.8374165403072461,9.5625,2,23,0.6666666666666666,1.0
1504901,Muaná,topsis,0.6115125561966225,29.791666666666668,5,57,0.16666666666666666,0.7291666666666666
1504950,Nova Esperança do Piriá,additive,0.5145643497916225,63.916666666666664,37,93,0.0,0.0
1504950,Nova Esperança do Piriá,promethee_ii,0.674666524325145,37.9375,17,68,0.0,0.625
1504950,Nova Esperança do Piriá,topsis,0.5255331401504362,52.604166666666664,19,96,0.0,0.3125
1504976,Nova Ipixuna,additive,0.3923779881262006,100.95833333333333,79,119,0.0,0.0
1504976,Nova Ipixuna,promethee_ii,0.46506268647331406,84.52083333333333,57,119,0.0,0.0
1504976,Nova Ipixuna,topsis,0.42411708251088487,83.10416666666667,54,113,0.0,0.0
1505007,Nova Timboteua,additive,0.5967483694756422,44.291666666666664,24,72,0.0,0.3333333333333333
1505007,Nova Timboteua,promethee_ii,0.5639770683931234,63.208333333333336,28,109,0.0,0.041666666666666664
1505007,Nova Timboteua,topsis,0.5211373292428184,55.645833333333336,27,99,0.0,0.22916666666666666
1505031,Novo Progresso,additive,0.6456228956228957,30.729166666666668,8,60,0.041666666666666664,0.6666666666666666
1505031,Novo Progresso,promethee_ii,0.6657305554970984,40.875,13,91,0.0,0.5833333333333334
1505031,Novo Progresso,topsis,0.547408185996314,47.0,13,81,0.0,0.4375
1505064,Novo Repartimento,additive,0.5142644392644392,66.27083333333333,46,90,0.0,0.0
1505064,Novo Repartimento,promethee_ii,0.4497018192307602,88.02083333333333,60,112,0.0,0.0
1505064,Novo Repartimento,topsis,0.460425020104728,77.02083333333333,49,102,0.0,0.0
1505106,Óbidos,additive,0.7128982128982129,14.041666666666666,2,38,0.4166666666666667,0.9791666666666666
1505106,Óbidos,promethee_ii,0.801474864662049,15.520833333333334,2,47,0.5,0.9375
1505106,Óbidos,topsis,0.6496382708868541,20.708333333333332,3,51,0.14583333333333334,0.9166666666666666
1505205,Oeiras do Pará,additive,0.5111423088695816,65.5625,43,81,0.0,0.0
1505205,Oeiras do Pará,promethee_ii,0.5763140167980408,58.520833333333336,31,81,0.0,0.0625
1505205,Oeiras do Pará,topsis,0.4718351851540237,69.79166666666667,34,88,0.0,0.041666666666666664
1505304,Oriximiná,additive,0.5291428268700996,60.875,26,84,0.0,0.10416666666666667
1505304,Oriximiná,promethee_ii,0.6011709124923021,55.041666666666664,21,89,0.0,0.14583333333333334
1505304,Oriximiná,topsis,0.48625926918719586,64.97916666666667,16,91,0.0,0.10416666666666667
1505403,Ourém,additive,0.6561509155354917,27.8125,15,50,0.0,0.8541666666666666
1505403,Ourém,promethee_ii,0.6733486289901723,38.479166666666664,15,83,0.0,0.5
1505403,Ourém,topsis,0.594829370003599,36.895833333333336,16,71,0.0,0.5
1505437,Ourilândia do Norte,additive,0.6550234277507004,27.25,10,49,0.020833333333333332,0.7291666666666666
1505437,Ourilândia do Norte,promethee_ii,0.7192679717401038,29.520833333333332,7,69,0.041666666666666664,0.6041666666666666
1505437,Ourilândia do Norte,topsis,0.5642194040982585,40.833333333333336,14,67,0.0,0.4375
1505486,Pacajá,additive,0.448490982875559,87.875,70,109,0.0,0.0
1505486,Pacajá,promethee_ii,0.4118323888512799,95.75,60,125,0.0,0.0
1505486,Pacajá,topsis,0.40497295444216347,97.27083333333333,67,124,0.0,0.0
1505494,Palestina do Pará,additive,0.5835886251795342,45.770833333333336,11,74,0.0,0.25
1505494,Palestina do Pará,promethee_ii,0.5400757281747688,67.25,35,93,0.0,0.041666666666666664
1505494,Palestina do Pará,topsis,0.6164291036739699,36.0,8,73,0.25,0.5
1505502,Paragominas,additive,0.20723018138748475,135.10416666666666,130,140,0.0,0.0
1505502,Paragominas,promethee_ii,0.10317623180097031,137.04166666666666,132,140,0.0,0.0
1505502,Paragominas,topsis,0.17295098511212934,137.41666666666666,131,142,0.0,0.0
1505536,Parauapebas,additive,0.3028691190208044,122.47916666666667,100,131,0.0,0.0
1505536,Parauapebas,promethee_ii,0.3408943591697186,109.83333333333333,63,130,0.0,0.0
1505536,Parauapebas,topsis,0.29788337592961084,117.70833333333333,74,133,0.0,0.0
1505551,Pau DArco,additive,0.7551199642108734,8.833333333333334,4,21,0.6458333333333334,1.0
1505551,Pau DArco,promethee_ii,0.8346710136833212,10.3125,3,28,0.625,1.0
1505551,Pau DArco,topsis,0.7740980948495079,5.104166666666667,2,19,0.9375,1.0
1505601,Peixe-Boi,additive,0.6557109557109557,26.791666666666668,17,38,0.0,0.9791666666666666
1505601,Peixe-Boi,promethee_ii,0.7544834482074304,21.9375,6,44,0.08333333333333333,0.8541666666666666
1505601,Peixe-Boi,topsis,0.6488835756039051,20.770833333333332,10,49,0.020833333333333332,0.9166666666666666
1505635,Piçarra,additive,0.6376678792587883,32.875,8,63,0.22916666666666666,0.4583333333333333
1505635,Piçarra,promethee_ii,0.5695591273649014,60.875,28,100,0.0,0.22916666666666666
1505635,Piçarra,topsis,0.6536321102211606,28.208333333333332,6,75,0.3541666666666667,0.5625
1505650,Placas,additive,0.5573091050363778,52.4375,39,76,0.0,0.0
1505650,Placas,promethee_ii,0.6357456267060562,45.6875,27,77,0.0,0.25
1505650,Placas,topsis,0.5577015272119294,45.333333333333336,31,81,0.0,0.3333333333333333
1505700,Ponta de Pedras,additive,0.31057191966282877,122.89583333333333,108,129,0.0,0.0
1505700,Ponta de Pedras,promethee_ii,0.3450762909793342,110.39583333333333,69,127,0.0,0.0
1505700,Ponta de Pedras,topsis,0.31992477756126714,115.5,88,129,0.0,0.0
1505809,Portel,additive,0.6007628734901462,42.916666666666664,26,68,0.0,0.3958333333333333
1505809,Portel,promethee_ii,0.5907601744620165,56.104166666666664,20,96,0.0,0.1875
1505809,Portel,topsis,0.5247818385954391,54.833333333333336,31,91,0.0,0.25
1505908,Porto de Moz,additive,0.3162616381462143,120.875,97,128,0.0,0.0
1505908,Porto de Moz,promethee_ii,0.2610895663482713,121.54166666666667,79,132,0.0,0.0
1505908,Porto de Moz,topsis,0.2926090773810926,122.35416666666667,81,130,0.0,0.0
1506005,Prainha,additive,0.4278737256009983,95.04166666666667,72,116,0.0,0.0
1506005,Prainha,promethee_ii,0.3726915773123118,105.41666666666667,78,125,0.0,0.0
1506005,Prainha,topsis,0.3982995507699431,98.85416666666667,74,126,0.0,0.0
1506104,Primavera,additive,0.49667655576746483,70.0625,53,91,0.0,0.0
1506104,Primavera,promethee_ii,0.5620310650699116,61.916666666666664,38,96,0.0,0.0
1506104,Primavera,topsis,0.46641991727325777,71.3125,46,102,0.0,0.0
1506112,Quatipuru,additive,0.7316433566433567,9.8125,6,20,0.6875,1.0
1506112,Quatipuru,promethee_ii,0.8454560823581098,9.145833333333334,3,31,0.75,1.0
1506112,Quatipuru,topsis,0.691600778981532,11.541666666666666,6,27,0.5416666666666666,1.0
1506138,Redenção,additive,0.33635394700256804,117.6875,107,128,0.0,0.0
1506138,Redenção,promethee_ii,0.3399544611024273,112.95833333333333,90,128,0.0,0.0
1506138,Redenção,topsis,0.32759997900290866,114.89583333333333,92,129,0.0,0.0
1506161,Rio Maria,additive,0.24434374122831734,131.02083333333334,124,135,0.0,0.0
1506161,Rio Maria,promethee_ii,0.14626052239561188,133.45833333333334,122,138,0.0,0.0
1506161,Rio Maria,topsis,0.21026308745343936,133.52083333333334,124,139,0.0,0.0
1506187,Rondon do Pará,additive,0.49236479009206285,72.0625,58,89,0.0,0.0
1506187,Rondon do Pará,promethee_ii,0.5332374854442582,69.125,42,96,0.0,0.0
1506187,Rondon do Pará,topsis,0.455142281474133,76.33333333333333,55,95,0.0,0.0
1506195,Rurópolis,additive,0.6236463830309591,36.5,22,62,0.0,0.5625
1506195,Rurópolis,promethee_ii,0.6025318871348199,54.0,24,96,0.0,0.125
1506195,Rurópolis,topsis,0.5679409664566021,44.75,20,93,0.0,0.3125
1506203,Salinópolis,additive,0.46173800946528215,83.85416666666667,59,118,0.0,0.0
1506203,Salinópolis,promethee_ii,0.4500696043856667,88.9375,65,120,0.0,0.0
1506203,Salinópolis,topsis,0.47561515508433816,74.16666666666667,42,126,0.0,0.0
1506302,Salvaterra,additive,0.34566969226060135,116.02083333333333,99,127,0.0,0.0
1506302,Salvaterra,promethee_ii,0.36103616865318183,108.85416666666667,82,125,0.0,0.0
1506302,Salvaterra,topsis,0.33898633309530407,111.3125,87,128,0.0,0.0
1506351,Santa Bárbara do Pará,additive,0.5344782322055049,61.625,42,101,0.0,0.0
1506351,Santa Bárbara do Pará,promethee_ii,0.5197719022797381,72.04166666666667,53,110,0.0,0.0
1506351,Santa Bárbara do Pará,topsis,0.527984789734064,59.083333333333336,34,116,0.0,0.0625
1506401,Santa Cruz do Arari,additive,0.8859084434084434,1.1458333333333333,1,2,1.0,1.0
1506401,Santa Cruz do Arari,promethee_ii,1.0,1.0,1,1,1.0,1.0
1506401,Santa Cruz do Arari,topsis,0.8467602296201396,2.3541666666666665,1,7,1.0,1.0
1506500,Santa Izabel do Pará,additive,0.38091815591815587,108.6875,89,123,0.0,0.0
1506500,Santa Izabel do Pará,promethee_ii,0.2514794975564483,124.97916666666667,113,134,0.0,0.0
1506500,Santa Izabel do Pará,topsis,0.3511079094892769,112.91666666666667,89,132,0.0,0.0
1506559,Santa Luzia do Pará,additive,0.39170375079465986,103.5,94,120,0.0,0.0
1506559,Santa Luzia do Pará,promethee_ii,0.4192681447627565,96.1875,78,119,0.0,0.0
1506559,Santa Luzia do Pará,topsis,0.37520580302916867,101.22916666666667,82,124,0.0,0.0
1506583,Santa Maria das Barreiras,additive,0.7117444844717573,16.104166666666668,7,49,0.5,0.9166666666666666
1506583,Santa Maria das Barreiras,promethee_ii,0.6647280167373598,40.145833333333336,17,81,0.0,0.5833333333333334
1506583,Santa Maria das Barreiras,topsis,0.6810157884013094,20.583333333333332,5,77,0.6041666666666666,0.75
1506609,Santa Maria do Pará,additive,0.5478814956087683,56.354166666666664,40,81,0.0,0.0
1506609,Santa Maria do Pará,promethee_ii,0.549884998173524,66.04166666666667,39,107,0.0,0.0
1506609,Santa Maria do Pará,topsis,0.4954968484500217,64.125,43,101,0.0,0.0
1506708,Santana do Araguaia,additive,0.4858776702622463,76.1875,55,101,0.0,0.0
1506708,Santana do Araguaia,promethee_ii,0.3795373415988657,103.29166666666667,70,123,0.0,0.0
1506708,Santana do Araguaia,topsis,0.4337155386430067,87.9375,55,116,0.0,0.0
1506807,Santarém,additive,0.27112539977708516,127.95833333333333,109,136,0.0,0.0
1506807,Santarém,promethee_ii,0.2752863636673788,119.64583333333333,76,135,0.0,0.0
1506807,Santarém,topsis,0.2912792813173564,122.125,75,135,0.0,0.0
1506906,Santarém Novo,additive,0.6792134633043725,21.75,11,48,0.0,0.9166666666666666
1506906,Santarém Novo,promethee_ii,0.7063114219729947,31.770833333333332,10,76,0.041666666666666664,0.6875
1506906,Santarém Novo,topsis,0.6377946032080226,24.75,10,70,0.041666666666666664,0.8125
1507003,Santo Antônio do Tauá,additive,0.6505556732829461,30.0,17,61,0.0,0.8125
1507003,Santo Antônio do Tauá,promethee_ii,0.6460860996139771,44.916666666666664,15,91,0.0,0.4375
1507003,Santo Antônio do Tauá,topsis,0.6047886976736002,33.895833333333336,13,91,0.0,0.75
1507102,São Caetano de Odivelas,additive,0.6656463822372913,24.833333333333332,11,53,0.0,0.9166666666666666
1507102,São Caetano de Odivelas,promethee_ii,0.692748883413202,34.9375,12,85,0.0,0.6041666666666666
1507102,São Caetano de Odivelas,topsis,0.6049908956937998,33.541666666666664,14,73,0.0,0.5625
1507151,São Domingos do Araguaia,additive,0.6001995479268206,41.166666666666664,25,58,0.0,0.2708333333333333
1507151,São Domingos do Araguaia,promethee_ii,0.6785386100111772,37.8125,17,61,0.0,0.5416666666666666
1507151,São Domingos do Araguaia,topsis,0.5377951073388737,47.9375,24,73,0.0,0.1875
1507201,São Domingos do Capim,additive,0.30224564997292264,124.5625,107,131,0.0,0.0
1507201,São Domingos do Capim,promethee_ii,0.2917765989202343,119.35416666666667,91,131,0.0,0.0
1507201,São Domingos do Capim,topsis,0.3038923950809968,120.83333333333333,91,130,0.0,0.0
1507300,São Félix do Xingu,additive,0.37383209798940137,107.22916666666667,83,120,0.0,0.0
1507300,São Félix do Xingu,promethee_ii,0.4661775654811285,84.20833333333333,45,115,0.0,0.0
1507300,São Félix do Xingu,topsis,0.36101232339085104,103.875,61,122,0.0,0.0
1507409,São Francisco do Pará,additive,0.4634862612135339,83.1875,59,112,0.0,0.0
1507409,São Francisco do Pará,promethee_ii,0.44512051440900957,89.8125,62,125,0.0,0.0
1507409,São Francisco do Pará,topsis,0.4286989333541589,88.75,64,125,0.0,0.0
1507458,São Geraldo do Araguaia,additive,0.5864725341998069,44.875,31,58,0.0,0.08333333333333333
1507458,São Geraldo do Araguaia,promethee_ii,0.6530338411679892,43.083333333333336,26,63,0.0,0.3125
1507458,São Geraldo do Araguaia,topsis,0.5275121304622713,51.833333333333336,32,74,0.0,0.0625
1507466,São João da Ponta,additive,0.6166407666407666,35.666666666666664,23,51,0.0,0.5833333333333334
1507466,São João da Ponta,promethee_ii,0.7733551916751664,18.666666666666668,5,37,0.14583333333333334,0.9583333333333334
1507466,São João da Ponta,topsis,0.6251167301082242,25.708333333333332,7,48,0.0625,0.75
1507474,São João de Pirabas,additive,0.6896647123919851,18.333333333333332,9,38,0.10416666666666667,0.9791666666666666
1507474,São João de Pirabas,promethee_ii,0.7443086159143041,24.833333333333332,6,65,0.125,0.8541666666666666
1507474,São João de Pirabas,topsis,0.6401171368728321,23.291666666666668,10,63,0.020833333333333332,0.8958333333333334
1507508,São João do Araguaia,additive,0.5679993407266134,52.333333333333336,32,82,0.0,0.16666666666666666
1507508,São João do Araguaia,promethee_ii,0.5075358978232557,74.9375,32,109,0.0,0.020833333333333332
1507508,São João do Araguaia,topsis,0.5004332414476226,63.8125,34,99,0.0,0.125
1507607,São Miguel do Guamá,additive,0.3403069153069153,116.25,98,132,0.0,0.0
1507607,São Miguel do Guamá,promethee_ii,0.23993292877658712,125.41666666666667,96,137,0.0,0.0
1507607,São Miguel do Guamá,topsis,0.31086895663582687,119.22916666666667,94,137,0.0,0.0
1507706,São Sebastião da Boa Vista,additive,0.3666913894186621,107.64583333333333,71,128,0.0,0.0
1507706,São Sebastião da Boa Vista,promethee_ii,0.46633725251409414,84.6875,42,118,0.0,0.0
1507706,São Sebastião da Boa Vista,topsis,0.3883676649300232,93.04166666666667,38,123,0.0,0.0
1507755,Sapucaia,additive,0.5314343905252996,61.625,23,91,0.0,0.20833333333333334
1507755,Sapucaia,promethee_ii,0.5003068390439683,76.8125,38,111,0.0,0.0
1507755,Sapucaia,topsis,0.5755646871752089,47.208333333333336,11,88,0.0,0.4166666666666667
1507805,Senador José Porfírio,additive,0.7144231946504673,16.208333333333332,4,39,0.5,0.9375
1507805,Senador José Porfírio,promethee_ii,0.7860380893067482,18.395833333333332,3,51,0.3958333333333333,0.8541666666666666
1507805,Senador José Porfírio,topsis,0.7381760461828101,11.520833333333334,1,34,0.6875,1.0
1507904,Soure,additive,0.2190161647643772,133.6875,126,138,0.0,0.0
1507904,Soure,promethee_ii,0.16850683165909872,131.60416666666666,103,139,0.0,0.0
1507904,Soure,topsis,0.22964027325728453,131.33333333333334,103,139,0.0,0.0
1507953,Tailândia,additive,0.4567522544795272,85.375,72,106,0.0,0.0
1507953,Tailândia,promethee_ii,0.44148033251568447,91.0,71,118,0.0,0.0
1507953,Tailândia,topsis,0.42266471404520156,90.35416666666667,76,115,0.0,0.0
1507961,Terra Alta,additive,0.8030626780626781,3.9375,2,17,0.9583333333333334,1.0
1507961,Terra Alta,promethee_ii,0.8373031589789073,11.3125,3,49,0.6041666666666666,0.9375
1507961,Terra Alta,topsis,0.7822482231266837,5.3125,1,30,0.9166666666666666,1.0
1507979,Terra Santa,additive,0.43736549645640554,92.16666666666667,78,110,0.0,0.0
1507979,Terra Santa,promethee_ii,0.4171309787582158,96.95833333333333,80,118,0.0,0.0
1507979,Terra Santa,topsis,0.41439152537729473,92.3125,75,123,0.0,0.0
1508001,Tomé-Açu,additive,0.663947163947164,25.0625,15,51,0.0,0.9375
1508001,Tomé-Açu,promethee_ii,0.6897872286385852,34.458333333333336,16,70,0.0,0.5833333333333334
1508001,Tomé-Açu,topsis,0.6080156505812019,32.208333333333336,14,76,0.0,0.625
1508035,Tracuateua,additive,0.4031910009182736,97.79166666666667,72,123,0.0,0.0
1508035,Tracuateua,promethee_ii,0.49257151960295215,78.35416666666667,42,118,0.0,0.0
1508035,Tracuateua,topsis,0.44052354553482415,79.0625,46,115,0.0,0.0
1508050,Trairão,additive,0.8026918367827459,3.7708333333333335,2,12,0.9791666666666666,1.0
1508050,Trairão,promethee_ii,0.8486127928126006,8.791666666666666,2,33,0.7083333333333334,1.0
1508050,Trairão,topsis,0.7842156168941218,4.375,2,30,0.9375,1.0
1508084,Tucumã,additive,0.4115319865319866,96.97916666666667,75,113,0.0,0.0
1508084,Tucumã,promethee_ii,0.4311891040971225,92.47916666666667,52,116,0.0,0.0
1508084,Tucumã,topsis,0.38186800747932464,99.9375,59,122,0.0,0.0
1508100,Tucuruí,additive,0.2905379784593268,126.22916666666667,121,132,0.0,0.0
1508100,Tucuruí,promethee_ii,0.19726019498918634,130.14583333333334,120,136,0.0,0.0
1508100,Tucuruí,topsis,0.27175212819452305,127.41666666666667,118,135,0.0,0.0
1508126,Ulianópolis,additive,0.5347760825033552,59.416666666666664,43,94,0.0,0.0
1508126,Ulianópolis,promethee_ii,0.5729336496488548,60.0625,36,101,0.0,0.041666666666666664
1508126,Ulianópolis,topsis,0.5367528294658395,53.479166666666664,33,97,0.0,0.125
1508159,Uruará,additive,0.6072455322455322,38.625,14,63,0.0,0.4166666666666667
1508159,Uruará,promethee_ii,0.6421214903983011,46.770833333333336,21,84,0.0,0.25
1508159,Uruará,topsis,0.5315388090435346,51.104166666666664,21,87,0.0,0.22916666666666666
1508209,Vigia,additive,0.45998975771703043,84.83333333333333,62,111,0.0,0.0
1508209,Vigia,promethee_ii,0.43220137482670357,92.77083333333333,65,124,0.0,0.0
1508209,Vigia,topsis,0.42552168563520404,90.66666666666667,70,124,0.0,0.0
1508308,Viseu,additive,0.518998505655809,66.91666666666667,37,96,0.0,0.0
1508308,Viseu,promethee_ii,0.3992139937394887,98.85416666666667,56,124,0.0,0.0
1508308,Viseu,topsis,0.4492031760267489,83.66666666666667,44,114,0.0,0.0
1508357,Vitória do Xingu,additive,0.449022274022274,86.04166666666667,66,115,0.0,0.0
1508357,Vitória do Xingu,promethee_ii,0.47528311436089826,81.79166666666667,58,119,0.0,0.0
1508357,Vitória do Xingu,topsis,0.4557502942703758,76.45833333333333,52,116,0.0,0.0
1508407,Xinguara,additive,0.21007954800089632,134.77083333333334,130,138,0.0,0.0
1508407,Xinguara,promethee_ii,0.11095743492317535,136.41666666666666,133,139,0.0,0.0
1508407,Xinguara,topsis,0.18013642249169629,136.54166666666666,130,140,0.0,0.0
