municipality_code,municipality,port_count,port_presence,distance_to_port_km,decea_airport_count,decea_airport_presence,distance_to_decea_airport_km,passenger_crossing_km,passenger_crossing_presence,distance_to_passenger_crossing_km,navigated_waterway_km,navigated_waterway_presence,distance_to_navigated_waterway_km
1500107,Abaetetuba,4,1,4.469781,1,1,9.274119,0.0,0,275.026926,8.806756,1,17.472504
1500131,Abel Figueiredo,0,0,62.051705,0,0,46.692452,0.0,0,38.351425,0.0,0,94.216675
1500206,Acará,2,1,38.379129,0,0,30.318113,0.0,0,211.155962,213.629027,1,0.485257
1500305,Afuá,5,1,39.164658,0,0,48.572596,0.0,0,211.744816,187.250337,1,15.848061
1500347,Água Azul do Norte,0,0,131.615534,0,0,39.622969,0.0,0,131.703917,0.0,0,200.413123
1500404,Alenquer,3,1,175.639482,4,1,50.656404,0.0,0,296.878665,49.045813,1,166.732695
1500503,Almeirim,7,1,214.93159,11,1,22.424287,0.147911,1,214.833866,159.836091,1,214.969528
1500602,Altamira,2,1,238.352136,11,1,67.795107,0.0,0,292.68496,0.0,0,292.046345
1500701,Anajás,1,1,22.587437,0,0,92.026052,0.0,0,282.89011,106.705824,1,13.829472
1500800,Ananindeua,3,1,2.918027,0,0,9.494287,0.0,0,239.612012,4.158262,1,11.127739
1500859,Anapu,0,0,102.742099,1,1,59.109141,0.30917,1,98.816482,20.733197,1,91.978252
1500909,Augusto Corrêa,3,1,16.578783,0,0,68.460144,0.0,0,42.220405,0.0,0,124.630101
1500958,Aurora do Pará,1,1,27.098041,2,1,9.907159,0.0,0,141.843151,0.0,0,48.750067
1501006,Aveiro,2,1,52.332369,0,0,47.064962,0.0,0,56.823958,109.657814,1,46.980071
1501105,Bagre,0,0,73.262336,0,0,45.489848,0.0,0,183.056534,13.096157,1,59.007834
1501204,Baião,0,0,69.517586,0,0,44.310115,0.0,0,216.643338,86.928448,1,10.679704
1501253,Bannach,0,0,142.899566,2,1,12.896495,0.0,0,142.861505,0.0,0,288.065577
1501303,Barcarena,14,1,5.827321,0,0,19.101059,0.0,0,260.634201,117.022293,1,4.342157
1501402,Belém,61,1,2.434369,2,1,8.047367,0.0,0,254.098217,116.343105,1,0.804793
1501451,Belterra,0,0,58.295271,1,1,63.635951,0.0,0,162.23326,27.012484,1,28.532213
1501501,Benevides,9,1,9.741546,1,1,6.282028,0.0,0,225.807568,3.569109,1,11.460726
1501576,Bom Jesus do Tocantins,0,0,36.58438,0,0,26.994764,0.0,0,48.57473,0.0,0,55.128585
1501600,Bonito,1,1,3.282105,0,0,22.099889,0.0,0,132.676516,0.0,0,32.413602
1501709,Bragança,1,1,13.909827,0,0,42.343878,0.0,0,70.213632,0.0,0,94.119735
1501725,Brasil Novo,0,0,45.05213,0,0,22.689251,0.0,0,102.962554,0.0,0,86.183883
1501758,Brejo Grande do Araguaia,0,0,43.235893,0,0,32.105041,0.0,0,38.444642,0.0,0,85.439287
1501782,Breu Branco,0,0,21.364172,0,0,26.456891,0.0,0,209.403518,13.397608,1,21.323005
1501808,Breves,11,1,45.606241,1,1,53.114871,0.0,0,236.392697,237.578378,1,36.533398
1501907,Bujaru,1,1,14.875323,0,0,44.688019,0.0,0,191.673703,23.58691,1,9.623472
1501956,Cachoeira do Piriá,1,1,25.762499,0,0,52.450758,0.154342,1,25.780051,0.0,0,126.181931
1502004,Cachoeira do Arari,0,0,21.888952,1,1,20.747602,0.0,0,317.067959,32.85296,1,23.035476
1502103,Cametá,5,1,3.915779,1,1,26.139757,0.0,0,260.131507,62.010216,1,10.910093
1502152,Canaã dos Carajás,0,0,133.07938,1,1,35.291203,0.0,0,110.086107,0.0,0,156.459625
1502202,Capanema,0,0,27.530275,1,1,9.329743,0.0,0,110.563042,0.0,0,63.13717
1502301,Capitão Poço,0,0,54.709215,1,1,26.496153,0.0,0,93.860835,0.0,0,54.769269
1502400,Castanhal,0,0,24.724743,1,1,1.931531,0.0,0,199.460709,0.0,0,24.332928
1502509,Chaves,2,1,23.478286,2,1,34.938277,0.0,0,312.906055,67.674417,1,21.20129
1502608,Colares,1,1,6.598911,1,1,9.417342,0.0,0,235.418249,5.081184,1,16.477118
1502707,Conceição do Araguaia,1,1,32.37286,3,1,30.668054,0.0,0,66.963538,0.0,0,319.942096
1502756,Concórdia do Pará,0,0,24.991472,0,0,30.945591,0.0,0,176.178083,0.0,0,21.916064
1502764,Cumaru do Norte,0,0,174.535977,14,1,8.935407,0.0,0,169.915515,0.0,0,425.487094
1502772,Curionópolis,0,0,117.499678,1,1,16.246009,0.0,0,93.267611,0.0,0,114.399094
1502806,Curralinho,1,1,38.32045,0,0,45.200925,0.0,0,252.314704,22.399133,1,24.020606
1502855,Curuá,1,1,12.485796,0,0,43.111601,0.0,0,292.448665,8.33649,1,41.904408
1502905,Curuçá,1,1,5.694257,0,0,53.336535,0.0,0,199.245679,0.0,0,44.777926
1502939,Dom Eliseu,0,0,132.43096,2,1,32.072133,0.0,0,122.581565,0.0,0,189.909138
1502954,Eldorado do Carajás,0,0,85.888994,0,0,43.769289,0.0,0,83.907769,0.0,0,85.508137
1503002,Faro,1,1,158.59668,0,0,83.534963,0.0,0,404.955734,13.857295,1,144.737326
1503044,Floresta do Araguaia,1,1,25.405438,2,1,29.022714,2.251206,1,25.11165,0.0,0,249.275498
1503077,Garrafão do Norte,0,0,72.388624,0,0,43.763009,0.0,0,72.386358,0.0,0,79.509795
1503093,Goianésia do Pará,0,0,105.89363,2,1,20.852293,0.0,0,149.060498,10.099326,1,95.662255
1503101,Gurupá,2,1,36.489965,0,0,80.000614,0.0,0,120.671649,237.910396,1,17.46272
1503200,Igarapé-Açu,0,0,33.64783,0,0,42.256136,0.0,0,160.432741,0.0,0,47.978954
1503309,Igarapé-Miri,0,0,33.983052,0,0,33.80764,0.0,0,295.872647,20.992669,1,17.165622
1503408,Inhangapi,2,1,12.369987,0,0,23.2536,0.0,0,185.925224,25.358033,1,9.398761
1503457,Ipixuna do Pará,0,0,18.254421,2,1,30.114385,0.0,0,186.812676,0.0,0,99.486049
1503507,Irituia,0,0,25.034402,0,0,23.917454,0.0,0,116.559944,19.21314,1,24.75502
1503606,Itaituba,25,1,136.556005,41,1,29.363924,2.768147,1,192.821955,75.915003,1,182.67792
1503705,Itupiranga,1,1,63.93761,0,0,44.797906,0.0,0,151.774127,54.352176,1,55.859766
1503754,Jacareacanga,2,1,140.144981,8,1,17.739064,0.0,0,396.53092,0.0,0,378.619478
1503804,Jacundá,0,0,61.447372,0,0,41.661156,0.0,0,115.581386,5.911576,1,23.95704
1503903,Juruti,9,1,48.097514,1,1,51.976541,0.0,0,182.475006,77.07237,1,34.486026
1504000,Limoeiro do Ajuru,1,1,12.842,0,0,64.747154,0.0,0,280.771196,45.615317,1,15.091287
1504059,Mãe do Rio,0,0,26.984219,0,0,32.161935,0.0,0,122.750798,0.0,0,33.941036
1504109,Magalhães Barata,0,0,29.160123,0,0,36.559136,0.0,0,172.840721,0.0,0,71.011883
1504208,Marabá,3,1,81.517492,5,1,20.593763,0.0,0,152.950802,25.853462,1,79.150116
1504307,Maracanã,0,0,16.679358,0,0,20.033843,0.0,0,156.442931,0.0,0,86.22266
1504406,Marapanim,0,0,17.599093,0,0,48.032515,0.0,0,185.888248,0.0,0,58.296276
1504422,Marituba,0,0,7.890976,0,0,9.247753,0.0,0,230.064465,4.921451,1,6.993055
1504455,Medicilândia,0,0,111.613418,0,0,87.450373,0.0,0,168.587052,0.0,0,135.617727
1504505,Melgaço,0,0,49.954019,1,1,55.745666,0.0,0,180.113883,97.986927,1,34.909808
1504604,Mocajuba,0,0,30.243597,0,0,10.740691,0.0,0,267.972326,27.373337,1,13.311088
1504703,Moju,14,1,8.442254,5,1,33.816432,0.0,0,293.856242,144.826538,1,8.722416
1504752,Mojuí dos Campos,0,0,71.172278,0,0,59.808686,0.0,0,208.527764,0.0,0,68.462391
1504802,Monte Alegre,3,1,111.914174,2,1,64.363657,0.0,0,195.320455,60.667489,1,113.531037
1504901,Muaná,1,1,27.534143,0,0,59.441122,0.0,0,329.625149,72.313932,1,27.534106
1504950,Nova Esperança do Piriá,0,0,43.67362,0,0,75.469576,0.0,0,43.66254,0.0,0,114.759311
1504976,Nova Ipixuna,0,0,18.99706,0,0,31.550067,0.0,0,83.322467,8.177533,1,13.737767
1505007,Nova Timboteua,0,0,26.20391,0,0,23.867792,0.0,0,141.544517,0.0,0,50.903751
1505031,Novo Progresso,0,0,238.709633,12,1,36.599953,0.0,0,401.942193,0.0,0,393.264122
1505064,Novo Repartimento,0,0,100.944163,3,1,40.245305,0.0,0,205.716966,60.982458,1,73.403372
1505106,Óbidos,1,1,183.221756,4,1,45.295109,0.0,0,373.004857,98.797138,1,179.331713
1505205,Oeiras do Pará,1,1,50.007675,0,0,63.925057,0.0,0,213.36914,36.935202,1,40.066688
1505304,Oriximiná,8,1,229.82161,9,1,156.796905,0.0,0,531.634669,107.867618,1,230.019064
1505403,Ourém,0,0,22.881053,0,0,19.696077,0.0,0,113.047909,0.0,0,42.770523
1505437,Ourilândia do Norte,0,0,104.332393,5,1,25.758599,0.0,0,235.215498,0.0,0,346.647125
1505486,Pacajá,0,0,105.495403,1,1,15.66316,0.0,0,137.539377,0.0,0,104.534446
1505494,Palestina do Pará,0,0,38.488619,1,1,28.716321,0.430503,1,23.713142,0.0,0,107.532452
1505502,Paragominas,1,1,49.457491,9,1,4.479288,0.0,0,145.027919,0.0,0,149.970282
1505536,Parauapebas,0,0,170.248147,2,1,48.317439,0.0,0,163.28186,0.0,0,165.737074
1505551,Pau D'Arco,0,0,86.634346,0,0,24.588067,0.0,0,86.225033,0.0,0,283.742164
1505601,Peixe-Boi,0,0,26.614426,0,0,13.634637,0.0,0,126.892753,0.0,0,60.220879
1505635,Piçarra,0,0,52.987325,1,1,6.774691,0.505493,1,35.980718,0.0,0,134.923464
1505650,Placas,0,0,103.721391,1,1,22.391527,0.0,0,173.985445,0.0,0,105.079552
1505700,Ponta de Pedras,2,1,15.558086,1,1,23.60923,0.0,0,318.5715,46.800395,1,13.630503
1505809,Portel,3,1,67.477543,6,1,26.353867,0.0,0,95.747988,9.644467,1,81.244383
1505908,Porto de Moz,1,1,60.136422,3,1,22.698718,0.0,0,145.111794,158.905776,1,42.661535
1506005,Prainha,2,1,12.634637,3,1,15.517287,0.0,0,155.258919,90.912765,1,11.067721
1506104,Primavera,0,0,10.021761,0,0,33.016925,0.0,0,117.144889,0.0,0,85.382229
1506112,Quatipuru,2,1,4.483321,0,0,39.739074,0.0,0,105.729697,0.0,0,100.225332
1506138,Redenção,0,0,105.638817,5,1,13.270875,0.0,0,108.916229,0.0,0,321.219671
1506161,Rio Maria,0,0,80.952674,6,1,5.44133,0.0,0,80.944338,0.0,0,246.963152
1506187,Rondon do Pará,0,0,105.256243,3,1,46.777758,0.0,0,92.436993,0.0,0,106.770405
1506195,Rurópolis,2,1,44.642378,1,1,8.019795,0.0,0,71.997674,0.0,0,39.390548
1506203,Salinópolis,1,1,10.411567,1,1,1.915844,0.0,0,146.366827,0.0,0,94.697481
1506302,Salvaterra,2,1,13.155077,0,0,16.788975,0.0,0,279.429936,3.764303,1,14.167505
1506351,Santa Bárbara do Pará,2,1,8.099039,2,1,4.014972,0.0,0,232.246071,0.0,0,27.785407
1506401,Santa Cruz do Arari,0,0,64.559794,0,0,58.82796,0.0,0,359.526833,0.0,0,65.197084
1506500,Santa Izabel do Pará,0,0,15.825292,1,1,18.116541,0.0,0,212.276025,19.954392,1,15.427857
1506559,Santa Luzia do Pará,0,0,58.562971,1,1,14.629314,0.0,0,77.203002,0.0,0,66.140882
1506583,Santa Maria das Barreiras,1,1,78.717973,15,1,6.836121,0.558762,1,78.61454,0.0,0,389.450531
1506609,Santa Maria do Pará,0,0,26.798015,0,0,39.801442,0.0,0,156.090155,0.0,0,26.584795
1506708,Santana do Araguaia,0,0,63.384629,20,1,12.104128,7.415189,1,54.675811,0.0,0,460.479047
1506807,Santarém,30,1,83.780634,4,1,61.077755,0.0,0,184.60863,246.4649,1,47.210767
1506906,Santarém Novo,1,1,6.797677,0,0,22.771752,0.0,0,139.067923,0.0,0,81.545454
1507003,Santo Antônio do Tauá,1,1,9.189195,0,0,11.152736,0.0,0,223.677416,0.0,0,35.449223
1507102,São Caetano de Odivelas,0,0,25.228216,0,0,30.48066,0.0,0,215.649881,0.0,0,32.462847
1507151,São Domingos do Araguaia,0,0,36.796229,0,0,33.509559,0.0,0,33.516619,0.0,0,59.318562
1507201,São Domingos do Capim,1,1,10.511963,0,0,41.941519,0.0,0,151.699088,48.844712,1,11.194417
1507300,São Félix do Xingu,1,1,104.881397,24,1,21.882916,0.0,0,334.003268,0.0,0,429.156939
1507409,São Francisco do Pará,0,0,42.182685,0,0,23.435116,0.0,0,179.625898,0.0,0,40.926504
1507458,São Geraldo do Araguaia,0,0,35.994143,0,0,37.242645,0.813761,1,34.247218,0.0,0,100.872161
1507466,São João da Ponta,0,0,20.552091,0,0,38.335308,0.0,0,206.923431,0.0,0,40.627074
1507474,São João de Pirabas,0,0,22.008871,0,0,15.447313,0.0,0,130.190507,0.0,0,99.381556
1507508,São João do Araguaia,1,1,15.395972,1,1,26.784499,0.463582,1,11.977509,0.0,0,53.041215
1507607,São Miguel do Guamá,5,1,16.417459,0,0,48.658342,0.0,0,153.485253,6.487582,1,6.999078
1507706,São Sebastião da Boa Vista,1,1,32.747338,0,0,88.192166,0.0,0,299.030943,22.248924,1,35.228747
1507755,Sapucaia,0,0,76.002872,4,1,13.052632,0.0,0,50.55806,0.0,0,170.075139
1507805,Senador José Porfírio,3,1,134.454012,1,1,66.981844,0.0,0,131.983631,70.084818,1,127.830605
1507904,Soure,3,1,35.859648,2,1,21.9424,0.0,0,299.932664,2.415533,1,36.214875
1507953,Tailândia,0,0,49.993565,6,1,17.5161,0.0,0,268.361626,0.0,0,50.281149
1507961,Terra Alta,0,0,32.244097,0,0,31.860505,0.0,0,192.224367,0.0,0,56.144479
1507979,Terra Santa,4,1,19.124955,2,1,17.924996,0.0,0,268.026898,37.505654,1,26.376168
1508001,Tomé-Açu,0,0,57.846486,4,1,22.000683,0.0,0,208.425407,0.0,0,55.624988
1508035,Tracuateua,0,0,17.904743,0,0,36.4839,0.0,0,88.42351,0.0,0,89.01561
1508050,Trairão,1,1,35.619224,1,1,83.173982,0.0,0,90.170473,0.0,0,81.65889
1508084,Tucumã,0,0,67.03339,0,0,30.72747,0.0,0,236.354811,0.0,0,293.436543
1508100,Tucuruí,1,1,16.711877,2,1,10.053829,0.0,0,223.166406,61.273897,1,16.400387
1508126,Ulianópolis,0,0,99.930643,3,1,8.054289,0.0,0,169.773695,0.0,0,205.259086
1508159,Uruará,0,0,162.016047,0,0,65.546414,0.0,0,232.228724,0.0,0,141.109069
1508209,Vigia,0,0,18.740129,0,0,19.118281,0.0,0,222.963951,0.0,0,28.532794
1508308,Viseu,2,1,54.025999,1,1,36.685216,2.738413,1,54.332122,0.0,0,113.176776
1508357,Vitória do Xingu,4,1,15.662734,0,0,32.144686,0.112509,1,20.27867,1.600046,1,12.042159
1508407,Xinguara,0,0,73.519675,5,1,11.064891,0.664303,1,15.334724,0.0,0,165.988619
