municipality_code,municipality,road_federal_km,road_state_km,road_paved_km,road_unpaved_km,road_total_km,road_structured_presence,road_federal_presence,road_state_presence,municipality_area_km2,road_density_km_per_1000_km2,distance_to_structured_road_km
1500107,Abaetetuba,0.0,107.382144,101.216497,6.165648,107.382144,1,0,1,1617.102026,66.404063,0.2632
1500131,Abel Figueiredo,0.0,0.0,0.0,0.0,0.0,0,0,0,617.024459,0.0,69.971365
1500206,Acará,0.0,125.61705,100.804914,24.812136,125.61705,1,0,1,4365.188509,28.777005,8.55092
1500305,Afuá,0.0,0.0,0.0,0.0,0.0,0,0,0,8352.26382,0.0,189.882388
1500347,Água Azul do Norte,0.0,109.955351,109.955351,0.0,109.955351,1,0,1,7127.720544,15.42644,2.39827
1500404,Alenquer,0.0,127.142313,127.142313,0.0,127.142313,1,0,1,23648.220736,5.376401,135.986613
1500503,Almeirim,0.0,0.0,0.0,0.0,0.0,0,0,0,72964.087155,0.0,217.423688
1500602,Altamira,167.673487,9.601719,54.233917,123.041288,177.275206,1,1,1,159549.5414,1.111098,140.639183
1500701,Anajás,0.0,0.0,0.0,0.0,0.0,0,0,0,6931.00452,0.0,118.609465
1500800,Ananindeua,8.306527,0.0,8.306527,0.0,8.306527,1,1,0,191.511453,43.373524,3.091189
1500859,Anapu,77.125637,24.612865,78.895155,22.843347,101.738502,1,1,1,11908.505931,8.543347,51.080021
1500909,Augusto Corrêa,29.14432,35.850008,1.664757,63.32957,64.994328,1,1,1,1109.036181,58.604335,2.359184
1500958,Aurora do Pará,27.117091,23.590136,31.398291,19.308937,50.707227,1,1,1,1822.768036,27.818804,16.157437
1501006,Aveiro,0.0,0.0,0.0,0.0,0.0,0,0,0,17085.801553,0.0,53.599459
1501105,Bagre,0.0,12.521661,12.521661,0.0,12.521661,1,0,1,4407.150014,2.841215,29.168507
1501204,Baião,92.119215,76.882829,169.002044,0.0,169.002044,1,1,1,3770.642913,44.820485,5.691249
1501253,Bannach,0.0,0.0,0.0,0.0,0.0,0,0,0,2961.70836,0.0,35.345157
1501303,Barcarena,0.0,177.854662,86.639406,91.215256,177.854662,1,0,1,1316.120034,135.135594,7.011132
1501402,Belém,10.660842,13.284179,23.945022,0.0,23.945022,1,1,1,1064.446804,22.495273,16.149553
1501451,Belterra,108.809421,10.901476,119.710897,0.0,119.710897,1,1,1,4399.09532,27.212617,0.643873
1501501,Benevides,11.677636,12.249783,23.927419,0.0,23.927419,1,1,1,188.768709,126.755218,0.012156
1501576,Bom Jesus do Tocantins,0.0,0.0,0.0,0.0,0.0,0,0,0,2828.329909,0.0,45.932151
1501600,Bonito,0.0,66.410911,0.981069,65.429842,66.410911,1,0,1,591.008511,112.36879,2.458072
1501709,Bragança,33.156763,109.458596,64.974861,77.640498,142.615359,1,1,1,2141.753827,66.588119,8.178043
1501725,Brasil Novo,26.289344,0.0,0.493626,25.795718,26.289344,1,1,0,6364.293978,4.130756,4.149154
1501758,Brejo Grande do Araguaia,19.364757,0.0,19.364757,0.0,19.364757,1,1,0,1294.510844,14.959131,15.902286
1501782,Breu Branco,0.0,175.822899,119.500434,56.322465,175.822899,1,0,1,3954.681637,44.459432,0.82981
1501808,Breves,0.0,0.0,0.0,0.0,0.0,0,0,0,9583.287765,0.0,97.124582
1501907,Bujaru,10.086149,34.371384,38.244062,6.21347,44.457533,1,1,1,999.987086,44.458107,1.194822
1501956,Cachoeira do Piriá,33.742736,13.704607,33.742736,13.704607,47.447343,1,1,1,2440.760981,19.43957,20.614327
1502004,Cachoeira do Arari,0.0,41.641468,0.0,41.641468,41.641468,1,0,1,3112.779313,13.377584,18.763072
1502103,Cametá,58.620268,40.236457,98.856725,0.0,98.856725,1,1,1,3091.713858,31.974733,2.599552
1502152,Canaã dos Carajás,0.0,0.0,0.0,0.0,0.0,0,0,0,3154.123025,0.0,38.874488
1502202,Capanema,28.485432,37.284013,52.062699,13.706745,65.769444,1,1,1,625.985326,105.065473,2.572879
1502301,Capitão Poço,0.0,64.250816,0.0,64.250816,64.250816,1,0,1,2921.373891,21.993356,17.057089
1502400,Castanhal,22.206955,83.253902,89.059022,16.401835,105.460857,1,1,1,1035.215696,101.873317,1.217742
1502509,Chaves,0.0,0.0,0.0,0.0,0.0,0,0,0,12568.526377,0.0,152.487461
1502608,Colares,0.0,11.958545,11.958545,0.0,11.958545,1,0,1,385.992798,30.981263,4.743232
1502707,Conceição do Araguaia,0.0,113.339722,93.216019,20.123703,113.339722,1,0,1,5847.143766,19.383775,3.428328
1502756,Concórdia do Pará,0.0,38.397874,38.397874,0.0,38.397874,1,0,1,704.510204,54.502935,5.50915
1502764,Cumaru do Norte,0.0,110.4659,14.84033,95.62557,110.4659,1,0,1,17105.02505,6.458096,20.731799
1502772,Curionópolis,0.0,0.0,0.0,0.0,0.0,0,0,0,2375.923903,0.0,34.695354
1502806,Curralinho,0.0,0.0,0.0,0.0,0.0,0,0,0,3626.306337,0.0,53.376173
1502855,Curuá,0.0,13.727496,13.727496,0.0,13.727496,1,0,1,1431.57822,9.589065,11.586197
1502905,Curuçá,0.0,43.4225,37.582377,5.840123,43.4225,1,0,1,680.224048,63.835585,1.168354
1502939,Dom Eliseu,3.125937,0.0,3.125937,0.0,3.125937,1,1,0,5298.702144,0.589944,24.976614
1502954,Eldorado do Carajás,81.462393,0.0,81.462393,0.0,81.462393,1,1,0,2966.819024,27.457823,7.638161
1503002,Faro,0.0,0.0,0.0,0.0,0.0,0,0,0,11798.538653,0.0,129.028125
1503044,Floresta do Araguaia,0.0,0.0,0.0,0.0,0.0,0,0,0,3454.461231,0.0,43.049292
1503077,Garrafão do Norte,0.0,48.075762,0.0,48.075762,48.075762,1,0,1,1619.819667,29.6797,9.688129
1503093,Goianésia do Pará,0.0,172.274062,113.16659,59.107472,172.274062,1,0,1,7050.756187,24.433416,34.702235
1503101,Gurupá,0.0,0.0,0.0,0.0,0.0,0,0,0,8577.555709,0.0,118.837654
1503200,Igarapé-Açu,4.172426,57.347216,12.384297,49.135346,61.519642,1,1,1,790.971539,77.777315,5.146799
1503309,Igarapé-Miri,0.0,99.272574,99.272574,0.0,99.272574,1,0,1,2004.046293,49.536068,5.696216
1503408,Inhangapi,0.0,7.511485,7.511485,0.0,7.511485,1,0,1,475.274903,15.804506,14.272121
1503457,Ipixuna do Pará,62.544777,47.615749,86.579757,23.580769,110.160526,1,1,1,5245.16337,21.002306,0.098927
1503507,Irituia,25.386612,39.731618,25.386612,39.731618,65.118231,1,1,1,1394.454029,46.698012,4.954741
1503606,Itaituba,495.423506,0.0,39.499054,455.924453,495.423506,1,1,0,62104.184538,7.977297,30.94131
1503705,Itupiranga,29.261724,0.0,0.0,29.261724,29.261724,1,1,0,7900.907737,3.70359,46.368375
1503754,Jacareacanga,157.488409,0.0,0.0,157.488409,157.488409,1,1,0,53394.634298,2.949518,134.786341
1503804,Jacundá,0.0,20.088724,11.797083,8.291641,20.088724,1,0,1,2015.417074,9.967527,19.118898
1503903,Juruti,0.0,0.0,0.0,0.0,0.0,0,0,0,8311.732261,0.0,107.86877
1504000,Limoeiro do Ajuru,20.199411,0.0,20.199411,0.0,20.199411,1,1,0,1494.041575,13.519979,7.528734
1504059,Mãe do Rio,29.189627,3.283342,29.189627,3.283342,32.472969,1,1,1,472.365959,68.745362,2.017933
1504109,Magalhães Barata,0.0,28.945862,11.096911,17.848951,28.945862,1,0,1,325.995591,88.792189,4.544836
1504208,Marabá,67.224503,0.0,67.224503,0.0,67.224503,1,1,0,15165.358183,4.432767,83.062213
1504307,Maracanã,0.0,100.431104,3.419685,97.011419,100.431104,1,0,1,812.863697,123.552207,3.841871
1504406,Marapanim,0.0,69.927564,26.587878,43.339686,69.927564,1,0,1,809.506667,86.382938,5.723742
1504422,Marituba,7.72836,15.099739,22.828099,0.0,22.828099,1,1,1,103.72397,220.08509,1.788542
1504455,Medicilândia,67.769983,0.0,0.0,67.769983,67.769983,1,1,0,8273.569694,8.191142,38.72762
1504505,Melgaço,0.0,0.0,0.0,0.0,0.0,0,0,0,6781.654655,0.0,53.826673
1504604,Mocajuba,0.0,14.917144,14.917144,0.0,14.917144,1,0,1,873.912083,17.069388,5.819645
1504703,Moju,0.0,129.338261,129.338261,0.0,129.338261,1,0,1,9127.967806,14.169448,26.660097
1504752,Mojuí dos Campos,0.0,102.812012,102.812012,0.0,102.812012,1,0,1,4988.506317,20.609779,13.184497
1504802,Monte Alegre,0.0,122.959853,122.959853,0.0,122.959853,1,0,1,18151.843563,6.773959,61.517658
1504901,Muaná,0.0,0.0,0.0,0.0,0.0,0,0,0,3776.063284,0.0,54.725678
1504950,Nova Esperança do Piriá,0.0,0.0,0.0,0.0,0.0,0,0,0,2829.915517,0.0,43.248754
1504976,Nova Ipixuna,0.0,0.0,0.0,0.0,0.0,0,0,0,1569.599026,0.0,27.768495
1505007,Nova Timboteua,9.702617,67.841205,41.52542,36.018401,77.543822,1,1,1,493.129747,157.248315,2.394965
1505031,Novo Progresso,274.417415,0.0,14.286085,260.131331,274.417415,1,1,0,38177.323409,7.187969,45.772082
1505064,Novo Repartimento,163.335484,0.0,80.582714,82.752771,163.335484,1,1,0,15431.711652,10.584405,30.949802
1505106,Óbidos,0.0,127.557868,127.557868,0.0,127.557868,1,0,1,28022.583976,4.551967,118.628804
1505205,Oeiras do Pará,67.162831,76.583292,143.746123,0.0,143.746123,1,1,1,3862.186272,37.218848,1.140548
1505304,Oriximiná,178.851061,31.498189,210.349251,0.0,210.349251,1,1,1,107788.123887,1.951507,71.51056
1505403,Ourém,0.0,22.658344,0.0,22.658344,22.658344,1,0,1,565.766173,40.048955,0.804876
1505437,Ourilândia do Norte,0.0,26.978195,26.978195,0.0,26.978195,1,0,1,14425.230574,1.870209,78.587677
1505486,Pacajá,125.688946,0.0,125.688946,0.0,125.688946,1,1,0,11853.103182,10.603885,15.147755
1505494,Palestina do Pará,0.0,0.0,0.0,0.0,0.0,0,0,0,989.124689,0.0,28.665468
1505502,Paragominas,75.049914,136.336503,104.984879,106.401538,211.386417,1,1,1,19464.631781,10.860026,8.383773
1505536,Parauapebas,0.0,0.0,0.0,0.0,0.0,0,0,0,6898.825799,0.0,56.398675
1505551,Pau D'Arco,22.376608,0.0,22.376608,0.0,22.376608,1,1,0,1675.204874,13.357535,9.791997
1505601,Peixe-Boi,17.084545,19.463645,18.003467,18.544723,36.54819,1,1,1,453.346317,80.618698,6.17412
1505635,Piçarra,1.493769,78.251471,1.493769,78.251471,79.74524,1,1,1,3325.209281,23.982021,11.06678
1505650,Placas,110.332591,0.0,26.858053,83.474538,110.332591,1,1,0,7173.516337,15.380545,2.306304
1505700,Ponta de Pedras,0.0,0.0,0.0,0.0,0.0,0,0,0,3376.278468,0.0,15.925263
1505809,Portel,0.0,79.426311,55.957235,23.469075,79.426311,1,0,1,25423.014097,3.124189,65.722259
1505908,Porto de Moz,0.0,0.0,0.0,0.0,0.0,0,0,0,17428.233137,0.0,87.492857
1506005,Prainha,0.0,76.032894,76.032894,0.0,76.032894,1,0,1,14788.616389,5.141312,14.366606
1506104,Primavera,0.0,28.02418,27.951339,0.072841,28.02418,1,0,1,261.206018,107.28765,2.766232
1506112,Quatipuru,0.0,20.177606,12.522248,7.655358,20.177606,1,0,1,304.848663,66.188927,1.527507
1506138,Redenção,65.402784,70.721792,87.350967,48.773609,136.124576,1,1,1,3832.136984,35.521845,1.310054
1506161,Rio Maria,55.275489,28.49089,83.766379,0.0,83.766379,1,1,1,4125.198207,20.306025,7.549854
1506187,Rondon do Pará,0.0,0.0,0.0,0.0,0.0,0,0,0,8285.139909,0.0,68.694527
1506195,Rurópolis,162.058715,0.0,47.645503,114.413211,162.058715,1,1,0,7022.972749,23.075515,4.402769
1506203,Salinópolis,0.0,21.561541,14.119771,7.44177,21.561541,1,0,1,227.651395,94.712975,3.811131
1506302,Salvaterra,0.0,27.625835,24.696361,2.929474,27.625835,1,0,1,922.597299,29.943546,4.615418
1506351,Santa Bárbara do Pará,0.0,30.025735,30.025735,0.0,30.025735,1,0,1,279.562371,107.402634,0.136515
1506401,Santa Cruz do Arari,0.0,0.0,0.0,0.0,0.0,0,0,0,1080.269767,0.0,65.279014
1506500,Santa Izabel do Pará,22.875853,41.21094,64.086793,0.0,64.086793,1,1,1,721.450346,88.830498,1.294283
1506559,Santa Luzia do Pará,48.000227,0.0,48.000227,0.0,48.000227,1,1,0,1356.822609,35.376936,14.957387
1506583,Santa Maria das Barreiras,90.40747,87.34376,90.40747,87.34376,177.751229,1,1,1,10351.434016,17.171653,4.865484
1506609,Santa Maria do Pará,36.598271,13.124339,47.353764,2.368847,49.722611,1,1,1,460.6682,107.935843,3.551277
1506708,Santana do Araguaia,173.328211,30.272735,173.328211,30.272735,203.600946,1,1,1,11611.477285,17.534457,17.208595
1506807,Santarém,36.052231,114.095288,150.147519,0.0,150.147519,1,1,1,17904.710793,8.385923,67.442393
1506906,Santarém Novo,0.0,26.260744,10.964923,15.295822,26.260744,1,0,1,231.071177,113.647858,0.311719
1507003,Santo Antônio do Tauá,0.0,54.755652,45.525362,9.230291,54.755652,1,0,1,540.411089,101.322222,1.773353
1507102,São Caetano de Odivelas,0.0,9.011983,9.011983,0.0,9.011983,1,0,1,466.7098,19.309608,4.031435
1507151,São Domingos do Araguaia,43.678535,0.0,43.678535,0.0,43.678535,1,1,0,1398.340539,31.235978,3.302095
1507201,São Domingos do Capim,0.0,66.62482,2.195493,64.429328,66.62482,1,0,1,1696.787379,39.265273,11.184986
1507300,São Félix do Xingu,0.0,50.301258,35.888474,14.412784,50.301258,1,0,1,84255.643708,0.597008,103.745646
1507409,São Francisco do Pará,21.668067,32.858819,40.080958,14.445929,54.526887,1,1,1,482.312219,113.05309,6.843916
1507458,São Geraldo do Araguaia,49.908089,27.478869,18.304315,59.082643,77.386958,1,1,1,3181.657007,24.322848,17.779629
1507466,São João da Ponta,0.0,14.853626,0.0,14.853626,14.853626,1,0,1,197.010905,75.394945,1.817172
1507474,São João de Pirabas,0.0,70.216824,43.540719,26.676105,70.216824,1,0,1,672.770358,104.369675,4.167957
1507508,São João do Araguaia,32.664541,0.0,32.664541,0.0,32.664541,1,1,0,1285.362477,25.412708,8.597209
1507607,São Miguel do Guamá,20.043804,38.769184,42.70348,16.109509,58.812989,1,1,1,1101.429648,53.396954,12.559126
1507706,São Sebastião da Boa Vista,0.0,0.0,0.0,0.0,0.0,0,0,0,1636.901103,0.0,56.725485
1507755,Sapucaia,36.83369,1.359987,38.193677,0.0,38.193677,1,1,1,1302.071265,29.333016,0.9401
1507805,Senador José Porfírio,0.0,36.163155,3.670435,32.49272,36.163155,1,0,1,14430.832952,2.505964,98.303009
1507904,Soure,0.0,14.994424,14.994424,0.0,14.994424,1,0,1,2869.672701,5.225134,29.128818
1507953,Tailândia,0.0,96.882745,89.791693,7.091051,96.882745,1,0,1,4449.259482,21.775027,19.395916
1507961,Terra Alta,0.0,18.232642,13.07661,5.156032,18.232642,1,0,1,206.159162,88.439639,3.90184
1507979,Terra Santa,0.0,0.0,0.0,0.0,0.0,0,0,0,1897.645081,0.0,71.124441
1508001,Tomé-Açu,0.0,160.05055,148.071281,11.979269,160.05055,1,0,1,5171.246389,30.950092,8.714178
1508035,Tracuateua,29.716318,0.019079,29.716318,0.019079,29.735397,1,1,1,874.667407,33.996233,2.604327
1508050,Trairão,115.299364,0.0,0.0,115.299364,115.299364,1,1,0,11998.577104,9.60942,15.852499
1508084,Tucumã,0.0,55.701993,55.701993,0.0,55.701993,1,0,1,2515.186957,22.146263,7.478063
1508100,Tucuruí,64.587679,5.454925,70.042604,0.0,70.042604,1,1,1,2089.846312,33.515672,13.599343
1508126,Ulianópolis,64.124047,86.101764,64.124047,86.101764,150.225811,1,1,1,5121.393868,29.332993,4.462053
1508159,Uruará,109.677825,0.0,0.0,109.677825,109.677825,1,1,0,10791.575108,10.163282,15.005529
1508209,Vigia,0.0,56.102304,56.102304,0.0,56.102304,1,0,1,403.723551,138.962178,0.674754
1508308,Viseu,94.689096,32.468827,25.758902,101.399021,127.157923,1,1,1,5016.390739,25.348488,8.385661
1508357,Vitória do Xingu,56.970566,32.590345,89.560911,0.0,89.560911,1,1,1,3091.48749,28.970168,8.041478
1508407,Xinguara,69.567659,28.813161,91.473503,6.907317,98.38082,1,1,1,3790.279419,25.956086,32.005518
