municipality_code,municipality,equal_modes__equal_roles__score,equal_modes__equal_roles__rank,equal_modes__availability_emphasis__score,equal_modes__availability_emphasis__rank,equal_modes__proximity_emphasis__score,equal_modes__proximity_emphasis__rank,road_emphasis__equal_roles__score,road_emphasis__equal_roles__rank,road_emphasis__availability_emphasis__score,road_emphasis__availability_emphasis__rank,road_emphasis__proximity_emphasis__score,road_emphasis__proximity_emphasis__rank,water_emphasis__equal_roles__score,water_emphasis__equal_roles__rank,water_emphasis__availability_emphasis__score,water_emphasis__availability_emphasis__rank,water_emphasis__proximity_emphasis__score,water_emphasis__proximity_emphasis__rank,air_emphasis__equal_roles__score,air_emphasis__equal_roles__rank,air_emphasis__availability_emphasis__score,air_emphasis__availability_emphasis__rank,air_emphasis__proximity_emphasis__score,air_emphasis__proximity_emphasis__rank,mean_rank,minimum_rank,maximum_rank,rank_range,mean_score,score_range
1500107,Abaetetuba,0.7637917637917637,3,0.7433307433307432,4,0.7842527842527842,4,0.7432983682983684,7,0.7078477078477079,9,0.7787490287490288,5,0.7365967365967366,3,0.7222222222222222,3,0.750971250971251,3,0.8114801864801865,5,0.7999222999222999,4,0.823038073038073,5,4.583333333333333,3,9,6,0.763791763791764,0.11519036519036507
1500131,Abel Figueiredo,0.3166278166278166,122,0.2553742553742553,130,0.3778813778813778,111,0.37907925407925414,109,0.3191530691530691,123,0.4390054390054389,92,0.3044871794871795,131,0.23620823620823617,138,0.3727661227661227,113,0.2663170163170163,129,0.21076146076146074,133,0.3218725718725718,120,120.91666666666667,92,138,46,0.3166278166278166,0.22824397824397819
1500206,Acará,0.4533799533799533,83,0.4291634291634291,86,0.4775964775964775,80,0.45716783216783213,86,0.4395881895881895,91,0.4747474747474747,86,0.4991258741258741,51,0.48348873348873345,57,0.5147630147630147,55,0.40384615384615385,95,0.36441336441336436,95,0.4432789432789432,86,79.25,51,95,44,0.45337995337995335,0.1503496503496503
1500305,Afuá,0.24028749028749027,136,0.23698523698523696,135,0.24358974358974356,135,0.18414918414918416,139,0.1824009324009324,138,0.1858974358974359,138,0.3320221445221445,122,0.3344988344988345,115,0.32954545454545453,125,0.2046911421911422,134,0.19405594405594406,134,0.21532634032634032,135,132.16666666666666,115,139,24,0.24028749028749027,0.1520979020979021
1500347,Água Azul do Norte,0.2816627816627817,132,0.25148925148925144,132,0.3118363118363118,124,0.34149184149184153,114,0.3232323232323232,119,0.35975135975135974,112,0.24854312354312352,137,0.2134809634809635,141,0.2836052836052836,130,0.25495337995337997,131,0.21775446775446775,131,0.29215229215229216,127,127.5,112,141,29,0.2816627816627817,0.14627039627039626
1500404,Alenquer,0.35780885780885774,116,0.44237244237244233,80,0.27324527324527326,131,0.2937062937062937,127,0.36266511266511264,114,0.22474747474747475,133,0.36363636363636365,109,0.4508547008547008,67,0.2764180264180264,133,0.41608391608391604,88,0.5135975135975135,65,0.31857031857031853,123,107.16666666666667,65,133,68,0.3578088578088578,0.28885003885003874
1500503,Almeirim,0.4891219891219891,67,0.563066563066563,35,0.41517741517741513,98,0.3834498834498834,108,0.4444444444444444,87,0.32245532245532244,117,0.5099067599067599,48,0.601010101010101,22,0.4188034188034188,95,0.574009324009324,47,0.6437451437451437,35,0.5042735042735043,66,68.75,22,117,95,0.4891219891219892,0.32128982128982125
1500602,Altamira,0.290986790986791,131,0.35612535612535606,113,0.2258482258482258,138,0.2540792540792541,133,0.30147630147630144,127,0.20668220668220666,135,0.26777389277389274,136,0.3278943278943279,116,0.20765345765345763,141,0.3511072261072261,111,0.439005439005439,79,0.2632090132090132,130,124.16666666666667,79,141,62,0.290986790986791,0.23232323232323232
1500701,Anajás,0.21775446775446772,139,0.22196322196322196,138,0.2135457135457135,140,0.1716200466200466,140,0.17404817404817408,139,0.16919191919191917,140,0.3174533799533799,126,0.3247863247863248,117,0.31012043512043513,127,0.16418997668997667,140,0.16705516705516704,138,0.16132478632478633,140,135.33333333333334,117,140,23,0.21775446775446772,0.16346153846153846
1500800,Ananindeua,0.4957264957264957,62,0.43563843563843563,84,0.5558145558145557,45,0.460955710955711,84,0.40947940947940953,102,0.5124320124320124,68,0.5434149184149184,39,0.4966977466977467,50,0.5901320901320901,30,0.4828088578088578,65,0.4007381507381507,84,0.5648795648795648,49,63.5,30,102,72,0.4957264957264957,0.1893939393939394
1500859,Anapu,0.4296814296814297,93,0.4926184926184926,61,0.3667443667443667,115,0.3650932400932401,111,0.4137529137529138,101,0.31643356643356646,118,0.4600815850815851,69,0.5168997668997669,43,0.40326340326340326,101,0.4638694638694639,72,0.5472027972027972,57,0.38053613053613056,105,87.16666666666667,43,118,75,0.4296814296814297,0.23076923076923073
1500909,Augusto Corrêa,0.37606837606837606,107,0.3693343693343693,109,0.38280238280238277,107,0.43414918414918413,92,0.43958818958818957,90,0.4287101787101787,96,0.40501165501165504,95,0.38675213675213677,88,0.42327117327117325,91,0.289044289044289,123,0.2816627816627817,118,0.2964257964257964,126,103.5,88,126,38,0.37606837606837606,0.15792540792540788
1500958,Aurora do Pará,0.7156177156177156,8,0.7246827246827245,6,0.7065527065527064,8,0.7220279720279721,8,0.7416472416472416,6,0.7024087024087025,9,0.6529720279720279,8,0.6487956487956488,11,0.657148407148407,11,0.7718531468531469,8,0.7836052836052836,6,0.76010101010101,8,8.083333333333334,6,11,5,0.7156177156177157,0.13480963480963482
1501006,Aveiro,0.3088578088578089,128,0.297073297073297,124,0.3206423206423206,122,0.27534965034965037,131,0.2647630147630148,133,0.28593628593628595,121,0.3924825174825175,99,0.38558663558663553,89,0.39937839937839936,105,0.25874125874125875,130,0.24087024087024084,126,0.2766122766122766,129,119.75,89,133,44,0.30885780885780884,0.15850815850815853
1501105,Bagre,0.2086247086247086,140,0.18777518777518776,141,0.22947422947422944,136,0.1914335664335664,137,0.17288267288267284,140,0.20998445998445997,134,0.24825174825174823,139,0.22979797979797975,139,0.2667055167055167,136,0.18618881118881117,139,0.16064491064491063,140,0.21173271173271171,136,138.08333333333334,134,141,7,0.2086247086247086,0.10606060606060605
1501204,Baião,0.3123543123543124,125,0.2965552965552965,125,0.3281533281533281,119,0.3295454545454546,117,0.3243978243978244,118,0.3346930846930847,114,0.33916083916083917,120,0.32012432012432007,120,0.35819735819735815,117,0.26835664335664333,128,0.24514374514374512,124,0.2915695415695415,128,121.25,114,128,14,0.3123543123543124,0.11305361305361303
1501253,Bannach,0.5174825174825175,48,0.5268065268065267,47,0.508158508158508,67,0.5148601398601398,68,0.5326340326340326,51,0.497086247086247,78,0.4195804195804196,90,0.41608391608391604,78,0.423076923076923,92,0.618006993006993,36,0.6317016317016316,38,0.6043123543123542,36,60.75,36,92,56,0.5174825174825175,0.2156177156177156
1501303,Barcarena,0.6048951048951049,24,0.5495985495985495,41,0.6601916601916601,15,0.6433566433566433,19,0.5928515928515927,28,0.6938616938616938,12,0.625,17,0.5819735819735818,28,0.668026418026418,9,0.5463286713286714,53,0.4739704739704739,69,0.6186868686868686,30,28.75,9,69,60,0.6048951048951049,0.2198912198912199
1501402,Belém,0.6857031857031857,11,0.6796166796166796,12,0.6917896917896917,10,0.6121794871794872,27,0.6029526029526029,26,0.6214063714063713,31,0.6885198135198135,6,0.6814296814296814,5,0.6956099456099456,6,0.7564102564102564,9,0.7544677544677545,11,0.7583527583527583,9,13.583333333333334,5,31,26,0.6857031857031858,0.1554001554001554
1501451,Belterra,0.5567210567210567,40,0.5799015799015799,30,0.5335405335405334,53,0.5888694638694638,31,0.5945998445998446,27,0.5831390831390831,45,0.5256410256410257,42,0.5347707847707848,39,0.5165112665112666,53,0.5556526806526807,51,0.6103341103341103,46,0.500971250971251,68,43.75,27,68,41,0.5567210567210567,0.10936285936285939
1501501,Benevides,0.8717948717948717,1,0.8681688681688682,1,0.8754208754208752,1,0.8924825174825175,1,0.8865578865578865,1,0.8984071484071483,1,0.8234265734265734,1,0.8197358197358197,1,0.8271173271173271,1,0.8994755244755245,1,0.8982128982128982,1,0.9007381507381507,1,1.0,1,1,0,0.8717948717948718,0.08100233100233101
1501576,Bom Jesus do Tocantins,0.3123543123543123,126,0.2432012432012432,133,0.3815073815073815,110,0.31905594405594406,120,0.26515151515151514,132,0.37296037296037293,107,0.3155594405594405,128,0.23659673659673655,137,0.39452214452214446,106,0.30244755244755245,122,0.22785547785547783,128,0.377039627039627,108,121.41666666666667,106,137,31,0.3123543123543124,0.16666666666666663
1501600,Bonito,0.5827505827505828,33,0.5234395234395234,48,0.642061642061642,17,0.6512237762237763,16,0.6087801087801087,25,0.6936674436674436,13,0.576048951048951,28,0.513014763014763,45,0.6390831390831391,15,0.5209790209790209,57,0.4485236985236985,76,0.5934343434343434,38,34.25,13,76,63,0.5827505827505827,0.2451437451437451
1501709,Bragança,0.4809634809634809,69,0.4307174307174307,85,0.5312095312095311,55,0.5565268065268065,46,0.5083527583527583,64,0.6047008547008547,38,0.48805361305361306,56,0.43570318570318567,74,0.5404040404040403,43,0.3983100233100233,96,0.3480963480963481,99,0.4485236985236985,83,67.33333333333333,38,99,61,0.480963480963481,0.25660450660450657
1501725,Brasil Novo,0.3578088578088578,115,0.275058275058275,127,0.4405594405594405,93,0.38986013986013984,105,0.3146853146853147,124,0.465034965034965,88,0.3339160839160839,121,0.24999999999999997,135,0.41783216783216776,96,0.3496503496503497,112,0.26048951048951047,123,0.4388111888111888,87,110.5,87,135,48,0.3578088578088578,0.21503496503496503
1501758,Brejo Grande do Araguaia,0.3927738927738927,106,0.3216783216783216,122,0.4638694638694638,86,0.458041958041958,85,0.3951048951048951,107,0.5209790209790209,64,0.3688811188811189,107,0.2907925407925408,129,0.44696969696969696,83,0.3513986013986014,110,0.2791375291375291,119,0.4236596736596736,92,100.83333333333333,64,129,65,0.3927738927738927,0.24184149184149184
1501782,Breu Branco,0.4941724941724941,66,0.441077441077441,81,0.5472675472675472,46,0.5515734265734266,51,0.5073815073815073,65,0.5957653457653457,42,0.4895104895104895,54,0.4378399378399378,73,0.5411810411810412,42,0.4414335664335664,82,0.37801087801087796,90,0.5048562548562547,65,63.083333333333336,42,90,48,0.4941724941724941,0.21775446775446772
1501808,Breves,0.4079254079254079,100,0.4649054649054648,67,0.35094535094535084,116,0.32954545454545453,118,0.3702408702408702,110,0.2888500388500388,120,0.4431818181818182,77,0.4957264957264957,54,0.3906371406371406,108,0.45104895104895104,80,0.5287490287490286,62,0.3733488733488733,109,93.41666666666667,54,120,66,0.4079254079254078,0.23989898989898983
1501907,Bujaru,0.5066045066045066,56,0.48717948717948717,62,0.526029526029526,59,0.5521561771561772,50,0.5367132867132867,48,0.5675990675990676,47,0.5544871794871795,35,0.5372960372960373,38,0.5716783216783217,33,0.4131701631701632,90,0.38752913752913754,88,0.4388111888111888,87,57.75,33,90,57,0.5066045066045065,0.18414918414918413
1501956,Cachoeira do Piriá,0.40792540792540793,99,0.3996373996373996,101,0.4162134162134162,96,0.430944055944056,94,0.42327117327117325,97,0.43861693861693857,93,0.46590909090909094,63,0.4619269619269619,64,0.4698912198912199,77,0.326923076923077,118,0.3137140637140637,110,0.3401320901320901,116,94.0,63,118,55,0.40792540792540793,0.15617715617715622
1502004,Cachoeira do Arari,0.5011655011655012,59,0.5063455063455062,57,0.4959854959854959,72,0.4318181818181818,93,0.4351204351204351,94,0.42851592851592846,97,0.48251748251748255,57,0.4786324786324786,60,0.4864024864024864,71,0.5891608391608392,41,0.6052836052836053,48,0.5730380730380731,42,65.91666666666667,41,97,56,0.5011655011655012,0.1767676767676768
1502103,Cametá,0.6868686868686869,10,0.6889406889406888,10,0.6847966847966848,11,0.662004662004662,13,0.6489898989898989,14,0.675019425019425,16,0.6858974358974359,7,0.686091686091686,4,0.6857031857031857,7,0.7127039627039627,14,0.7317404817404817,14,0.6936674436674436,19,11.583333333333334,4,19,15,0.6868686868686869,0.08275058275058278
1502152,Canaã dos Carajás,0.4257964257964258,94,0.44703444703444695,74,0.4045584045584045,103,0.42162004662004665,97,0.44250194250194247,89,0.4007381507381508,103,0.36159673659673663,113,0.3634421134421134,102,0.35975135975135974,116,0.4941724941724942,64,0.5351592851592851,60,0.45318570318570317,80,91.25,60,116,56,0.42579642579642574,0.17540792540792538
1502202,Capanema,0.7389277389277389,6,0.7094017094017093,7,0.7684537684537684,5,0.7954545454545454,2,0.7721445221445221,3,0.8187645687645688,2,0.6293706293706294,15,0.5821678321678321,27,0.6765734265734266,8,0.7919580419580419,6,0.7738927738927739,8,0.8100233100233101,6,7.916666666666667,2,27,25,0.7389277389277389,0.23659673659673675
1502301,Capitão Poço,0.618104118104118,21,0.6094276094276094,24,0.6267806267806266,21,0.662004662004662,13,0.654040404040404,12,0.6699689199689199,17,0.5337995337995338,40,0.5038850038850038,47,0.5637140637140636,35,0.6585081585081585,23,0.6703574203574203,27,0.6466588966588966,24,25.333333333333332,12,47,35,0.618104118104118,0.1664724164724165
1502400,Castanhal,0.7206682206682207,7,0.7003367003367003,9,0.740999740999741,7,0.7564102564102564,6,0.7507770007770007,5,0.7620435120435121,7,0.6159673659673659,21,0.5755633255633256,29,0.6563714063714063,12,0.7896270396270396,7,0.7746697746697746,7,0.8045843045843046,7,10.333333333333334,5,29,24,0.7206682206682208,0.22902097902097907
1502509,Chaves,0.43842268842268844,91,0.48018648018648014,65,0.39665889665889664,104,0.3336247086247086,116,0.36538461538461536,112,0.3018648018648018,119,0.4771270396270396,60,0.5145687645687645,44,0.4396853146853147,88,0.504516317016317,61,0.5606060606060606,54,0.44842657342657344,84,83.16666666666667,44,119,75,0.43842268842268844,0.25874125874125875
1502608,Colares,0.785159285159285,2,0.7738927738927739,2,0.7964257964257964,2,0.7741841491841491,4,0.7529137529137528,4,0.7954545454545454,4,0.7555361305361306,2,0.747086247086247,2,0.763986013986014,2,0.8257575757575757,2,0.8216783216783217,2,0.8298368298368298,3,2.5833333333333335,2,4,2,0.7851592851592852,0.08275058275058278
1502707,Conceição do Araguaia,0.5221445221445221,47,0.5413105413105412,42,0.5029785029785029,70,0.4921328671328671,74,0.5067987567987567,66,0.4774669774669774,83,0.4956293706293706,53,0.5031080031080031,48,0.4881507381507382,70,0.5786713286713286,43,0.614024864024864,43,0.5433177933177933,58,58.083333333333336,42,83,41,0.5221445221445221,0.1365578865578866
1502756,Concórdia do Pará,0.4475524475524476,87,0.40326340326340326,98,0.4918414918414918,74,0.5305944055944056,57,0.5110722610722611,61,0.5501165501165501,55,0.41608391608391615,92,0.356060606060606,107,0.4761072261072261,74,0.395979020979021,99,0.34265734265734266,103,0.44930069930069927,82,82.41666666666667,55,107,52,0.44755244755244755,0.20745920745920748
1502764,Cumaru do Norte,0.45104895104895104,84,0.4405594405594405,83,0.4615384615384615,87,0.4134615384615385,100,0.4020979020979021,106,0.4248251748251748,100,0.36101398601398604,114,0.34557109557109555,112,0.3764568764568764,112,0.5786713286713286,43,0.574009324009324,50,0.5833333333333333,39,85.83333333333333,39,114,75,0.45104895104895104,0.2377622377622377
1502772,Curionópolis,0.548951048951049,41,0.5609945609945609,36,0.5369075369075369,52,0.5524475524475525,48,0.5775058275058275,30,0.5273892773892774,61,0.4597902097902098,70,0.45279720279720276,66,0.46678321678321677,78,0.6346153846153846,30,0.6526806526806526,33,0.6165501165501166,31,48.0,30,78,48,0.548951048951049,0.1998834498834498
1502806,Curralinho,0.2645687645687646,133,0.25666925666925666,129,0.27246827246827243,132,0.22115384615384615,135,0.2123154623154623,135,0.22999222999222996,131,0.34265734265734266,119,0.3442113442113442,113,0.34110334110334106,121,0.22989510489510492,133,0.21348096348096346,132,0.24630924630924628,132,128.75,113,135,22,0.2645687645687646,0.1318958818958819
1502855,Curuá,0.404040404040404,103,0.3698523698523698,108,0.4382284382284382,94,0.4192890442890443,99,0.3747086247086247,109,0.46386946386946387,89,0.45308857808857805,73,0.432983682983683,75,0.47319347319347316,75,0.33974358974358976,116,0.30186480186480186,113,0.3776223776223776,107,96.75,73,116,43,0.40404040404040403,0.1713286713286713
1502905,Curuçá,0.47979797979797983,70,0.44703444703444695,74,0.5125615125615125,64,0.5783799533799534,38,0.5485625485625485,43,0.6081973581973581,36,0.48193473193473196,58,0.4444444444444444,70,0.5194250194250193,50,0.37907925407925414,104,0.3480963480963481,99,0.41006216006215995,96,66.83333333333333,36,104,68,0.47979797979797983,0.26010101010101
1502939,Dom Eliseu,0.44871794871794873,85,0.4599844599844599,69,0.4374514374514374,95,0.451923076923077,88,0.4592074592074592,77,0.4446386946386946,91,0.375,103,0.3706293706293706,95,0.3793706293706293,111,0.5192307692307693,58,0.5501165501165501,56,0.4883449883449883,71,83.25,56,111,55,0.4487179487179487,0.17948717948717952
1502954,Eldorado do Carajás,0.40520590520590516,102,0.3532763532763533,115,0.45713545713545706,89,0.5136946386946387,71,0.4671717171717172,76,0.5602175602175602,51,0.36305361305361306,110,0.3043900543900544,123,0.4217171717171717,93,0.3388694638694638,117,0.28826728826728826,116,0.38947163947163943,102,97.08333333333333,51,123,72,0.4052059052059052,0.27195027195027194
1503002,Faro,0.1526806526806527,142,0.18440818440818438,142,0.12095312095312095,143,0.13111888111888115,143,0.15578865578865578,142,0.10644910644910646,143,0.20891608391608396,141,0.25679875679875686,134,0.16103341103341104,142,0.11800699300699302,142,0.14063714063714064,142,0.09537684537684539,144,141.66666666666666,134,144,10,0.1526806526806527,0.16142191142191148
1503044,Floresta do Araguaia,0.634032634032634,18,0.6762496762496761,13,0.5918155918155918,32,0.6048951048951049,29,0.6447163947163947,15,0.565073815073815,48,0.6302447552447552,14,0.6658896658896658,7,0.5945998445998446,28,0.6669580419580419,22,0.7181429681429681,17,0.6157731157731157,33,23.0,7,48,41,0.634032634032634,0.15306915306915303
1503077,Garrafão do Norte,0.41025641025641024,98,0.3589743589743589,111,0.4615384615384614,88,0.5148601398601399,67,0.4714452214452214,74,0.5582750582750582,52,0.3723776223776224,104,0.3123543123543123,121,0.43240093240093236,90,0.34353146853146854,114,0.29312354312354305,115,0.39393939393939387,101,94.58333333333333,52,121,69,0.4102564102564102,0.26515151515151514
1503093,Goianésia do Pará,0.4972804972804973,61,0.52007252007252,51,0.4744884744884745,81,0.4481351981351982,89,0.47047397047397044,75,0.42579642579642585,99,0.45833333333333337,71,0.4747474747474747,61,0.44191919191919193,86,0.5853729603729604,42,0.614996114996115,41,0.5557498057498058,54,67.58333333333333,41,99,58,0.4972804972804972,0.1891996891996891
1503101,Gurupá,0.24300699300699302,134,0.2387982387982388,134,0.24721574721574718,134,0.19143356643356646,136,0.18725718725718726,136,0.1956099456099456,136,0.3500874125874126,116,0.34654234654234656,111,0.3536324786324786,120,0.18750000000000003,135,0.18259518259518262,135,0.19240481740481738,139,130.5,111,139,28,0.243006993006993,0.17103729603729598
1503200,Igarapé-Açu,0.44483294483294483,89,0.4030044030044029,99,0.4866614866614866,76,0.56002331002331,44,0.533022533022533,49,0.587024087024087,44,0.40238927738927743,97,0.3480963480963481,110,0.45668220668220666,81,0.3720862470862471,106,0.3278943278943278,106,0.4162781662781663,94,82.91666666666667,44,110,66,0.44483294483294483,0.2591297591297592
1503309,Igarapé-Miri,0.30147630147630144,129,0.26832426832426826,128,0.3346283346283345,118,0.2969114219114219,123,0.2711732711732711,131,0.3226495726495726,116,0.32896270396270394,123,0.29759129759129754,125,0.36033411033411034,115,0.27855477855477856,126,0.2362082362082362,127,0.32090132090132084,121,123.5,115,131,16,0.3014763014763014,0.12412587412587414
1503408,Inhangapi,0.5928515928515928,28,0.5648795648795648,34,0.6208236208236206,26,0.6334498834498834,20,0.6212121212121211,21,0.6456876456876456,23,0.6217948717948717,18,0.5973193473193472,23,0.6462703962703962,13,0.5233100233100233,55,0.47610722610722606,68,0.5705128205128205,45,31.166666666666668,13,68,55,0.5928515928515928,0.17016317016317012
1503457,Ipixuna do Pará,0.6208236208236209,19,0.6073556073556072,26,0.6342916342916343,20,0.6797785547785549,11,0.66006216006216,11,0.6994949494949494,11,0.5273892773892774,41,0.4966977466977467,50,0.5580808080808081,37,0.6553030303030303,24,0.6653069153069153,30,0.6452991452991452,25,25.416666666666668,11,50,39,0.6208236208236207,0.2027972027972027
1503507,Irituia,0.49999999999999994,60,0.462056462056462,68,0.5379435379435379,51,0.5445804195804196,54,0.5283605283605284,54,0.5608003108003108,50,0.5052447552447552,50,0.46114996114996115,65,0.5493395493395493,40,0.45017482517482516,81,0.39665889665889664,85,0.5036907536907537,67,60.416666666666664,40,85,45,0.5000000000000001,0.16414141414141414
1503606,Itaituba,0.5784770784770785,34,0.628075628075628,20,0.5288785288785288,57,0.5265151515151516,58,0.5479797979797979,44,0.505050505050505,74,0.5844988344988346,26,0.6548174048174048,8,0.5141802641802641,56,0.6244172494172495,33,0.6814296814296814,23,0.5674048174048174,48,40.083333333333336,8,74,66,0.5784770784770784,0.17637917637917644
1503705,Itupiranga,0.4638694638694638,78,0.4408184408184408,82,0.48692048692048684,75,0.5218531468531469,65,0.4897047397047397,70,0.554001554001554,53,0.4895104895104895,54,0.48057498057498055,58,0.4984459984459984,63,0.3802447552447552,103,0.3521756021756021,98,0.40831390831390824,97,74.66666666666667,53,103,50,0.4638694638694638,0.20182595182595192
1503754,Jacareacanga,0.3741258741258741,109,0.40688940688940683,97,0.34136234136234134,117,0.2937062937062937,127,0.3209013209013209,122,0.2665112665112665,128,0.3277972027972028,124,0.3644133644133644,100,0.29118104118104116,129,0.5008741258741258,62,0.5353535353535354,59,0.4663947163947164,74,104.0,59,129,70,0.3741258741258741,0.26884226884226886
1503804,Jacundá,0.4075369075369075,101,0.37088837088837084,107,0.4441854441854442,91,0.4533799533799534,87,0.42327117327117325,97,0.4834887334887335,82,0.42336829836829837,88,0.3844211344211344,90,0.46231546231546233,80,0.34586247086247085,113,0.304972804972805,112,0.38675213675213677,103,95.91666666666667,80,113,33,0.4075369075369076,0.1785159285159285
1503903,Juruti,0.46348096348096346,79,0.5159285159285159,53,0.41103341103341096,100,0.40005827505827507,103,0.4382284382284382,93,0.3618881118881119,111,0.495920745920746,52,0.5413752913752914,37,0.45046620046620045,82,0.49446386946386944,63,0.5681818181818181,51,0.4207459207459207,93,76.41666666666667,37,111,74,0.4634809634809634,0.20629370629370625
1504000,Limoeiro do Ajuru,0.29292929292929293,130,0.2849002849002849,126,0.300958300958301,125,0.2686480186480187,132,0.2579642579642579,134,0.2793317793317794,125,0.37995337995337997,102,0.37606837606837606,93,0.38383838383838387,110,0.2301864801864802,132,0.22066822066822067,130,0.23970473970473974,133,122.66666666666667,93,134,41,0.292929292929293,0.1631701631701632
1504059,Mãe do Rio,0.4681429681429681,75,0.41310541310541304,93,0.5231805231805231,61,0.5643939393939394,43,0.5277777777777777,55,0.601010101010101,41,0.43385780885780884,82,0.364996114996115,98,0.5027195027195027,60,0.4061771561771561,94,0.3465423465423465,101,0.46581196581196577,75,73.16666666666667,41,101,60,0.46814296814296813,0.2544677544677545
1504109,Magalhães Barata,0.4106449106449106,97,0.37244237244237244,106,0.4488474488474488,90,0.5046620046620046,72,0.48445998445998445,71,0.5248640248640248,62,0.37121212121212116,106,0.3214840714840715,118,0.4209401709401709,94,0.356060606060606,109,0.3113830613830614,111,0.4007381507381507,100,94.66666666666667,62,118,56,0.4106449106449106,0.21348096348096346
1504208,Marabá,0.5753690753690753,35,0.6083916083916083,25,0.5423465423465423,50,0.5145687645687645,69,0.5413752913752914,47,0.48776223776223776,81,0.5658508158508159,32,0.6013986013986015,21,0.5303030303030303,49,0.6456876456876457,28,0.6824009324009324,22,0.608974358974359,35,41.166666666666664,21,81,60,0.5753690753690756,0.1946386946386946
1504307,Maracanã,0.4945609945609945,64,0.42372442372442365,88,0.5653975653975652,39,0.5815850815850816,36,0.5287490287490287,53,0.6344211344211343,25,0.4411421911421911,80,0.3646076146076146,99,0.5176767676767676,51,0.4609557109557109,76,0.3778166278166278,91,0.544094794094794,57,63.25,25,99,74,0.4945609945609945,0.26981351981351975
1504406,Marapanim,0.37529137529137524,108,0.3387723387723387,119,0.4118104118104117,99,0.46590909090909094,81,0.44347319347319347,88,0.4883449883449883,80,0.3522727272727273,115,0.30128205128205127,124,0.4032634032634032,102,0.30769230769230765,121,0.2715617715617715,121,0.3438228438228438,114,106.0,80,124,44,0.3752913752913753,0.21678321678321677
1504422,Marituba,0.559052059052059,39,0.5006475006475006,59,0.6174566174566174,27,0.5923659673659674,30,0.559052059052059,40,0.6256798756798756,28,0.550990675990676,37,0.49106449106449107,55,0.6109168609168609,23,0.5337995337995338,54,0.4518259518259518,75,0.6157731157731158,32,41.583333333333336,23,75,52,0.559052059052059,0.1738539238539238
1504455,Medicilândia,0.12276612276612275,143,0.10748510748510746,143,0.138047138047138,142,0.14627039627039629,142,0.13597513597513597,143,0.15656565656565657,142,0.12733100233100236,143,0.10411810411810411,143,0.15054390054390054,143,0.0946969696969697,143,0.08236208236208235,143,0.10703185703185703,143,142.75,142,143,1,0.1227661227661228,0.07420357420357422
1504505,Melgaço,0.35411810411810407,118,0.3869463869463869,104,0.32128982128982125,121,0.2817599067599068,130,0.303030303030303,126,0.26048951048951047,129,0.37164918414918413,105,0.38869463869463866,85,0.3546037296037296,118,0.40894522144522144,91,0.4691142191142191,71,0.34877622377622375,113,109.25,71,130,59,0.35411810411810407,0.2086247086247086
1504604,Mocajuba,0.472027972027972,73,0.4162134162134161,91,0.5278425278425277,58,0.48951048951048953,75,0.4508547008547008,82,0.5281662781662781,60,0.46416083916083917,65,0.4133644133644133,81,0.5149572649572649,54,0.4624125874125874,74,0.3844211344211344,89,0.5404040404040404,60,71.83333333333333,54,91,37,0.47202797202797203,0.15598290598290604
1504703,Moju,0.592074592074592,30,0.6226366226366226,21,0.5615125615125613,42,0.5454545454545454,53,0.5666278166278166,36,0.5242812742812742,63,0.6101398601398601,22,0.6332556332556332,17,0.587024087024087,31,0.6206293706293706,35,0.6680264180264179,28,0.5732323232323232,41,34.916666666666664,17,63,46,0.5920745920745921,0.1437451437451437
1504752,Mojuí dos Campos,0.3512043512043512,119,0.31028231028231024,123,0.39212639212639216,106,0.46707459207459207,80,0.4256021756021756,96,0.5085470085470085,72,0.30827505827505824,130,0.26262626262626265,132,0.35392385392385395,119,0.27826340326340326,127,0.2426184926184926,125,0.3139083139083139,124,112.75,72,132,60,0.3512043512043512,0.2659285159285159
1504802,Monte Alegre,0.4020979020979021,104,0.485107485107485,63,0.31908831908831903,123,0.35139860139860135,113,0.4209401709401709,100,0.2818570318570318,123,0.4169580419580419,91,0.49630924630924633,52,0.3376068376068376,122,0.4379370629370629,84,0.5380730380730381,58,0.33780108780108775,117,95.83333333333333,52,123,71,0.4020979020979021,0.25621600621600626
1504901,Muaná,0.22902097902097898,138,0.22947422947422944,136,0.22856772856772856,137,0.18706293706293706,138,0.18434343434343434,137,0.18978243978243978,137,0.3125,129,0.32148407148407143,119,0.3035159285159285,128,0.1875,136,0.18259518259518256,136,0.1924048174048174,138,134.08333333333334,119,138,19,0.22902097902097898,0.13888888888888887
1504950,Nova Esperança do Piriá,0.24125874125874122,135,0.22766122766122765,137,0.25485625485625485,133,0.28846153846153844,129,0.2925407925407925,128,0.28438228438228436,122,0.24825174825174826,138,0.2156177156177156,140,0.28088578088578087,131,0.18706293706293706,137,0.17482517482517482,137,0.1993006993006993,137,133.66666666666666,122,140,18,0.24125874125874125,0.1177156177156177
1504976,Nova Ipixuna,0.4456099456099456,88,0.39083139083139085,103,0.5003885003885004,71,0.4653263403263403,83,0.4230769230769231,99,0.5075757575757576,73,0.47785547785547783,59,0.41666666666666663,77,0.539044289044289,44,0.3936480186480187,101,0.3327505827505827,105,0.4545454545454545,79,81.83333333333333,44,105,61,0.4456099456099456,0.2062937062937063
1505007,Nova Timboteua,0.5155400155400155,51,0.4509194509194509,71,0.5801605801605801,35,0.6217948717948718,24,0.5753690753690753,31,0.6682206682206682,18,0.4621212121212121,67,0.3885003885003885,86,0.5357420357420357,46,0.4627039627039627,73,0.38888888888888884,86,0.5365190365190364,61,54.083333333333336,18,86,68,0.5155400155400156,0.2797202797202797
1505031,Novo Progresso,0.3131313131313131,124,0.347060347060347,116,0.2792022792022792,128,0.296037296037296,124,0.3214840714840715,121,0.2705905205905206,127,0.23630536130536128,140,0.26126651126651124,133,0.21134421134421133,140,0.40705128205128205,93,0.4584304584304584,74,0.35567210567210567,111,119.25,74,140,66,0.3131313131313131,0.24708624708624705
1505064,Novo Repartimento,0.5155400155400156,50,0.5501165501165501,40,0.48096348096348096,77,0.5238927738927739,60,0.5477855477855478,45,0.5,77,0.469988344988345,62,0.49592074592074586,53,0.44405594405594406,85,0.5527389277389277,52,0.6066433566433567,47,0.4988344988344988,69,59.75,40,85,45,0.5155400155400155,0.1625874125874126
1505106,Óbidos,0.3613053613053613,114,0.44392644392644387,79,0.2786842786842787,129,0.2945804195804196,125,0.3620823620823621,115,0.22707847707847711,132,0.3627622377622377,111,0.4496891996891996,68,0.27583527583527584,134,0.42657342657342656,85,0.52000777000777,64,0.33313908313908314,119,106.25,64,134,70,0.36130536130536123,0.2929292929292929
1505205,Oeiras do Pará,0.364024864024864,113,0.3462833462833462,117,0.3817663817663817,109,0.3945221445221445,104,0.3628593628593628,113,0.42618492618492615,98,0.4122960372960373,93,0.40811965811965806,82,0.41647241647241645,97,0.28525641025641024,125,0.26787101787101786,122,0.3026418026418026,125,108.16666666666667,82,125,43,0.36402486402486395,0.1583139083139083
1505304,Oriximiná,0.31002331002331,127,0.40196840196840194,100,0.21807821807821803,139,0.2517482517482518,134,0.32187257187257184,120,0.1816239316239316,139,0.32080419580419584,125,0.41588966588966586,79,0.2257187257187257,139,0.3575174825174825,108,0.4681429681429681,72,0.24689199689199687,131,117.75,72,139,67,0.31002331002330996,0.2865190365190365
1505403,Ourém,0.4953379953379953,63,0.41802641802641793,90,0.5726495726495726,38,0.5681818181818181,41,0.5104895104895104,62,0.6258741258741258,27,0.4554195804195804,72,0.36946386946386944,96,0.5413752913752914,41,0.4624125874125874,74,0.3741258741258741,92,0.5506993006993006,56,62.666666666666664,27,96,69,0.49533799533799533,0.2564102564102564
1505437,Ourilândia do Norte,0.3407148407148407,120,0.3576793576793576,112,0.32375032375032375,120,0.293997668997669,126,0.3084693084693084,125,0.27952602952602956,124,0.2741841491841492,135,0.28069153069153063,130,0.2676767676767677,135,0.453962703962704,78,0.4838772338772338,67,0.4240481740481741,91,113.58333333333333,67,135,68,0.34071484071484076,0.21620046620046612
1505486,Pacajá,0.45998445998446,80,0.4457394457394457,78,0.47422947422947415,82,0.42103729603729606,98,0.405982905982906,105,0.436091686091686,94,0.39015151515151514,100,0.36441336441336436,101,0.41588966588966586,98,0.5687645687645688,48,0.5668220668220668,52,0.5707070707070706,44,81.66666666666667,44,105,61,0.45998445998446,0.20629370629370625
1505494,Palestina do Pará,0.5831390831390831,32,0.5928515928515927,29,0.5734265734265734,37,0.5684731934731935,40,0.574009324009324,32,0.5629370629370629,49,0.5512820512820513,36,0.5483682983682983,33,0.5541958041958042,38,0.6296620046620046,32,0.6561771561771561,32,0.6031468531468531,37,35.583333333333336,29,49,20,0.5831390831390831,0.10780885780885785
1505502,Paragominas,0.6647241647241647,13,0.6588966588966588,14,0.6705516705516705,13,0.6576340326340326,15,0.6509324009324009,13,0.6643356643356644,19,0.5906177156177157,25,0.5833333333333333,26,0.5979020979020979,27,0.745920745920746,11,0.7424242424242424,12,0.7494172494172494,10,16.5,10,27,17,0.6647241647241647,0.16608391608391615
1505536,Parauapebas,0.32867132867132864,121,0.36829836829836826,110,0.289044289044289,127,0.3120629370629371,121,0.3484848484848485,117,0.2756410256410256,126,0.2770979020979021,134,0.2966200466200466,127,0.25757575757575757,137,0.3968531468531469,98,0.4597902097902098,73,0.3339160839160839,118,117.41666666666667,73,137,64,0.32867132867132864,0.20221445221445222
1505551,Pau D'Arco,0.39937839937839936,105,0.35560735560735557,114,0.44314944314944316,92,0.4787296037296037,76,0.45318570318570317,80,0.5042735042735043,75,0.34557109557109555,118,0.29739704739704736,126,0.3937451437451437,107,0.3738344988344988,105,0.3162393162393162,109,0.4314296814296814,90,99.75,75,126,51,0.3993783993783993,0.2068764568764569
1505601,Peixe-Boi,0.4662004662004662,76,0.4079254079254079,96,0.5244755244755244,60,0.5227272727272727,64,0.49417249417249415,69,0.5512820512820512,54,0.42395104895104896,87,0.35547785547785543,108,0.4924242424242424,65,0.4519230769230769,79,0.37412587412587406,93,0.5297202797202797,63,76.16666666666667,54,108,54,0.4662004662004661,0.19580419580419578
1505635,Piçarra,0.6542346542346541,14,0.6542346542346542,15,0.6542346542346541,16,0.6305361305361306,22,0.6363636363636364,17,0.6247086247086246,29,0.5967365967365967,24,0.5891608391608391,24,0.6043123543123543,25,0.7354312354312353,13,0.7371794871794871,13,0.7336829836829836,12,18.666666666666668,12,29,17,0.6542346542346542,0.14801864801864806
1505650,Placas,0.47552447552447547,72,0.47008547008547,66,0.48096348096348096,77,0.46590909090909094,81,0.45687645687645684,78,0.47494172494172493,85,0.39597902097902093,98,0.3787878787878788,92,0.41317016317016314,99,0.5646853146853147,49,0.5745920745920746,49,0.5547785547785548,55,75.08333333333333,49,99,50,0.47552447552447547,0.19580419580419584
1505700,Ponta de Pedras,0.533022533022533,45,0.5537425537425537,38,0.5123025123025122,65,0.44085081585081587,90,0.4526029526029526,81,0.42909867909867905,95,0.5565268065268065,34,0.5753690753690753,30,0.5376845376845376,45,0.6016899766899767,38,0.6332556332556332,37,0.57012432012432,46,53.666666666666664,30,95,65,0.5330225330225329,0.20415695415695412
1505809,Portel,0.5034965034965034,58,0.5371665371665371,43,0.4698264698264698,83,0.41346153846153844,101,0.439005439005439,92,0.3879176379176379,105,0.5227272727272727,43,0.5551670551670551,32,0.4902874902874903,69,0.5743006993006993,46,0.6173271173271173,40,0.5312742812742812,62,64.5,32,105,73,0.5034965034965034,0.22940947940947942
1505908,Porto de Moz,0.49417249417249415,65,0.5216265216265216,49,0.4667184667184666,85,0.3881118881118881,106,0.4081196581196581,104,0.368104118104118,110,0.5183566433566433,45,0.5452602952602952,35,0.4914529914529914,66,0.576048951048951,45,0.6114996114996114,45,0.5405982905982906,59,67.83333333333333,35,110,75,0.4941724941724941,0.24339549339549338
1506005,Prainha,0.6138306138306138,22,0.6192696192696192,23,0.6083916083916083,29,0.5154428904428904,66,0.5198135198135198,58,0.511072261072261,69,0.641025641025641,10,0.6404428904428904,14,0.6416083916083914,14,0.68502331002331,21,0.6975524475524475,19,0.6724941724941724,21,30.5,10,69,59,0.6138306138306138,0.1864801864801865
1506104,Primavera,0.4580419580419581,81,0.40870240870240865,95,0.5073815073815073,68,0.5498251748251749,52,0.5215617715617715,57,0.578088578088578,46,0.42657342657342656,86,0.3618881118881119,103,0.49125874125874125,67,0.39772727272727276,97,0.34265734265734266,103,0.4527972027972028,81,78.0,46,103,57,0.45804195804195796,0.2354312354312354
1506112,Quatipuru,0.43006993006993005,92,0.3929033929033929,102,0.46723646723646717,84,0.47639860139860135,77,0.4491064491064491,84,0.5036907536907537,76,0.44842657342657344,75,0.4063714063714064,83,0.4904817404817404,68,0.36538461538461536,107,0.3232323232323232,107,0.4075369075369075,98,87.75,68,107,39,0.43006993006993,0.18045843045843046
1506138,Redenção,0.5648795648795648,37,0.5537425537425537,38,0.576016576016576,36,0.5801282051282051,37,0.5691530691530691,34,0.5911033411033411,43,0.46270396270396275,66,0.44133644133644134,71,0.48407148407148404,73,0.6518065268065268,26,0.6507381507381507,34,0.6528749028749028,22,43.083333333333336,22,73,51,0.5648795648795649,0.21153846153846145
1506161,Rio Maria,0.6091686091686092,23,0.5964775964775964,28,0.6218596218596217,23,0.6185897435897436,25,0.6146076146076146,23,0.6225718725718725,30,0.5055361305361306,49,0.4797979797979798,59,0.5312742812742812,48,0.7033799533799534,17,0.6950271950271949,20,0.7117327117327117,14,29.916666666666668,14,59,45,0.6091686091686092,0.2319347319347319
1506187,Rondon do Pará,0.4203574203574203,95,0.4465164465164465,76,0.39419839419839414,105,0.42628205128205127,96,0.45027195027195027,83,0.40229215229215226,102,0.36655011655011654,108,0.3690753690753691,97,0.364024864024864,114,0.46824009324009325,68,0.5202020202020202,63,0.4162781662781663,94,91.75,63,114,51,0.42035742035742035,0.15617715617715622
1506195,Rurópolis,0.5928515928515928,28,0.576016576016576,31,0.6096866096866096,28,0.5233100233100233,62,0.508935508935509,63,0.5376845376845376,59,0.5675990675990676,31,0.5417637917637917,36,0.5934343434343434,29,0.6876456876456877,20,0.6773504273504274,26,0.6979409479409479,16,35.75,16,63,47,0.5928515928515928,0.18900543900543887
1506203,Salinópolis,0.7622377622377622,4,0.7588707588707588,3,0.7656047656047655,6,0.7762237762237763,3,0.7824397824397824,2,0.77000777000777,6,0.6888111888111887,5,0.675019425019425,6,0.7026029526029526,5,0.8216783216783217,3,0.8191530691530691,3,0.8242035742035743,4,4.166666666666667,2,6,4,0.7622377622377621,0.14918414918414924
1506302,Salvaterra,0.5485625485625486,42,0.4941724941724941,60,0.6029526029526029,31,0.5652680652680653,42,0.513986013986014,60,0.6165501165501165,34,0.571969696969697,29,0.5332167832167832,40,0.6107226107226107,24,0.5084498834498835,59,0.4353146853146853,80,0.5815850815850816,40,45.083333333333336,24,80,56,0.5485625485625486,0.18123543123543118
1506351,Santa Bárbara do Pará,0.7606837606837606,5,0.7290857290857291,5,0.7922817922817922,3,0.7724358974358975,5,0.7367909867909868,7,0.8080808080808081,3,0.6908508158508159,4,0.6548174048174048,8,0.7268842268842268,4,0.8187645687645688,4,0.7956487956487956,5,0.8418803418803418,2,4.583333333333333,2,8,6,0.7606837606837608,0.18706293706293697
1506401,Santa Cruz do Arari,0.08644133644133645,144,0.060347060347060354,144,0.11253561253561255,144,0.0783799533799534,144,0.05633255633255634,144,0.10042735042735045,144,0.09863053613053614,144,0.0677933177933178,144,0.1294677544677545,144,0.08231351981351984,144,0.056915306915306926,144,0.10771173271173273,142,143.83333333333334,142,144,2,0.08644133644133645,0.07313519813519814
1506500,Santa Izabel do Pará,0.6989121989121989,9,0.7011137011137011,8,0.6967106967106966,9,0.706002331002331,9,0.7123154623154623,8,0.6996891996891996,10,0.6480186480186481,9,0.6361693861693862,16,0.6598679098679099,10,0.7427156177156178,12,0.7548562548562548,10,0.7305749805749805,13,10.25,8,16,8,0.6989121989121988,0.11868686868686862
1506559,Santa Luzia do Pará,0.5396270396270396,44,0.5322455322455322,46,0.5470085470085471,47,0.513986013986014,70,0.518065268065268,59,0.5099067599067599,70,0.4737762237762238,61,0.44522144522144524,69,0.5023310023310024,61,0.6311188811188811,31,0.6334498834498834,36,0.6287878787878788,28,51.833333333333336,28,70,42,0.5396270396270396,0.18822843822843816
1506583,Santa Maria das Barreiras,0.6705516705516705,12,0.6803936803936803,11,0.6607096607096606,14,0.6322843822843823,21,0.6326728826728827,18,0.6318958818958819,26,0.6325757575757576,13,0.6522921522921523,10,0.6128593628593628,22,0.7467948717948718,10,0.7562160062160062,9,0.7373737373737373,11,14.75,9,26,17,0.6705516705516704,0.14335664335664333
1506609,Santa Maria do Pará,0.47047397047397044,74,0.423983423983424,87,0.516964516964517,63,0.5844988344988346,33,0.5551670551670551,41,0.6138306138306138,35,0.4321095571095571,84,0.3708236208236208,94,0.4933954933954934,64,0.3948135198135198,100,0.3459595959595959,102,0.4436674436674436,85,71.83333333333333,33,102,69,0.47047397047397044,0.26787101787101786
1506708,Santana do Araguaia,0.5644910644910646,38,0.571095571095571,32,0.5578865578865577,43,0.5238927738927739,60,0.5303030303030303,52,0.5174825174825175,66,0.5154428904428905,47,0.5174825174825175,42,0.5134032634032634,57,0.6541375291375291,25,0.6655011655011654,29,0.6427738927738927,26,43.083333333333336,25,66,41,0.5644910644910645,0.15209790209790208
1506807,Santarém,0.44094794094794093,90,0.5133385133385133,54,0.3685573685573685,114,0.38752913752913754,107,0.4485236985236985,85,0.3265345765345765,115,0.4656177156177156,64,0.5304972804972805,41,0.40073815073815067,104,0.4696969696969697,67,0.560994560994561,53,0.37839937839937837,106,83.33333333333333,41,115,74,0.44094794094794093,0.2344599844599845
1506906,Santarém Novo,0.5687645687645687,36,0.5164465164465164,52,0.621082621082621,25,0.6494755244755246,17,0.611111111111111,24,0.6878399378399379,15,0.5506993006993007,38,0.4978632478632478,49,0.6035353535353535,26,0.5061188811188811,60,0.4403651903651903,78,0.5718725718725719,43,38.583333333333336,15,78,63,0.5687645687645687,0.24747474747474763
1507003,Santo Antônio do Tauá,0.6041181041181041,25,0.5330225330225329,45,0.6752136752136751,12,0.6812354312354313,10,0.6217948717948717,20,0.7406759906759905,8,0.5713869463869464,30,0.5064102564102564,46,0.6363636363636362,17,0.5597319347319347,50,0.4708624708624708,70,0.6486013986013985,23,29.666666666666668,8,70,62,0.6041181041181042,0.26981351981351975
1507102,São Caetano de Odivelas,0.47863247863247854,71,0.41388241388241387,92,0.5433825433825433,49,0.5862470862470862,32,0.533022533022533,49,0.6394716394716394,24,0.42773892773892774,85,0.35625485625485626,105,0.49922299922299923,62,0.4219114219114219,86,0.35236985236985235,97,0.4914529914529915,70,68.5,24,105,81,0.47863247863247865,0.2871017871017871
1507151,São Domingos do Araguaia,0.3135198135198135,123,0.2525252525252525,131,0.37451437451437447,112,0.3356643356643357,115,0.289044289044289,129,0.3822843822843823,106,0.31643356643356646,127,0.24358974358974356,136,0.3892773892773892,109,0.28846153846153844,124,0.22494172494172493,129,0.35198135198135194,112,121.08333333333333,106,136,30,0.31351981351981345,0.16433566433566427
1507201,São Domingos do Capim,0.5073815073815073,54,0.5086765086765086,56,0.506086506086506,69,0.5396270396270397,55,0.5598290598290598,39,0.5194250194250194,65,0.5626456876456877,33,0.5584693084693084,31,0.5668220668220667,34,0.4198717948717948,87,0.4077311577311577,82,0.432012432012432,89,57.833333333333336,31,89,58,0.5073815073815074,0.159090909090909
1507300,São Félix do Xingu,0.41491841491841497,96,0.4472934472934472,73,0.3825433825433825,108,0.36013986013986016,112,0.38500388500388494,108,0.33527583527583527,113,0.3618881118881119,112,0.397047397047397,84,0.32672882672882675,126,0.5227272727272727,56,0.5598290598290598,55,0.4856254856254856,72,92.91666666666667,55,126,71,0.41491841491841486,0.2331002331002331
1507409,São Francisco do Pará,0.506993006993007,55,0.44910644910644915,72,0.5648795648795648,40,0.618006993006993,26,0.5786713286713288,29,0.6573426573426573,21,0.44493006993006995,76,0.37995337995337997,91,0.5099067599067599,58,0.458041958041958,77,0.38869463869463866,87,0.5273892773892774,64,58.0,21,91,70,0.506993006993007,0.2773892773892773
1507458,São Geraldo do Araguaia,0.35470085470085466,117,0.3364413364413364,120,0.3729603729603729,113,0.3709207459207459,110,0.36946386946386944,111,0.37237762237762234,108,0.3817016317016317,101,0.35722610722610726,104,0.40617715617715616,100,0.3114801864801865,120,0.28263403263403264,117,0.34032634032634035,115,111.33333333333333,100,120,20,0.3547008547008547,0.12354312354312352
1507466,São João da Ponta,0.3667443667443668,112,0.3245273245273245,121,0.408961408961409,101,0.4341491841491842,91,0.40947940947940953,102,0.45881895881895884,90,0.3464452214452215,117,0.29098679098679103,128,0.4019036519036519,103,0.31963869463869465,119,0.2731157731157731,120,0.36616161616161613,110,109.5,90,128,38,0.36674436674436667,0.18570318570318572
1507474,São João de Pirabas,0.48679098679098676,68,0.4092204092204091,94,0.5643615643615643,41,0.5591491841491841,45,0.4998057498057497,68,0.6184926184926184,33,0.4356060606060606,81,0.3539238539238539,109,0.5172882672882673,52,0.4656177156177156,69,0.3739316239316239,94,0.5573038073038072,52,67.16666666666667,33,109,76,0.4867909867909867,0.2645687645687645
1507508,São João do Araguaia,0.6017871017871017,26,0.6221186221186221,22,0.5814555814555813,34,0.5265151515151515,59,0.5435120435120435,46,0.5095182595182595,71,0.6334498834498834,12,0.6435508935508936,13,0.6233488733488732,21,0.6453962703962703,29,0.6792929292929293,25,0.6114996114996114,34,32.666666666666664,12,71,59,0.6017871017871017,0.16977466977466982
1507607,São Miguel do Guamá,0.5874125874125874,31,0.5698005698005697,33,0.605024605024605,30,0.6774475524475525,12,0.6633644133644133,10,0.6915306915306915,14,0.6206293706293707,20,0.6029526029526029,20,0.6383061383061382,16,0.46416083916083917,71,0.443084693084693,77,0.4852369852369852,73,33.916666666666664,10,77,67,0.5874125874125873,0.24844599844599846
1507706,São Sebastião da Boa Vista,0.2057109557109557,141,0.2139342139342139,139,0.19748769748769748,141,0.1687062937062937,141,0.1721056721056721,141,0.1653069153069153,141,0.2923951048951049,133,0.30808080808080807,122,0.27670940170940167,132,0.15603146853146851,141,0.1616161616161616,139,0.15044677544677543,141,137.66666666666666,122,141,19,0.20571095571095566,0.15763403263403264
1507755,Sapucaia,0.6204351204351204,20,0.6024346024346023,27,0.6384356384356383,19,0.6471445221445221,18,0.6313131313131313,19,0.662975912975913,20,0.5198135198135199,44,0.4881507381507381,56,0.5514763014763014,39,0.6943473193473193,19,0.6878399378399378,21,0.7008547008547008,15,26.416666666666668,15,56,41,0.6204351204351204,0.2127039627039627
1507805,Senador José Porfírio,0.37334887334887334,111,0.44651644651644645,77,0.3001813001813002,126,0.30273892773892774,122,0.35936285936285933,116,0.2461149961149961,130,0.40355477855477856,96,0.4728049728049728,62,0.33430458430458426,124,0.4137529137529138,89,0.5073815073815073,66,0.3201243201243201,122,103.41666666666667,62,130,68,0.3733488733488733,0.26126651126651124
1507904,Soure,0.5066045066045066,56,0.5337995337995337,44,0.4794094794094793,79,0.4131701631701632,102,0.4306526806526806,95,0.3956876456876457,104,0.5160256410256411,46,0.5466200466200466,34,0.4854312354312354,72,0.5906177156177157,40,0.6241258741258741,39,0.5571095571095571,53,63.666666666666664,34,104,70,0.5066045066045065,0.22843822843822836
1507953,Tailândia,0.5271950271950271,46,0.5099715099715099,55,0.5444185444185443,48,0.523018648018648,63,0.5031080031080031,67,0.5429292929292928,58,0.442016317016317,78,0.41355866355866355,80,0.47047397047397044,76,0.6165501165501165,37,0.6132478632478632,44,0.6198523698523698,29,56.75,29,80,51,0.5271950271950271,0.20629370629370625
1507961,Terra Alta,0.4658119658119658,77,0.42009842009842,89,0.5115255115255114,66,0.5783799533799533,39,0.5499222999222999,42,0.6068376068376068,37,0.4111305361305361,94,0.3562548562548562,106,0.46600621600621595,79,0.40792540792540793,92,0.35411810411810407,96,0.4617327117327117,78,74.58333333333333,37,106,69,0.4658119658119657,0.2527195027195027
1507979,Terra Santa,0.635975135975136,16,0.6324786324786325,19,0.6394716394716393,18,0.5827505827505828,34,0.5623543123543122,38,0.6031468531468531,39,0.6287878787878788,16,0.631118881118881,18,0.6264568764568764,19,0.6963869463869463,18,0.7039627039627039,18,0.6888111888111887,20,22.75,16,39,23,0.6359751359751359,0.14160839160839167
1508001,Tomé-Açu,0.508158508158508,53,0.5213675213675213,50,0.4949494949494949,73,0.5008741258741258,73,0.5244755244755245,56,0.47727272727272724,84,0.4326923076923077,83,0.4254079254079254,76,0.4399766899766899,87,0.5909090909090909,39,0.6142191142191142,42,0.5675990675990675,47,63.583333333333336,39,87,48,0.508158508158508,0.18881118881118886
1508035,Tracuateua,0.4545454545454545,82,0.3799533799533799,105,0.5291375291375291,56,0.5524475524475525,48,0.4836829836829837,72,0.6212121212121212,32,0.42132867132867136,89,0.3385780885780886,114,0.504079254079254,59,0.3898601398601399,102,0.31759906759906753,108,0.46212121212121204,77,78.66666666666667,32,114,82,0.45454545454545453,0.3036130536130537
1508050,Trairão,0.44832944832944827,86,0.4804454804454804,64,0.4162134162134161,97,0.42890442890442887,95,0.44716394716394714,86,0.4106449106449106,101,0.45046620046620045,74,0.46425796425796423,63,0.4366744366744367,89,0.4656177156177156,69,0.5299145299145299,61,0.4013209013209013,99,82.0,61,101,40,0.44832944832944827,0.1285936285936286
1508084,Tucumã,0.3737373737373737,110,0.3416213416213416,118,0.4058534058534058,102,0.4752331002331003,78,0.45551670551670553,79,0.4949494949494949,79,0.3044871794871795,131,0.27233877233877235,131,0.3366355866355867,123,0.34149184149184153,115,0.29700854700854695,114,0.38597513597513594,104,107.0,78,131,53,0.37373737373737376,0.22261072261072257
1508100,Tucuruí,0.6344211344211343,17,0.646982646982647,17,0.6218596218596217,23,0.5553613053613053,47,0.5674048174048174,35,0.5433177933177933,57,0.6378205128205128,11,0.6487956487956488,11,0.6268453768453768,18,0.7100815850815851,16,0.7247474747474747,16,0.6954156954156954,17,23.75,11,57,46,0.6344211344211345,0.1814296814296814
1508126,Ulianópolis,0.543123543123543,43,0.5540015540015539,37,0.5322455322455322,54,0.5393356643356643,56,0.5641025641025641,37,0.5145687645687645,67,0.4414335664335664,79,0.43822843822843816,72,0.44463869463869465,84,0.6486013986013985,27,0.6596736596736597,31,0.6375291375291375,27,51.166666666666664,27,84,57,0.5431235431235429,0.2214452214452215
1508159,Uruará,0.23659673659673655,137,0.1989121989121989,140,0.27428127428127425,130,0.32430069930069927,119,0.27797202797202797,130,0.3706293706293706,109,0.1984265734265734,142,0.16317016317016317,142,0.23368298368298365,138,0.18706293706293706,137,0.15559440559440557,141,0.21853146853146851,134,133.25,109,142,33,0.23659673659673652,0.21503496503496505
1508209,Vigia,0.5174825174825174,49,0.45299145299145294,70,0.5819735819735818,33,0.6118881118881118,28,0.5699300699300699,33,0.6538461538461539,22,0.4606643356643356,68,0.38811188811188807,87,0.5332167832167832,47,0.4798951048951049,66,0.4009324009324009,83,0.5588578088578089,51,53.083333333333336,22,87,65,0.5174825174825175,0.2657342657342658
1508308,Viseu,0.601010101010101,27,0.6449106449106448,18,0.557109557109557,44,0.5827505827505828,34,0.6159673659673659,22,0.5495337995337994,56,0.5981934731934732,23,0.6375291375291374,15,0.5588578088578089,36,0.6220862470862472,34,0.6812354312354312,24,0.5629370629370629,50,31.916666666666668,15,56,41,0.6010101010101009,0.13170163170163174
1508357,Vitória do Xingu,0.5112665112665112,52,0.5024605024605024,58,0.52007252007252,62,0.4734848484848485,79,0.47474747474747475,73,0.4722222222222222,87,0.620920745920746,19,0.6184926184926184,19,0.6233488733488733,20,0.43939393939393945,83,0.41414141414141414,81,0.46464646464646464,76,59.083333333333336,19,87,68,0.5112665112665112,0.2092074592074592
1508407,Xinguara,0.6379176379176379,15,0.6519036519036518,16,0.6239316239316237,22,0.6235431235431235,23,0.6445221445221445,16,0.6025641025641024,40,0.5792540792540792,27,0.5839160839160839,25,0.5745920745920745,32,0.710955710955711,15,0.7272727272727273,15,0.6946386946386945,18,22.0,15,40,25,0.6379176379176379,0.15268065268065278
