municipality,year,all_female_records,lesao_corporal,violencia_domestica_lesao,estupro,estupro_vulneravel,violencia_sexual,homicidio_mulher,feminicidio,tentativa_feminicidio,selected_vaw_records
ABAETETUBA,2022,1195,276,168,11,66,77,3,0,0,245
ABEL FIGUEIREDO,2022,50,22,14,1,5,6,1,1,0,21
ACARA,2022,243,84,63,8,21,29,1,0,0,92
AFUA,2022,161,39,25,2,12,14,0,0,0,39
AGUA AZUL DO NORTE,2022,50,15,9,3,7,10,0,0,0,19
ALENQUER,2022,276,35,24,3,15,18,0,0,0,42
ALMEIRIM,2022,214,66,45,4,11,15,1,1,0,61
ALTAMIRA,2022,992,260,190,15,57,72,13,1,0,263
ANAJAS,2022,131,42,16,6,12,18,3,1,0,35
ANANINDEUA,2022,6903,906,643,50,151,201,4,1,0,845
ANAPU,2022,199,57,43,8,20,28,3,1,0,72
AUGUSTO CORREA,2022,225,34,26,0,12,12,0,0,0,38
AURORA DO PARA,2022,101,32,19,1,14,15,2,0,0,34
AVEIRO,2022,30,7,5,1,6,7,0,0,0,12
BAGRE,2022,127,25,19,0,11,11,0,0,0,30
BAIAO,2022,274,71,50,0,19,19,0,0,0,69
BANNACH,2022,3,3,2,0,0,0,0,0,0,2
BARCARENA,2022,1205,221,179,14,65,79,2,1,0,259
BELEM,2022,22588,2787,1875,123,425,548,38,4,0,2427
BELTERRA,2022,80,32,26,1,7,8,1,1,0,35
BENEVIDES,2022,695,120,78,6,33,39,1,1,0,118
BOM JESUS DO TOCANTINS,2022,92,37,26,1,15,16,1,1,0,43
BONITO,2022,52,16,14,1,7,8,0,0,0,22
BRAGANCA,2022,953,169,122,5,43,48,1,0,0,170
BRASIL NOVO,2022,97,39,21,2,11,13,0,0,0,34
BREJO GRANDE DO ARAGUAIA,2022,26,15,13,2,0,2,0,0,0,15
BREU BRANCO,2022,205,56,45,2,21,23,1,0,0,68
BREVES,2022,710,160,114,12,40,52,1,0,0,166
BUJARU,2022,121,27,19,2,18,20,0,0,0,39
CACHOEIRA DO ARARI,2022,159,57,35,1,20,21,0,0,0,56
CACHOEIRA DO PIRIA,2022,45,21,17,2,6,8,1,0,0,25
CAMETA,2022,771,197,121,11,46,57,1,1,0,179
CANAA DOS CARAJAS,2022,507,184,130,7,28,35,3,0,0,165
CAPANEMA,2022,412,80,66,3,14,17,1,0,0,83
CAPITAO POCO,2022,165,56,40,5,18,23,1,0,0,63
CASTANHAL,2022,2789,397,330,13,98,111,4,1,0,442
CHAVES,2022,40,15,4,1,9,10,0,0,0,14
COLARES,2022,57,21,15,4,6,10,0,0,0,25
CONCEICAO DO ARAGUAIA,2022,376,119,97,4,22,26,2,0,0,123
CONCORDIA DO PARA,2022,206,57,33,6,14,20,0,0,0,53
CUMARU DO NORTE,2022,68,46,36,2,1,3,3,0,0,39
CURIONOPOLIS,2022,99,35,23,1,5,6,0,0,0,29
CURRALINHO,2022,174,50,20,6,9,15,0,0,0,35
CURUA,2022,47,8,4,0,4,4,0,0,0,8
CURUCA,2022,270,90,57,3,10,13,1,1,0,71
DOM ELISEU,2022,150,36,24,1,20,21,1,0,0,45
ELDORADO DOS CARAJAS,2022,130,37,26,2,24,26,2,2,0,54
FARO,2022,61,35,22,3,12,15,0,0,0,37
FLORESTA DO ARAGUAIA,2022,61,21,15,1,16,17,0,0,0,32
GARRAFAO DO NORTE,2022,83,25,18,2,8,10,1,1,0,29
GOIANESIA DO PARA,2022,120,29,18,1,22,23,1,0,0,41
GURUPA,2022,81,32,20,0,2,2,0,0,0,22
IGARAPE-ACU,2022,203,47,34,6,13,19,0,0,0,53
IGARAPE-MIRI,2022,335,68,53,6,19,25,1,0,0,78
INHANGAPI,2022,52,14,11,3,16,19,0,0,0,30
IPIXUNA DO PARA,2022,167,57,47,1,9,10,0,0,0,57
IRITUIA,2022,102,30,24,1,13,14,2,1,0,39
ITAITUBA,2022,1118,281,199,22,66,88,6,1,0,288
ITUPIRANGA,2022,236,76,57,4,21,25,1,0,0,82
JACAREACANGA,2022,65,14,9,3,7,10,0,0,0,19
JACUNDA,2022,287,70,57,5,27,32,2,0,0,89
JURUTI,2022,471,145,104,9,26,35,0,0,0,139
LIMOEIRO DO AJURU,2022,64,21,13,0,8,8,0,0,0,21
MAE DO RIO,2022,154,32,28,4,21,25,7,0,0,53
MAGALHAES BARATA,2022,29,6,6,0,6,6,0,0,0,12
MARABA,2022,2158,559,428,21,81,102,11,4,0,534
MARACANA,2022,136,46,28,3,10,13,2,1,0,42
MARAPANIM,2022,213,32,21,3,10,13,0,0,0,34
MARITUBA,2022,1217,194,139,8,36,44,2,1,0,184
MEDICILANDIA,2022,113,47,32,2,18,20,0,0,0,52
MELGACO,2022,123,52,33,3,7,10,0,0,0,43
MOCAJUBA,2022,225,50,29,2,10,12,1,0,0,41
MOJU,2022,393,99,85,6,47,53,3,2,0,140
MOJUI DOS CAMPOS,2022,55,16,11,2,14,16,0,0,0,27
MONTE ALEGRE,2022,223,73,59,4,14,18,0,0,0,77
MUANA,2022,243,77,53,8,23,31,0,0,0,84
NOVA ESPERANCA DO PIRIA,2022,72,15,10,0,10,10,0,0,0,20
NOVA IPIXUNA,2022,52,21,13,1,8,9,0,0,0,22
NOVA TIMBOTEUA,2022,49,17,14,1,10,11,0,0,0,25
NOVO PROGRESSO,2022,275,92,71,5,22,27,1,0,0,98
NOVO REPARTIMENTO,2022,147,44,31,0,22,22,4,2,0,55
OBIDOS,2022,247,71,51,6,18,24,1,1,0,76
OEIRAS DO PARA,2022,285,83,53,2,23,25,0,0,0,78
ORIXIMINA,2022,633,151,103,5,21,26,2,1,0,130
OUREM,2022,66,26,16,3,6,9,0,0,0,25
OURILANDIA DO NORTE,2022,141,31,23,4,13,17,3,0,0,40
PACAJA,2022,156,47,36,8,28,36,2,1,0,73
PALESTINA DO PARA,2022,29,12,10,1,2,3,1,1,0,14
PARAGOMINAS,2022,770,151,116,11,40,51,4,3,0,170
PARAUAPEBAS,2022,2457,521,403,48,143,191,5,0,0,594
PAU D ARCO,2022,30,20,12,0,2,2,0,0,0,14
PEIXE-BOI,2022,27,13,11,0,4,4,0,0,0,15
PICARRA,2022,33,19,12,1,4,5,0,0,0,17
PLACAS,2022,70,22,19,0,8,8,0,0,0,27
PONTA DE PEDRAS,2022,252,84,44,3,19,22,0,0,0,66
PORTEL,2022,318,72,42,10,32,42,0,0,0,84
PORTO DE MOZ,2022,239,65,39,5,22,27,1,0,0,66
PRAINHA,2022,120,27,22,3,13,16,0,0,0,38
PRIMAVERA,2022,57,18,12,2,6,8,0,0,0,20
QUATIPURU,2022,65,25,20,1,4,5,0,0,0,25
REDENCAO,2022,914,176,141,8,33,41,5,0,0,182
RIO MARIA,2022,94,47,40,0,6,6,0,0,0,46
RONDON DO PARA,2022,246,71,57,2,25,27,1,1,0,85
RUROPOLIS,2022,92,23,19,2,13,15,0,0,0,34
SALINOPOLIS,2022,537,107,76,6,23,29,2,0,0,105
SALVATERRA,2022,255,83,43,2,12,14,0,0,0,57
SANTA BARBARA DO PARA,2022,152,32,20,1,14,15,1,0,0,35
SANTA CRUZ DO ARARI,2022,55,42,21,0,1,1,0,0,0,22
SANTA IZABEL DO PARA,2022,533,81,68,11,22,33,3,2,0,103
SANTA LUZIA DO PARA,2022,57,24,19,0,5,5,0,0,0,24
SANTA MARIA DAS BARREIRAS,2022,36,15,12,1,4,5,2,1,0,18
SANTA MARIA DO PARA,2022,117,36,27,1,11,12,0,0,0,39
SANTANA DO ARAGUAIA,2022,260,114,87,6,18,24,4,2,0,113
SANTAREM,2022,2443,512,361,30,103,133,4,3,0,497
SANTAREM NOVO,2022,25,9,4,0,2,2,0,0,0,6
SANTO ANTONIO DO TAUA,2022,169,33,27,7,22,29,1,0,0,56
SAO CAETANO DE ODIVELAS,2022,108,45,24,4,9,13,0,0,0,37
SAO DOMINGOS DO ARAGUAIA,2022,106,40,35,2,5,7,1,0,0,42
SAO DOMINGOS DO CAPIM,2022,93,28,23,3,9,12,0,0,0,35
SAO FELIX DO XINGU,2022,321,94,82,1,43,44,4,0,0,126
SAO FRANCISCO DO PARA,2022,59,16,10,1,2,3,0,0,0,13
SAO GERALDO DO ARAGUAIA,2022,112,46,29,1,15,16,2,1,0,46
SAO JOAO DA PONTA,2022,18,4,1,0,5,5,0,0,0,6
SAO JOAO DE PIRABAS,2022,131,32,20,1,8,9,0,0,0,29
SAO JOAO DO ARAGUAIA,2022,44,12,9,2,7,9,0,0,0,18
SAO MIGUEL DO GUAMA,2022,449,120,91,6,20,26,0,0,0,117
SAO SEBASTIAO DA BOA VISTA,2022,123,24,16,3,9,12,0,0,0,28
SAPUCAIA,2022,54,17,6,1,3,4,1,0,0,10
SENADOR JOSE PORFIRIO,2022,84,32,22,2,13,15,0,0,0,37
SOURE,2022,353,114,78,5,28,33,1,0,0,111
TAILANDIA,2022,515,122,91,9,43,52,5,3,0,146
TERRA ALTA,2022,51,17,13,0,1,1,0,0,0,14
TERRA SANTA,2022,115,32,15,4,10,14,1,0,0,29
TOME-ACU,2022,537,157,110,9,61,70,2,1,0,181
TRACUATEUA,2022,117,30,23,0,13,13,0,0,0,36
TRAIRAO,2022,75,21,12,2,14,16,0,0,0,28
TUCUMA,2022,233,14,11,0,14,14,4,1,0,26
TUCURUI,2022,1022,213,136,8,58,66,3,2,0,204
ULIANOPOLIS,2022,135,38,28,5,14,19,0,0,0,47
URUARA,2022,212,62,52,3,10,13,4,0,0,65
VIGIA,2022,247,59,36,3,23,26,1,0,0,62
VISEU,2022,164,53,36,2,13,15,1,0,0,51
VITORIA DO XINGU,2022,169,58,46,3,23,26,1,0,0,72
XINGUARA,2022,324,92,72,6,24,30,1,0,0,102
ABAETETUBA,2023,1067,338,223,17,82,99,2,0,0,322
ABEL FIGUEIREDO,2023,38,23,15,1,0,1,2,0,0,16
ACARA,2023,235,97,61,3,40,43,1,0,0,104
AFUA,2023,161,44,21,3,17,20,4,2,0,43
AGUA AZUL DO NORTE,2023,56,18,14,3,5,8,0,0,0,22
ALENQUER,2023,277,55,28,5,22,27,0,0,0,55
ALMEIRIM,2023,198,68,41,2,12,14,1,1,0,56
ALTAMIRA,2023,861,320,230,17,64,81,7,1,0,312
ANAJAS,2023,155,68,40,4,17,21,0,0,0,61
ANANINDEUA,2023,6917,991,603,60,193,253,13,4,0,860
ANAPU,2023,167,44,35,4,24,28,1,1,0,64
AUGUSTO CORREA,2023,209,56,44,1,21,22,0,0,0,66
AURORA DO PARA,2023,88,20,12,5,12,17,2,0,0,29
AVEIRO,2023,34,11,10,1,13,14,0,0,0,24
BAGRE,2023,166,43,28,4,31,35,0,0,0,63
BAIAO,2023,267,78,51,5,16,21,0,0,0,72
BANNACH,2023,18,13,12,0,1,1,0,0,0,13
BARCARENA,2023,1037,259,186,16,66,82,5,1,0,269
BELEM,2023,21523,3128,1876,145,493,638,24,6,0,2520
BELTERRA,2023,95,30,15,1,12,13,0,0,0,28
BENEVIDES,2023,606,118,82,2,29,31,1,0,0,113
BOM JESUS DO TOCANTINS,2023,94,31,25,0,15,15,0,0,0,40
BONITO,2023,44,16,12,2,4,6,0,0,0,18
BRAGANCA,2023,895,190,115,6,57,63,1,0,0,178
BRASIL NOVO,2023,121,58,41,5,18,23,0,0,0,64
BREJO GRANDE DO ARAGUAIA,2023,24,12,8,0,1,1,0,0,0,9
BREU BRANCO,2023,191,76,58,1,18,19,1,0,0,77
BREVES,2023,654,176,98,17,68,85,1,1,0,184
BUJARU,2023,89,29,18,5,13,18,0,0,0,36
CACHOEIRA DO ARARI,2023,170,67,41,0,28,28,1,0,0,69
CACHOEIRA DO PIRIA,2023,45,16,10,2,8,10,0,0,0,20
CAMETA,2023,739,237,146,12,69,81,4,2,0,229
CANAA DOS CARAJAS,2023,566,212,161,8,44,52,3,0,0,213
CAPANEMA,2023,429,116,84,4,29,33,2,1,0,118
CAPITAO POCO,2023,156,57,41,3,24,27,0,0,0,68
CASTANHAL,2023,2457,388,277,31,104,135,3,0,0,412
CHAVES,2023,76,33,22,7,22,29,0,0,0,51
COLARES,2023,61,20,15,3,2,5,0,0,0,20
CONCEICAO DO ARAGUAIA,2023,347,130,82,3,26,29,2,0,0,111
CONCORDIA DO PARA,2023,200,70,51,4,13,17,2,0,0,68
CUMARU DO NORTE,2023,47,25,18,2,5,7,1,0,0,25
CURIONOPOLIS,2023,121,50,37,5,7,12,2,1,0,50
CURRALINHO,2023,186,66,39,8,11,19,0,0,0,58
CURUA,2023,49,27,19,2,1,3,0,0,0,22
CURUCA,2023,219,37,22,5,18,23,2,0,0,45
DOM ELISEU,2023,164,49,25,2,24,26,2,0,0,51
ELDORADO DOS CARAJAS,2023,111,38,29,6,12,18,1,1,0,48
FARO,2023,58,37,23,2,5,7,0,0,0,30
FLORESTA DO ARAGUAIA,2023,96,39,26,5,14,19,2,0,0,45
GARRAFAO DO NORTE,2023,89,31,26,2,13,15,2,2,0,43
GOIANESIA DO PARA,2023,133,37,26,2,21,23,1,0,0,49
GURUPA,2023,124,50,28,1,23,24,0,0,0,52
IGARAPE-ACU,2023,246,71,44,4,15,19,0,0,0,63
IGARAPE-MIRI,2023,242,100,73,5,15,20,2,0,0,93
INHANGAPI,2023,40,15,10,0,7,7,0,0,0,17
IPIXUNA DO PARA,2023,183,72,46,2,16,18,2,1,0,65
IRITUIA,2023,105,31,24,4,10,14,1,0,0,38
ITAITUBA,2023,1074,320,219,20,96,116,4,1,0,336
ITUPIRANGA,2023,237,97,69,5,24,29,0,0,0,98
JACAREACANGA,2023,91,34,20,0,9,9,1,0,0,29
JACUNDA,2023,196,71,51,1,24,25,2,2,0,78
JURUTI,2023,450,128,76,6,33,39,3,0,0,115
LIMOEIRO DO AJURU,2023,99,43,25,2,17,19,0,0,0,44
MAE DO RIO,2023,140,33,27,1,23,24,1,0,0,51
MAGALHAES BARATA,2023,45,15,7,0,7,7,0,0,0,14
MARABA,2023,2227,519,354,27,110,137,6,3,0,494
MARACANA,2023,138,41,30,2,26,28,0,0,0,58
MARAPANIM,2023,233,53,33,4,15,19,2,0,0,52
MARITUBA,2023,1151,202,140,5,31,36,6,1,0,177
MEDICILANDIA,2023,116,41,29,3,26,29,4,2,0,60
MELGACO,2023,136,64,33,3,9,12,1,0,0,45
MOCAJUBA,2023,167,63,29,1,9,10,0,0,0,39
MOJU,2023,420,119,85,8,45,53,0,0,0,138
MOJUI DOS CAMPOS,2023,38,11,7,2,8,10,0,0,0,17
MONTE ALEGRE,2023,222,87,66,1,27,28,0,0,0,94
MUANA,2023,234,99,56,8,28,36,0,0,0,92
NOVA ESPERANCA DO PIRIA,2023,73,25,17,5,15,20,0,0,0,37
NOVA IPIXUNA,2023,62,19,14,2,10,12,1,0,0,26
NOVA TIMBOTEUA,2023,44,19,13,1,4,5,0,0,0,18
NOVO PROGRESSO,2023,231,84,61,6,26,32,1,0,0,93
NOVO REPARTIMENTO,2023,217,74,57,6,41,47,1,1,0,105
OBIDOS,2023,255,89,54,2,28,30,0,0,0,84
OEIRAS DO PARA,2023,258,82,43,2,21,23,1,1,0,67
ORIXIMINA,2023,509,125,87,6,31,37,2,0,0,124
OUREM,2023,77,25,15,1,3,4,0,0,0,19
OURILANDIA DO NORTE,2023,175,44,36,3,21,24,2,1,0,61
PACAJA,2023,153,62,42,5,26,31,3,1,0,74
PALESTINA DO PARA,2023,37,16,14,1,3,4,0,0,0,18
PARAGOMINAS,2023,858,227,171,14,65,79,5,2,0,252
PARAUAPEBAS,2023,1996,547,373,38,153,191,6,2,0,566
PAU D ARCO,2023,34,15,8,0,5,5,0,0,0,13
PEIXE-BOI,2023,44,12,10,0,4,4,0,0,0,14
PICARRA,2023,34,23,17,0,6,6,0,0,0,23
PLACAS,2023,94,29,24,2,16,18,0,0,0,42
PONTA DE PEDRAS,2023,211,77,43,2,21,23,1,0,0,66
PORTEL,2023,385,93,58,9,31,40,2,0,0,98
PORTO DE MOZ,2023,225,65,42,4,15,19,2,1,0,62
PRAINHA,2023,127,49,27,6,7,13,2,1,0,41
PRIMAVERA,2023,58,27,22,1,6,7,0,0,0,29
QUATIPURU,2023,72,28,18,2,3,5,0,0,0,23
REDENCAO,2023,774,220,137,9,43,52,4,2,0,191
RIO MARIA,2023,75,21,15,0,9,9,2,0,0,24
RONDON DO PARA,2023,213,64,44,1,21,22,1,0,0,66
RUROPOLIS,2023,97,37,35,1,16,17,0,0,0,52
SALINOPOLIS,2023,558,132,93,8,46,54,1,0,0,147
SALVATERRA,2023,273,88,51,7,27,34,0,0,0,85
SANTA BARBARA DO PARA,2023,157,31,22,5,14,19,2,1,0,42
SANTA CRUZ DO ARARI,2023,50,31,11,0,0,0,0,0,0,11
SANTA IZABEL DO PARA,2023,527,99,56,9,33,42,3,0,0,98
SANTA LUZIA DO PARA,2023,60,20,14,1,7,8,0,0,0,22
SANTA MARIA DAS BARREIRAS,2023,56,28,18,1,8,9,0,0,0,27
SANTA MARIA DO PARA,2023,96,27,16,1,9,10,0,0,0,26
SANTANA DO ARAGUAIA,2023,282,123,95,4,16,20,3,0,0,115
SANTAREM,2023,2273,601,398,36,111,147,8,3,0,548
SANTAREM NOVO,2023,42,19,17,2,4,6,1,0,0,23
SANTO ANTONIO DO TAUA,2023,226,72,52,5,20,25,0,0,0,77
SAO CAETANO DE ODIVELAS,2023,116,37,24,2,20,22,0,0,0,46
SAO DOMINGOS DO ARAGUAIA,2023,69,37,27,2,1,3,1,0,0,30
SAO DOMINGOS DO CAPIM,2023,94,27,17,2,18,20,0,0,0,37
SAO FELIX DO XINGU,2023,398,113,83,17,59,76,3,1,0,160
SAO FRANCISCO DO PARA,2023,73,18,14,0,3,3,0,0,0,17
SAO GERALDO DO ARAGUAIA,2023,115,49,32,1,18,19,0,0,0,51
SAO JOAO DA PONTA,2023,28,5,3,0,2,2,0,0,0,5
SAO JOAO DE PIRABAS,2023,107,32,22,4,16,20,0,0,0,42
SAO JOAO DO ARAGUAIA,2023,48,14,10,1,9,10,1,1,0,21
SAO MIGUEL DO GUAMA,2023,441,132,106,6,35,41,2,2,0,149
SAO SEBASTIAO DA BOA VISTA,2023,150,52,34,2,18,20,0,0,0,54
SAPUCAIA,2023,30,12,8,1,4,5,0,0,0,13
SENADOR JOSE PORFIRIO,2023,108,36,28,6,19,25,0,0,0,53
SOURE,2023,334,141,90,9,8,17,1,1,0,108
TAILANDIA,2023,494,157,127,15,47,62,2,1,0,190
TERRA ALTA,2023,66,23,18,0,6,6,0,0,0,24
TERRA SANTA,2023,151,54,36,4,21,25,0,0,0,61
TOME-ACU,2023,603,176,110,17,80,97,2,0,0,207
TRACUATEUA,2023,127,39,24,1,6,7,0,0,0,31
TRAIRAO,2023,98,42,27,0,19,19,1,0,0,46
TUCUMA,2023,160,29,22,3,27,30,3,1,0,53
TUCURUI,2023,788,182,123,9,73,82,3,2,0,207
ULIANOPOLIS,2023,173,82,66,4,21,25,1,0,0,91
URUARA,2023,227,75,55,8,16,24,3,1,0,80
VIGIA,2023,324,78,42,3,22,25,0,0,0,67
VISEU,2023,230,52,31,4,35,39,3,0,0,70
VITORIA DO XINGU,2023,155,47,30,0,27,27,0,0,0,57
XINGUARA,2023,325,137,110,2,23,25,3,1,0,136
ABAETETUBA,2024,1112,325,179,17,105,122,1,0,0,301
ABEL FIGUEIREDO,2024,36,14,11,2,5,7,1,0,0,18
ACARA,2024,230,62,38,6,41,47,0,0,0,85
AFUA,2024,165,46,38,1,18,19,0,0,0,57
AGUA AZUL DO NORTE,2024,63,22,15,0,12,12,1,0,0,27
ALENQUER,2024,265,84,52,2,23,25,1,1,0,78
ALMEIRIM,2024,172,57,33,0,27,27,1,0,0,60
ALTAMIRA,2024,803,291,204,11,54,65,4,0,0,269
ANAJAS,2024,177,61,33,4,19,23,0,0,0,56
ANANINDEUA,2024,5802,836,460,43,164,207,4,1,0,668
ANAPU,2024,162,54,41,4,19,23,1,1,0,65
AUGUSTO CORREA,2024,182,44,33,2,22,24,0,0,0,57
AURORA DO PARA,2024,77,34,18,1,6,7,1,1,0,26
AVEIRO,2024,29,8,6,0,5,5,1,1,0,12
BAGRE,2024,153,33,16,2,24,26,0,0,0,42
BAIAO,2024,220,82,50,2,13,15,1,0,0,65
BANNACH,2024,8,3,0,0,3,3,0,0,0,3
BARCARENA,2024,1019,241,171,20,97,117,1,1,0,289
BELEM,2024,20400,2612,1483,146,478,624,20,2,1,2110
BELTERRA,2024,100,30,18,2,11,13,1,1,0,32
BENEVIDES,2024,525,108,65,8,47,55,0,0,0,120
BOM JESUS DO TOCANTINS,2024,82,28,23,1,9,10,0,0,0,33
BONITO,2024,41,13,8,2,1,3,0,0,0,11
BRAGANCA,2024,826,174,105,4,50,54,1,1,0,160
BRASIL NOVO,2024,87,30,24,4,17,21,1,0,0,45
BREJO GRANDE DO ARAGUAIA,2024,31,19,12,0,5,5,0,0,0,17
BREU BRANCO,2024,198,55,33,7,29,36,1,0,0,69
BREVES,2024,730,191,122,16,67,83,3,1,0,206
BUJARU,2024,115,46,29,3,16,19,0,0,0,48
CACHOEIRA DO ARARI,2024,137,72,33,2,12,14,0,0,0,47
CACHOEIRA DO PIRIA,2024,49,18,13,3,7,10,0,0,0,23
CAMETA,2024,666,207,116,14,60,74,0,0,0,190
CANAA DOS CARAJAS,2024,690,228,164,7,44,51,3,1,0,216
CAPANEMA,2024,470,120,91,3,35,38,1,0,0,129
CAPITAO POCO,2024,177,77,46,1,18,19,1,0,0,65
CASTANHAL,2024,2234,395,279,33,79,112,2,0,0,391
CHAVES,2024,64,36,19,1,11,12,0,0,0,31
COLARES,2024,52,21,12,1,3,4,0,0,0,16
CONCEICAO DO ARAGUAIA,2024,260,102,75,3,16,19,3,0,0,94
CONCORDIA DO PARA,2024,227,61,40,2,23,25,0,0,0,65
CUMARU DO NORTE,2024,71,42,24,1,5,6,0,1,0,31
CURIONOPOLIS,2024,113,34,23,3,12,15,0,0,0,38
CURRALINHO,2024,275,79,37,3,19,22,1,0,0,59
CURUA,2024,72,28,17,1,2,3,0,0,0,20
CURUCA,2024,275,41,18,2,17,19,1,0,0,37
DOM ELISEU,2024,158,39,21,4,36,40,1,1,0,62
ELDORADO DOS CARAJAS,2024,129,46,32,4,15,19,1,0,0,51
FARO,2024,79,42,30,4,10,14,0,0,0,44
FLORESTA DO ARAGUAIA,2024,74,32,22,1,15,16,5,3,0,41
GARRAFAO DO NORTE,2024,88,35,28,1,16,17,1,0,0,45
GOIANESIA DO PARA,2024,130,43,31,2,17,19,1,0,0,50
GURUPA,2024,115,48,28,2,11,13,0,0,0,41
IGARAPE-ACU,2024,241,69,39,2,18,20,0,0,0,59
IGARAPE-MIRI,2024,259,79,62,7,23,30,0,0,0,92
INHANGAPI,2024,71,27,9,3,8,11,0,0,0,20
IPIXUNA DO PARA,2024,184,70,44,4,18,22,1,0,0,66
IRITUIA,2024,79,22,13,4,7,11,1,0,0,24
ITAITUBA,2024,1187,314,215,16,69,85,2,1,0,301
ITUPIRANGA,2024,247,71,55,3,8,11,0,0,0,66
JACAREACANGA,2024,89,43,29,1,7,8,1,0,0,37
JACUNDA,2024,191,73,51,1,18,19,2,1,0,71
JURUTI,2024,397,109,71,5,28,33,0,0,0,104
LIMOEIRO DO AJURU,2024,123,54,31,1,9,10,0,0,0,41
MAE DO RIO,2024,116,28,17,3,15,18,1,1,0,36
MAGALHAES BARATA,2024,38,12,7,1,6,7,0,0,0,14
MARABA,2024,2084,531,367,37,118,155,10,2,0,524
MARACANA,2024,167,61,33,3,12,15,1,0,0,48
MARAPANIM,2024,194,49,28,3,15,18,1,1,0,47
MARITUBA,2024,1033,172,112,13,42,55,1,1,0,168
MEDICILANDIA,2024,105,36,25,1,26,27,0,0,0,52
MELGACO,2024,124,57,24,2,7,9,1,0,0,33
MOCAJUBA,2024,189,88,50,2,9,11,1,0,0,61
MOJU,2024,392,109,73,8,65,73,1,0,0,146
MOJUI DOS CAMPOS,2024,52,22,17,2,7,9,1,0,0,26
MONTE ALEGRE,2024,247,83,55,5,17,22,0,0,0,77
MUANA,2024,254,111,69,8,22,30,1,0,0,99
NOVA ESPERANCA DO PIRIA,2024,49,23,16,3,6,9,0,0,0,25
NOVA IPIXUNA,2024,57,20,10,2,11,13,1,0,0,23
NOVA TIMBOTEUA,2024,46,20,10,0,2,2,0,0,0,12
NOVO PROGRESSO,2024,249,110,77,3,29,32,0,0,0,109
NOVO REPARTIMENTO,2024,195,67,51,3,32,35,3,1,0,87
OBIDOS,2024,226,65,36,7,10,17,1,0,0,53
OEIRAS DO PARA,2024,379,110,65,6,27,33,2,1,0,99
ORIXIMINA,2024,439,108,54,5,31,36,1,0,0,90
OUREM,2024,81,32,18,1,6,7,1,0,0,25
OURILANDIA DO NORTE,2024,134,42,26,3,25,28,2,1,0,55
PACAJA,2024,126,48,36,5,18,23,1,0,0,59
PALESTINA DO PARA,2024,28,15,10,0,2,2,0,0,0,12
PARAGOMINAS,2024,831,198,141,12,65,77,5,2,0,220
PARAUAPEBAS,2024,1937,506,352,21,78,99,3,3,0,454
PAU D ARCO,2024,25,10,4,0,2,2,0,0,0,6
PEIXE-BOI,2024,37,12,8,1,5,6,0,0,0,14
PICARRA,2024,23,17,12,0,2,2,0,0,0,14
PLACAS,2024,76,39,25,0,11,11,1,1,0,37
PONTA DE PEDRAS,2024,193,84,50,5,11,16,0,0,0,66
PORTEL,2024,378,95,48,3,54,57,1,2,0,107
PORTO DE MOZ,2024,184,67,38,3,11,14,1,0,0,52
PRAINHA,2024,189,83,46,3,15,18,0,0,0,64
PRIMAVERA,2024,46,18,10,0,4,4,0,0,0,14
QUATIPURU,2024,75,24,16,3,4,7,1,0,0,23
REDENCAO,2024,671,217,140,11,50,61,7,2,0,203
RIO MARIA,2024,104,36,26,1,2,3,3,1,0,30
RONDON DO PARA,2024,210,80,59,5,13,18,0,0,0,77
RUROPOLIS,2024,105,48,37,3,10,13,0,0,0,50
SALINOPOLIS,2024,510,130,80,7,43,50,1,0,0,130
SALVATERRA,2024,216,76,38,8,24,32,0,0,0,70
SANTA BARBARA DO PARA,2024,133,30,16,1,10,11,1,0,0,27
SANTA CRUZ DO ARARI,2024,57,39,11,1,3,4,0,0,0,15
SANTA IZABEL DO PARA,2024,556,127,74,7,25,32,2,0,0,106
SANTA LUZIA DO PARA,2024,79,23,15,0,12,12,1,0,0,27
SANTA MARIA DAS BARREIRAS,2024,52,19,9,2,8,10,0,0,0,19
SANTA MARIA DO PARA,2024,108,31,18,2,4,6,0,0,0,24
SANTANA DO ARAGUAIA,2024,204,97,76,5,28,33,0,0,0,109
SANTAREM,2024,2128,522,312,24,133,157,3,2,0,471
SANTAREM NOVO,2024,29,4,2,2,7,9,0,0,0,11
SANTO ANTONIO DO TAUA,2024,216,69,36,5,19,24,0,0,0,60
SAO CAETANO DE ODIVELAS,2024,93,27,17,1,16,17,0,0,0,34
SAO DOMINGOS DO ARAGUAIA,2024,77,36,28,1,8,9,0,0,0,37
SAO DOMINGOS DO CAPIM,2024,120,27,15,2,23,25,1,1,0,41
SAO FELIX DO XINGU,2024,364,138,91,3,50,53,2,2,0,146
SAO FRANCISCO DO PARA,2024,89,20,9,4,6,10,0,0,0,19
SAO GERALDO DO ARAGUAIA,2024,105,43,32,8,15,23,2,1,0,56
SAO JOAO DA PONTA,2024,28,12,6,1,3,4,0,0,0,10
SAO JOAO DE PIRABAS,2024,127,37,26,2,17,19,0,0,0,45
SAO JOAO DO ARAGUAIA,2024,49,19,14,0,13,13,1,0,0,27
SAO MIGUEL DO GUAMA,2024,366,89,59,5,24,29,0,0,0,88
SAO SEBASTIAO DA BOA VISTA,2024,154,48,32,2,20,22,1,0,0,54
SAPUCAIA,2024,48,23,12,0,2,2,0,0,0,14
SENADOR JOSE PORFIRIO,2024,96,37,20,2,15,17,0,0,0,37
SOURE,2024,331,127,84,8,14,22,0,0,0,106
TAILANDIA,2024,516,149,104,16,33,49,4,0,0,153
TERRA ALTA,2024,91,36,27,2,6,8,1,0,0,35
TERRA SANTA,2024,172,68,34,0,16,16,0,0,0,50
TOME-ACU,2024,637,196,136,12,66,78,4,1,0,215
TRACUATEUA,2024,114,35,28,3,8,11,0,0,0,39
TRAIRAO,2024,87,29,22,1,11,12,2,0,0,34
TUCUMA,2024,178,45,31,2,25,27,2,0,0,58
TUCURUI,2024,755,200,132,18,48,66,1,0,0,198
ULIANOPOLIS,2024,118,53,38,3,9,12,3,0,0,50
URUARA,2024,205,70,54,5,24,29,7,3,0,86
VIGIA,2024,270,68,42,6,30,36,1,1,0,79
VISEU,2024,212,52,35,3,24,27,0,1,0,63
VITORIA DO XINGU,2024,181,44,31,5,16,21,1,1,0,53
XINGUARA,2024,269,108,79,3,23,26,3,1,0,106
ABAETETUBA,2025,962,322,195,20,118,138,0,0,0,333
ABEL FIGUEIREDO,2025,42,16,11,2,5,7,0,0,0,18
ACARA,2025,186,72,40,2,33,35,1,1,0,76
AFUA,2025,151,56,42,2,17,19,0,0,0,61
AGUA AZUL DO NORTE,2025,69,26,16,0,14,14,1,1,0,31
ALENQUER,2025,253,71,46,5,32,37,0,2,0,85
ALMEIRIM,2025,150,63,37,2,19,21,0,0,0,58
ALTAMIRA,2025,813,264,196,11,62,73,4,2,0,271
ANAJAS,2025,157,45,24,3,21,24,1,0,0,48
ANANINDEUA,2025,5157,796,472,36,166,202,4,2,0,676
ANAPU,2025,156,50,42,2,23,25,2,1,0,68
AUGUSTO CORREA,2025,168,52,36,4,30,34,0,0,0,70
AURORA DO PARA,2025,60,15,8,1,14,15,2,0,0,23
AVEIRO,2025,36,14,10,0,9,9,0,0,0,19
BAGRE,2025,194,40,21,1,24,25,0,1,0,47
BAIAO,2025,163,61,39,7,23,30,1,1,0,70
BANNACH,2025,6,4,2,0,1,1,0,0,0,3
BARCARENA,2025,783,225,165,12,69,81,2,0,0,246
BELEM,2025,19889,2482,1454,122,459,581,7,5,1,2041
BELTERRA,2025,65,18,14,2,9,11,0,0,0,25
BENEVIDES,2025,477,92,65,6,51,57,2,1,0,123
BOM JESUS DO TOCANTINS,2025,82,22,18,1,6,7,0,0,0,25
BONITO,2025,51,15,10,1,7,8,0,0,0,18
BRAGANCA,2025,739,152,100,8,44,52,0,0,0,152
BRASIL NOVO,2025,108,44,30,0,34,34,1,0,0,64
BREJO GRANDE DO ARAGUAIA,2025,40,18,14,0,6,6,2,1,0,21
BREU BRANCO,2025,217,87,69,4,16,20,0,0,0,89
BREVES,2025,714,177,117,16,72,88,0,0,0,205
BUJARU,2025,90,31,20,3,12,15,1,0,0,35
CACHOEIRA DO ARARI,2025,131,60,27,1,19,20,0,1,0,48
CACHOEIRA DO PIRIA,2025,53,23,20,2,18,20,1,0,0,40
CAMETA,2025,695,218,130,10,46,56,0,0,0,186
CANAA DOS CARAJAS,2025,659,216,170,11,68,79,3,0,0,249
CAPANEMA,2025,371,100,68,3,19,22,4,0,0,90
CAPITAO POCO,2025,166,52,38,8,17,25,1,1,0,64
CASTANHAL,2025,1586,383,273,17,85,102,1,1,0,376
CHAVES,2025,47,17,9,0,14,14,0,1,0,24
COLARES,2025,46,13,7,2,11,13,0,0,0,20
CONCEICAO DO ARAGUAIA,2025,263,117,79,7,15,22,1,0,0,101
CONCORDIA DO PARA,2025,169,49,37,3,21,24,0,0,0,61
CUMARU DO NORTE,2025,37,22,16,0,7,7,0,0,0,23
CURIONOPOLIS,2025,109,45,26,0,13,13,1,0,0,39
CURRALINHO,2025,264,69,38,6,22,28,1,0,0,66
CURUA,2025,62,26,12,0,8,8,0,0,0,20
CURUCA,2025,173,42,27,2,16,18,0,0,0,45
DOM ELISEU,2025,182,47,32,5,27,32,2,0,0,64
ELDORADO DOS CARAJAS,2025,143,70,49,2,23,25,0,0,0,74
FARO,2025,63,21,12,3,17,20,0,0,0,32
FLORESTA DO ARAGUAIA,2025,73,26,18,1,20,21,0,1,0,40
GARRAFAO DO NORTE,2025,99,42,30,1,23,24,2,1,0,55
GOIANESIA DO PARA,2025,96,40,24,3,18,21,1,1,0,46
GURUPA,2025,118,44,25,3,4,7,0,2,0,34
IGARAPE-ACU,2025,201,79,48,3,13,16,0,1,0,65
IGARAPE-MIRI,2025,238,72,51,3,31,34,0,0,0,85
INHANGAPI,2025,58,22,10,0,10,10,0,0,0,20
IPIXUNA DO PARA,2025,189,74,52,5,23,28,0,0,0,80
IRITUIA,2025,113,35,22,4,10,14,0,0,0,36
ITAITUBA,2025,900,316,241,20,81,101,1,6,0,348
ITUPIRANGA,2025,169,58,40,1,21,22,2,0,0,62
JACAREACANGA,2025,84,38,30,3,11,14,1,0,0,44
JACUNDA,2025,173,74,53,3,20,23,1,0,0,76
JURUTI,2025,341,97,66,6,30,36,0,0,0,102
LIMOEIRO DO AJURU,2025,111,37,22,5,16,21,0,0,0,43
MAE DO RIO,2025,135,37,25,1,14,15,1,0,0,40
MAGALHAES BARATA,2025,32,15,11,0,4,4,0,0,0,15
MARABA,2025,1845,545,384,21,108,129,6,0,0,513
MARACANA,2025,113,41,24,5,14,19,0,0,0,43
MARAPANIM,2025,186,46,23,3,21,24,0,0,0,47
MARITUBA,2025,1030,218,151,12,47,59,0,0,0,210
MEDICILANDIA,2025,93,38,25,3,11,14,3,0,0,39
MELGACO,2025,114,31,19,1,9,10,0,0,0,29
MOCAJUBA,2025,167,81,44,3,14,17,0,0,0,61
MOJU,2025,331,105,69,10,62,72,0,0,0,141
MOJUI DOS CAMPOS,2025,46,23,19,0,8,8,1,0,0,27
MONTE ALEGRE,2025,302,114,81,10,43,53,0,1,0,135
MUANA,2025,269,98,64,3,28,31,0,0,0,95
NOVA ESPERANCA DO PIRIA,2025,80,32,32,2,19,21,1,0,0,53
NOVA IPIXUNA,2025,45,15,12,2,6,8,0,0,0,20
NOVA TIMBOTEUA,2025,41,16,13,1,4,5,1,0,0,18
NOVO PROGRESSO,2025,238,93,66,7,23,30,5,3,2,101
NOVO REPARTIMENTO,2025,203,80,63,1,26,27,4,2,0,92
OBIDOS,2025,189,49,20,4,18,22,2,1,0,43
OEIRAS DO PARA,2025,318,108,73,8,37,45,0,0,0,118
ORIXIMINA,2025,425,90,56,7,31,38,0,0,0,94
OUREM,2025,70,27,19,2,12,14,0,0,0,33
OURILANDIA DO NORTE,2025,146,39,21,1,9,10,0,0,0,31
PACAJA,2025,130,53,43,1,24,25,2,1,0,69
PALESTINA DO PARA,2025,34,16,10,0,4,4,0,0,0,14
PARAGOMINAS,2025,653,188,129,10,75,85,3,2,0,216
PARAUAPEBAS,2025,1558,476,342,14,95,109,2,1,0,452
PAU D ARCO,2025,23,10,7,0,3,3,0,0,0,10
PEIXE-BOI,2025,31,12,8,0,5,5,2,0,0,13
PICARRA,2025,29,17,16,2,1,3,0,1,0,20
PLACAS,2025,78,29,22,1,9,10,1,0,0,32
PONTA DE PEDRAS,2025,176,55,35,4,15,19,0,0,0,54
PORTEL,2025,335,87,38,6,34,40,0,0,0,78
PORTO DE MOZ,2025,172,56,36,1,10,11,0,1,0,48
PRAINHA,2025,158,61,33,2,21,23,0,0,0,56
PRIMAVERA,2025,48,23,16,1,4,5,0,0,0,21
QUATIPURU,2025,57,12,8,1,4,5,0,1,0,14
REDENCAO,2025,600,229,170,2,65,67,2,0,0,237
RIO MARIA,2025,100,39,31,0,11,11,0,1,0,43
RONDON DO PARA,2025,201,82,65,3,24,27,0,0,0,92
RUROPOLIS,2025,132,43,35,4,31,35,0,1,0,71
SALINOPOLIS,2025,435,121,83,4,39,43,0,0,0,126
SALVATERRA,2025,200,59,37,3,28,31,0,0,0,68
SANTA BARBARA DO PARA,2025,137,31,23,2,19,21,0,0,0,44
SANTA CRUZ DO ARARI,2025,36,21,8,0,5,5,0,0,0,13
SANTA IZABEL DO PARA,2025,461,105,77,6,30,36,0,0,0,113
SANTA LUZIA DO PARA,2025,43,15,12,2,8,10,0,0,0,22
SANTA MARIA DAS BARREIRAS,2025,43,25,19,2,4,6,0,0,0,25
SANTA MARIA DO PARA,2025,106,45,34,2,7,9,1,0,0,43
SANTANA DO ARAGUAIA,2025,198,102,75,1,25,26,0,1,0,102
SANTAREM,2025,1823,508,331,41,142,183,2,2,0,516
SANTAREM NOVO,2025,27,10,6,0,2,2,0,0,0,8
SANTO ANTONIO DO TAUA,2025,191,76,57,4,12,16,0,0,0,73
SAO CAETANO DE ODIVELAS,2025,102,28,12,0,18,18,1,0,0,30
SAO DOMINGOS DO ARAGUAIA,2025,77,36,28,0,10,10,0,0,0,38
SAO DOMINGOS DO CAPIM,2025,108,41,22,1,19,20,0,0,0,42
SAO FELIX DO XINGU,2025,333,107,79,11,91,102,0,0,0,181
SAO FRANCISCO DO PARA,2025,50,10,9,1,6,7,0,0,0,16
SAO GERALDO DO ARAGUAIA,2025,97,56,39,2,6,8,2,0,0,47
SAO JOAO DA PONTA,2025,19,6,3,0,1,1,0,0,0,4
SAO JOAO DE PIRABAS,2025,87,17,10,3,10,13,1,0,0,23
SAO JOAO DO ARAGUAIA,2025,63,27,18,2,12,14,0,1,0,33
SAO MIGUEL DO GUAMA,2025,329,99,66,3,36,39,1,0,0,105
SAO SEBASTIAO DA BOA VISTA,2025,162,50,27,1,25,26,0,0,0,53
SAPUCAIA,2025,46,25,17,1,5,6,0,0,0,23
SENADOR JOSE PORFIRIO,2025,102,35,24,2,23,25,2,2,0,51
SOURE,2025,310,136,84,3,20,23,0,0,0,107
TAILANDIA,2025,463,118,78,14,64,78,0,3,0,159
TERRA ALTA,2025,40,12,9,2,3,5,0,0,0,14
TERRA SANTA,2025,130,53,33,3,10,13,0,0,0,46
TOME-ACU,2025,499,155,107,11,73,84,2,0,0,191
TRACUATEUA,2025,89,26,21,1,9,10,0,0,0,31
TRAIRAO,2025,65,26,21,0,12,12,1,0,0,33
TUCUMA,2025,144,39,34,1,22,23,3,0,0,57
TUCURUI,2025,681,226,145,11,62,73,2,1,0,219
ULIANOPOLIS,2025,135,61,53,3,22,25,0,0,0,78
URUARA,2025,181,73,57,1,34,35,1,1,0,93
VIGIA,2025,253,76,51,1,28,29,0,0,0,80
VISEU,2025,193,55,39,5,34,39,0,0,0,78
VITORIA DO XINGU,2025,110,45,33,4,22,26,0,0,0,59
XINGUARA,2025,309,172,136,2,33,35,0,2,0,173
