CodMun,UF,Cod UF,Mun,PopMun,Faixa_pop,Regiao,MPPM01,MPPM02,MPPM031,MPPM032,MPPM033,MPPM034,MPPM035,MPPM036,MPPM05,MPPM06,MPPM07,MPPM071,MPPM08,MPPM10a1,MPPM10a2,MPPM10a3,MPPM10a4,MPPM10a5,MPPM10a6,MPPM10a7,MPPM10a8,MPPM10a9,MPPM10a10,MPPM10a11,MPPM11,MPPM11A,MPPM111,MPPM1121,MPPM121,MPPM122,MPPM123,MPPM124,MPPM125,MPPM126,MPPM127,MPPM128,MPPM129,MPPM1210,MPPM1211,MPPM13,MPPM131a,MPPM131b,MPPM131c,MPPM132,MPPM14a1,MPPM14a2,MPPM14a3,MPPM14a4,MPPM14,MPPM15,MPPM161,MPPM162,MPPM163,MPPM17,MPPM1711,MPPM1712,MPPM1713,MPPM1714,MPPM1715,MPPM1716,MPPM1717,MPPM1718,MPPM1719,MPPM18,MPPM19,MPPM20,MPPM201,MPPM202,MPPM211,MPPM212,MPPM213,MPPM214,MPPM215,MPPM216,MPPM217,MPPM218,MPPM219,MPPM2110,MPPM2111,MPPM2112,MPPM2113,MPPM24a1,MPPM24a11,MPPM24a2,MPPM24a21,MPPM24a3,MPPM24a31,MPPM24a4,MPPM24a41,MPPM24a5,MPPM24a51,MPPM25,MPPM251,MPPM252
1500107,PA,15,Abaetetuba,158188,6 - 100001 até 500000,1 - Norte,Não,-,-,-,-,-,-,-,-,-,-,-,-,-,-,-,-,-,-,-,-,-,-,-,Não,-,-,-,Sim,Sim,Sim,Sim,Sim,Não,Sim,Não,Sim,Não,Não,Sim,211,2006,Ativo,Paritário,Não,Sim,Não,Não,12,20,Sim,Sim,Não,Sim,Sim,Sim,Sim,Sim,Não,Não,Sim,Não,Não,Ao órgão gestor da assistência social,Representante da sociedade civil,Não,-,-,-,-,-,-,-,-,-,-,-,-,-,-,-,Sim,1,Sim,1,Não,-,Não,-,Não,-,Sim,Sim,52
1500131,PA,15,Abel Figueiredo,7030,2 - 5001 até 10000,1 - Norte,Sim,Setor subordinado a outra secretaria,Sim,Não,Não,Não,Não,Não,Feminino,28,Parda,Não,Ensino superior completo,Não,Não,Não,Não,Sim,Não,Não,Não,Não,Não,Não,Não,-,-,-,Não,Não,Não,Não,Não,Sim,Sim,Sim,Não,Não,Não,Não,-,-,-,-,-,-,-,-,-,-,-,-,-,-,-,-,-,-,-,-,-,-,-,-,-,Não,-,-,-,-,-,-,-,-,-,-,-,-,-,-,-,Não,-,Não,-,Não,-,Não,-,Não,-,Não existem Centros de Referência/Especializados ou Núcleos Integrados de Atendimento às Mulheres em Situação de Violência,-,-
1500206,PA,15,Acará,59023,5 - 50001 até 100000,1 - Norte,Não,-,-,-,-,-,-,-,-,-,-,-,-,-,-,-,-,-,-,-,-,-,-,-,Não,-,-,-,Não,Não,Não,Não,Não,Não,Não,Não,Não,Não,Sim,Sim,264,2022,"Foi criado, mas não foi instalado",-,-,-,-,-,-,-,-,-,-,-,-,-,-,-,-,-,-,-,-,-,-,Não,-,-,-,-,-,-,-,-,-,-,-,-,-,-,-,Não,-,Não,-,Sim,4,Não,-,Não,-,Não,-,-
1500305,PA,15,Afuá,37765,4 - 20001 até 50000,1 - Norte,Sim,Setor subordinado a outra secretaria,Sim,Não,Não,Não,Não,Não,Feminino,42,Parda,Não,Especialização,Sim,Sim,Sim,Sim,Sim,Sim,Não,Não,Sim,Sim,Não,Não,-,-,-,Não,Não,Sim,Não,Não,Não,Não,Não,Sim,Sim,Não,Não,-,-,-,-,-,-,-,-,-,-,-,-,-,-,-,-,-,-,-,-,-,-,-,-,-,Não,-,-,-,-,-,-,-,-,-,-,-,-,-,-,-,Não,-,Sim,1,Não,-,Não,-,Não,-,Sim,Não,-
1500347,PA,15,Água Azul do Norte,18080,3 - 10001 até 20000,1 - Norte,Sim,Setor subordinado a outra secretaria,Sim,Não,Não,Não,Não,Não,Feminino,50,Branca,Não,Ensino superior completo,Sim,Não,Sim,Não,Sim,Não,Não,Não,Não,Sim,Não,Não,-,-,-,Sim,Sim,Sim,Não,Não,Não,Não,Não,Não,Não,Não,Não,-,-,-,-,-,-,-,-,-,-,-,-,-,-,-,-,-,-,-,-,-,-,-,-,-,Não,-,-,-,-,-,-,-,-,-,-,-,-,-,-,-,Não,-,Não,-,Não,-,Não,-,Não,-,Não existem Centros de Referência/Especializados ou Núcleos Integrados de Atendimento às Mulheres em Situação de Violência,-,-
1500404,PA,15,Alenquer,69377,5 - 50001 até 100000,1 - Norte,Não,-,-,-,-,-,-,-,-,-,-,-,-,-,-,-,-,-,-,-,-,-,-,-,Não,-,-,-,Não,Não,Não,Não,Não,Não,Não,Não,Não,Não,Sim,Não,-,-,-,-,-,-,-,-,-,-,-,-,-,-,-,-,-,-,-,-,-,-,-,-,-,Não,-,-,-,-,-,-,-,-,-,-,-,-,-,-,-,Não,-,Não,-,Não,-,Não,-,Não,-,Não existem Centros de Referência/Especializados ou Núcleos Integrados de Atendimento às Mulheres em Situação de Violência,-,-
1500503,PA,15,Almeirim,34280,4 - 20001 até 50000,1 - Norte,Não,-,-,-,-,-,-,-,-,-,-,-,-,-,-,-,-,-,-,-,-,-,-,-,Não,-,-,-,Não,Não,Não,Sim,Não,Não,Não,Não,Não,Não,Não,Não,-,-,-,-,-,-,-,-,-,-,-,-,-,-,-,-,-,-,-,-,-,-,-,-,-,Não,-,-,-,-,-,-,-,-,-,-,-,-,-,-,-,Sim,1,Não,-,Não,-,Não,-,Sim,1,Sim,Sim,38
1500602,PA,15,Altamira,126279,6 - 100001 até 500000,1 - Norte,Sim,Setor subordinado a outra secretaria,Sim,Não,Não,Sim,Sim,Sim,Feminino,40,Parda,Não,Especialização,Sim,Não,Não,Não,Sim,Sim,Não,Não,Não,Sim,Sim,Não,-,-,-,Não,Não,Sim,Não,Sim,Não,Não,Não,Não,Não,Não,Sim,3360,2021,Ativo,Paritário,Sim,Sim,Sim,Sim,5,20,Não,Não,Sim,Sim,Sim,Sim,Sim,Sim,Não,Não,Não,Não,Sim,Ao órgão gestor da assistência social,Representante da sociedade civil,Não,-,-,-,-,-,-,-,-,-,-,-,-,-,-,-,Não,-,Não,-,Não,-,Não,-,Não,-,Não existem Centros de Referência/Especializados ou Núcleos Integrados de Atendimento às Mulheres em Situação de Violência,-,-
1500701,PA,15,Anajás,28011,4 - 20001 até 50000,1 - Norte,Sim,Setor subordinado a outra secretaria,Sim,Não,Não,Não,Não,Não,Feminino,38,Parda,Não,Ensino superior completo,Não,Não,Não,Não,Sim,Não,Não,Não,Não,Não,Não,Não,-,-,-,Sim,Não,Não,Não,Não,Sim,Não,Não,Sim,Não,Não,Não,-,-,-,-,-,-,-,-,-,-,-,-,-,-,-,-,-,-,-,-,-,-,-,-,-,Não,-,-,-,-,-,-,-,-,-,-,-,-,-,-,-,Sim,1,Sim,1,Não,-,Não,-,Não,-,Não,-,-
1500800,PA,15,Ananindeua,478778,6 - 100001 até 500000,1 - Norte,Sim,Secretaria exclusiva,-,-,-,-,-,-,Feminino,53,Preta,Sim,Especialização,Sim,Sim,Sim,Não,Sim,Sim,Sim,Não,Não,Sim,Não,Sim,2016,Lei,2022,Sim,Não,Sim,Sim,Não,Não,Não,Não,Não,Não,Não,Sim,4225,2005,Ativo,Paritário,Sim,Sim,Sim,Sim,6,12,Não,Sim,Não,Sim,Sim,Sim,Sim,Sim,Não,Não,Sim,Sim,Sim,A outro órgão,Há revezamento entre governo e sociedade civil,Não,-,-,-,-,-,-,-,-,-,-,-,-,-,-,-,Não,-,Não,-,Não,-,Não,-,Não,-,Não existem Centros de Referência/Especializados ou Núcleos Integrados de Atendimento às Mulheres em Situação de Violência,-,-
1500859,PA,15,Anapu,31850,4 - 20001 até 50000,1 - Norte,Não,-,-,-,-,-,-,-,-,-,-,-,-,-,-,-,-,-,-,-,-,-,-,-,Não,-,-,-,Não,Não,Não,Não,Não,Não,Não,Não,Não,Não,Sim,Não,-,-,-,-,-,-,-,-,-,-,-,-,-,-,-,-,-,-,-,-,-,-,-,-,-,Não,-,-,-,-,-,-,-,-,-,-,-,-,-,-,-,Não,-,Não,-,Não,-,Não,-,Não,-,Não existem Centros de Referência/Especializados ou Núcleos Integrados de Atendimento às Mulheres em Situação de Violência,-,-
1500909,PA,15,Augusto Corrêa,44573,4 - 20001 até 50000,1 - Norte,Sim,Setor subordinado a outra secretaria,Sim,Não,Não,Não,Não,Não,Masculino,44,Parda,Não,Ensino médio (2º Grau) completo,Não,Não,Não,Não,Sim,Não,Não,Não,Não,Não,Não,Não,-,-,-,Não,Sim,Sim,Não,Sim,Não,Sim,Não,Não,Sim,Não,Sim,1950,2021,Ativo,Tem maior representação governamental,Sim,Sim,Não,Sim,12,24,Não,Sim,Não,Sim,Sim,Sim,Sim,Sim,Não,Não,Sim,Não,Não,Ao órgão gestor da assistência social,Há revezamento entre governo e sociedade civil,Não,-,-,-,-,-,-,-,-,-,-,-,-,-,-,-,Não,-,Não,-,Não,-,Não,-,Não,-,Não existem Centros de Referência/Especializados ou Núcleos Integrados de Atendimento às Mulheres em Situação de Violência,-,-
1500958,PA,15,Aurora do Pará,23774,4 - 20001 até 50000,1 - Norte,Não,-,-,-,-,-,-,-,-,-,-,-,-,-,-,-,-,-,-,-,-,-,-,-,Não,-,-,-,Não,Não,Não,Não,Não,Não,Não,Não,Não,Não,Sim,Não,-,-,-,-,-,-,-,-,-,-,-,-,-,-,-,-,-,-,-,-,-,-,-,-,-,Não,-,-,-,-,-,-,-,-,-,-,-,-,-,-,-,Sim,1,Não,-,Não,-,Não,-,Não,-,Sim,Sim,25
1501006,PA,15,Aveiro,18290,3 - 10001 até 20000,1 - Norte,Não,-,-,-,-,-,-,-,-,-,-,-,-,-,-,-,-,-,-,-,-,-,-,-,Não,-,-,-,Não,Não,Sim,Não,Não,Não,Não,Não,Não,Não,Não,Não,-,-,-,-,-,-,-,-,-,-,-,-,-,-,-,-,-,-,-,-,-,-,-,-,-,Não,-,-,-,-,-,-,-,-,-,-,-,-,-,-,-,Não,-,Sim,1,Não,-,Não,-,Não,-,Não existem Centros de Referência/Especializados ou Núcleos Integrados de Atendimento às Mulheres em Situação de Violência,-,-
1501105,PA,15,Bagre,31892,4 - 20001 até 50000,1 - Norte,Sim,Setor subordinado a outra secretaria,Sim,Não,Não,Não,Não,Não,Masculino,43,Preta,Sim,Ensino superior incompleto,Sim,Não,Sim,Sim,Sim,Sim,Não,Sim,Não,Sim,Não,Não,-,-,-,Não,Não,Não,Sim,Não,Sim,Não,Sim,Não,Sim,Não,Sim,52,2009,Inativo,-,-,-,-,-,-,-,-,-,-,-,-,-,-,-,-,-,-,-,-,-,-,Não,-,-,-,-,-,-,-,-,-,-,-,-,-,-,-,Não,-,Não,-,Não,-,Não,-,Não,-,Não existem Centros de Referência/Especializados ou Núcleos Integrados de Atendimento às Mulheres em Situação de Violência,-,-
1501204,PA,15,Baião,51641,5 - 50001 até 100000,1 - Norte,Sim,Setor subordinado a outra secretaria,Sim,Não,Não,Não,Não,Não,Masculino,56,Branca,Sim,Ensino médio (2º Grau) incompleto,Sim,Sim,Sim,Sim,Sim,Sim,Sim,Sim,Sim,Sim,Sim,Não,-,-,-,Não,Não,Sim,Não,Não,Não,Não,Não,Não,Não,Não,Sim,1442,2010,Ativo,Paritário,Sim,Não,Não,Não,9,20,Não,Sim,Não,Sim,Sim,Sim,Sim,Sim,Não,Não,Não,Não,Não,Ao órgão gestor da assistência social,Representante da sociedade civil,Não,-,-,-,-,-,-,-,-,-,-,-,-,-,-,-,Não,-,Não,-,Não,-,Não,-,Não,-,Não existem Centros de Referência/Especializados ou Núcleos Integrados de Atendimento às Mulheres em Situação de Violência,-,-
1501253,PA,15,Bannach,4031,1 - Até 5000,1 - Norte,Não,-,-,-,-,-,-,-,-,-,-,-,-,-,-,-,-,-,-,-,-,-,-,-,Não,-,-,-,Não,Não,Não,Não,Não,Não,Não,Não,Não,Não,Sim,Não,-,-,-,-,-,-,-,-,-,-,-,-,-,-,-,-,-,-,-,-,-,-,-,-,-,Não,-,-,-,-,-,-,-,-,-,-,-,-,-,-,-,Não,-,Não,-,Não,-,Não,-,Não,-,Não existem Centros de Referência/Especializados ou Núcleos Integrados de Atendimento às Mulheres em Situação de Violência,-,-
1501303,PA,15,Barcarena,126650,6 - 100001 até 500000,1 - Norte,Sim,Setor subordinado a outra secretaria,Sim,Não,Não,Não,Não,Não,Feminino,47,Parda,Sim,Especialização,Não,Sim,Não,Sim,Sim,Sim,Sim,Sim,Não,Sim,Não,Sim,2015,Portaria,Sem preríodo de vigência,Não,Sim,Sim,Não,Sim,Não,Não,Não,Sim,Não,Não,Sim,2107,2012,Ativo,Paritário,Sim,Sim,Sim,Sim,14,28,Não,Sim,Não,Sim,Sim,Sim,Sim,Sim,Não,Não,Sim,Sim,Sim,Ao órgão gestor da assistência social,Há revezamento entre governo e sociedade civil,Não,-,-,-,-,-,-,-,-,-,-,-,-,-,-,-,Não,-,Sim,1,Não,-,Não,-,Não,-,Não existem Centros de Referência/Especializados ou Núcleos Integrados de Atendimento às Mulheres em Situação de Violência,-,-
1501402,PA,15,Belém,1303403,7 - Maior que 500000,1 - Norte,Sim,Setor subordinado diretamente à chefia do Executivo,-,-,-,-,-,-,Masculino,66,Parda,Não,Doutorado,Sim,Não,Sim,Sim,Sim,Sim,Sim,Sim,Sim,Sim,Não,Sim,2010,Decreto,Sem preríodo de vigência,Sim,Sim,Sim,Sim,Sim,Sim,Não,Não,Sim,Sim,Não,Sim,9584,2020,Inativo,-,-,-,-,-,-,-,-,-,-,-,-,-,-,-,-,-,-,-,-,-,-,Sim,1,"Sim, de todas",Sim,Não,Não,Não,Sim,Sim,Sim,Sim,Sim,Não,Não,Não,-,Sim,5,Sim,1,Não,-,Não,-,Sim,1,Sim,Não,-
1501451,PA,15,Belterra,18099,3 - 10001 até 20000,1 - Norte,Não,-,-,-,-,-,-,-,-,-,-,-,-,-,-,-,-,-,-,-,-,-,-,-,Não,-,-,-,Não,Não,Não,Não,Não,Não,Não,Não,Sim,Não,Não,Não,-,-,-,-,-,-,-,-,-,-,-,-,-,-,-,-,-,-,-,-,-,-,-,-,-,Não,-,-,-,-,-,-,-,-,-,-,-,-,-,-,-,Não,-,Não,-,Não,-,Não,-,Não,-,Não,-,-
1501501,PA,15,Benevides,63567,5 - 50001 até 100000,1 - Norte,Não,-,-,-,-,-,-,-,-,-,-,-,-,-,-,-,-,-,-,-,-,-,-,-,Não,-,-,-,Não,Não,Não,Não,Não,Não,Não,Não,Não,Não,Sim,Não,-,-,-,-,-,-,-,-,-,-,-,-,-,-,-,-,-,-,-,-,-,-,-,-,-,Não,-,-,-,-,-,-,-,-,-,-,-,-,-,-,-,Não,-,Sim,1,Não,-,Não,-,Não,-,Sim,Não,-
1501576,PA,15,Bom Jesus do Tocantins,18005,3 - 10001 até 20000,1 - Norte,Não,-,-,-,-,-,-,-,-,-,-,-,-,-,-,-,-,-,-,-,-,-,-,-,Não,-,-,-,Não,Não,Não,Não,Não,Não,Não,Não,Não,Não,Sim,Não,-,-,-,-,-,-,-,-,-,-,-,-,-,-,-,-,-,-,-,-,-,-,-,-,-,Não,-,-,-,-,-,-,-,-,-,-,-,-,-,-,-,Não,-,Não,-,Não,-,Não,-,Não,-,Não existem Centros de Referência/Especializados ou Núcleos Integrados de Atendimento às Mulheres em Situação de Violência,-,-
1501600,PA,15,Bonito,12622,3 - 10001 até 20000,1 - Norte,Não,-,-,-,-,-,-,-,-,-,-,-,-,-,-,-,-,-,-,-,-,-,-,-,Não,-,-,-,Não,Não,Não,Não,Não,Não,Não,Não,Não,Não,Sim,Não,-,-,-,-,-,-,-,-,-,-,-,-,-,-,-,-,-,-,-,-,-,-,-,-,-,Não,-,-,-,-,-,-,-,-,-,-,-,-,-,-,-,Não,-,Não,-,Não,-,Não,-,Não,-,Não existem Centros de Referência/Especializados ou Núcleos Integrados de Atendimento às Mulheres em Situação de Violência,-,-
1501709,PA,15,Bragança,123082,6 - 100001 até 500000,1 - Norte,Sim,Setor subordinado a outra secretaria,Sim,Não,Não,Não,Não,Sim,Masculino,49,Branca,Não,Especialização,Sim,Não,Sim,Sim,Sim,Não,Sim,Não,Não,Sim,Não,Não,-,-,-,Não,Sim,Sim,Não,Não,Não,Sim,Não,Sim,Sim,Não,Sim,3840,2005,Ativo,Paritário,Sim,Sim,Não,Sim,2,20,Não,Sim,Não,Sim,Sim,Sim,Sim,Sim,Não,Não,Não,Não,Não,Ao órgão gestor da assistência social,Representante do governo,Não,-,-,-,-,-,-,-,-,-,-,-,-,-,-,-,Não,-,Não,-,Não,-,Não,-,Não,-,Não existem Centros de Referência/Especializados ou Núcleos Integrados de Atendimento às Mulheres em Situação de Violência,-,-
1501725,PA,15,Brasil Novo,24718,4 - 20001 até 50000,1 - Norte,Não,-,-,-,-,-,-,-,-,-,-,-,-,-,-,-,-,-,-,-,-,-,-,-,Não,-,-,-,Não,Não,Não,Não,Não,Não,Não,Não,Não,Não,Sim,Sim,82,2006,"Foi criado, mas não foi instalado",-,-,-,-,-,-,-,-,-,-,-,-,-,-,-,-,-,-,-,-,-,-,Não,-,-,-,-,-,-,-,-,-,-,-,-,-,-,-,Não,-,Não,-,Não,-,Não,-,Não,-,Não existem Centros de Referência/Especializados ou Núcleos Integrados de Atendimento às Mulheres em Situação de Violência,-,-
1501758,PA,15,Brejo Grande do Araguaia,6783,2 - 5001 até 10000,1 - Norte,Não,-,-,-,-,-,-,-,-,-,-,-,-,-,-,-,-,-,-,-,-,-,-,-,Não,-,-,-,Não,Não,Não,Não,Não,Não,Não,Não,Não,Não,Sim,Não,-,-,-,-,-,-,-,-,-,-,-,-,-,-,-,-,-,-,-,-,-,-,-,-,-,Não,-,-,-,-,-,-,-,-,-,-,-,-,-,-,-,Não,-,Sim,1,Não,-,Não,-,Não,-,Não existem Centros de Referência/Especializados ou Núcleos Integrados de Atendimento às Mulheres em Situação de Violência,-,-
1501782,PA,15,Breu Branco,45712,4 - 20001 até 50000,1 - Norte,Sim,Setor subordinado a outra secretaria,Sim,Não,Não,Não,Não,Não,Feminino,28,Branca,Não,Especialização,Sim,Não,Sim,Não,Sim,Não,Sim,Não,Não,Sim,Não,Não,-,-,-,Não,Não,Sim,Sim,Não,Não,Sim,Não,Sim,Não,Não,Sim,1362,2022,Ativo,Paritário,Sim,Não,Sim,Não,12,10,Não,Sim,Não,Sim,Não,Sim,Sim,Sim,Não,Não,Não,Não,Não,Ao órgão gestor da assistência social,Há revezamento entre governo e sociedade civil,Não,-,-,-,-,-,-,-,-,-,-,-,-,-,-,-,Sim,1,Sim,1,Não,-,Não,-,Não,-,Não,-,-
1501808,PA,15,Breves,106968,6 - 100001 até 500000,1 - Norte,Sim,Secretaria exclusiva,-,-,-,-,-,-,Feminino,48,Branca,Não,Especialização,Não,Sim,Não,Não,Sim,Sim,Sim,Não,Sim,Sim,Não,Não,-,-,-,Não,Sim,Não,Não,Não,Não,Não,Não,Não,Não,Não,Sim,2123,2007,Ativo,Paritário,Não,Sim,Não,Sim,12,16,Não,Não,Sim,Sim,Sim,Não,Não,Não,Não,Não,Não,Não,Não,Ao órgão gestor da assistência social,Há revezamento entre governo e sociedade civil,Não,-,-,-,-,-,-,-,-,-,-,-,-,-,-,-,Sim,1,Não,-,Não,-,Não,-,Não,-,Sim,Sim,108
1501907,PA,15,Bujaru,24383,4 - 20001 até 50000,1 - Norte,Não,-,-,-,-,-,-,-,-,-,-,-,-,-,-,-,-,-,-,-,-,-,-,-,Não,-,-,-,Não,Não,Sim,Não,Não,Não,Não,Não,Não,Não,Não,Não,-,-,-,-,-,-,-,-,-,-,-,-,-,-,-,-,-,-,-,-,-,-,-,-,-,Não,-,-,-,-,-,-,-,-,-,-,-,-,-,-,-,Sim,1,Sim,1,Não,-,Não,-,Não,-,Não,-,-
1501956,PA,15,Cachoeira do Piriá,19630,3 - 10001 até 20000,1 - Norte,Não,-,-,-,-,-,-,-,-,-,-,-,-,-,-,-,-,-,-,-,-,-,-,-,Não,-,-,-,Não,Não,Não,Não,Não,Não,Não,Não,Não,Não,Sim,Não,-,-,-,-,-,-,-,-,-,-,-,-,-,-,-,-,-,-,-,-,-,-,-,-,-,Não,-,-,-,-,-,-,-,-,-,-,-,-,-,-,-,Sim,1,Não,-,Não,-,Não,-,Não,-,Sim,Sim,8
1502004,PA,15,Cachoeira do Arari,23981,4 - 20001 até 50000,1 - Norte,Não,-,-,-,-,-,-,-,-,-,-,-,-,-,-,-,-,-,-,-,-,-,-,-,Não,-,-,-,Não,Não,Não,Não,Não,Não,Não,Não,Não,Não,Sim,Sim,60,2008,Ativo,Paritário,Sim,Sim,Não,Não,12,4,Não,Não,Sim,Sim,Não,Sim,Sim,Sim,Sim,Não,Sim,Não,Não,Ao órgão gestor da assistência social,Representante do governo,Sim,1,"Sim, de todas",Sim,Sim,Sim,Não,Sim,Sim,Sim,Não,Não,Não,Não,Não,-,Não,-,Sim,1,Sim,1,Não,-,Sim,1,Não existem Centros de Referência/Especializados ou Núcleos Integrados de Atendimento às Mulheres em Situação de Violência,-,-
1502103,PA,15,Cametá,134184,6 - 100001 até 500000,1 - Norte,Sim,Setor subordinado a outra secretaria,Sim,Não,Não,Não,Não,Não,Feminino,30,Parda,Sim,Ensino superior completo,Sim,Não,Sim,Sim,Sim,Não,Não,Não,Não,Sim,Não,Não,-,-,-,Não,Não,Sim,Não,Não,Não,Não,Não,Não,Não,Não,Sim,2407,2002,Inativo,-,-,-,-,-,-,-,-,-,-,-,-,-,-,-,-,-,-,-,-,-,-,Não,-,-,-,-,-,-,-,-,-,-,-,-,-,-,-,Não,-,Não,-,Não,-,Não,-,Não,-,Não existem Centros de Referência/Especializados ou Núcleos Integrados de Atendimento às Mulheres em Situação de Violência,-,-
1502152,PA,15,Canaã dos Carajás,77079,5 - 50001 até 100000,1 - Norte,Sim,Secretaria exclusiva,-,-,-,-,-,-,Feminino,29,Parda,Sim,Ensino superior incompleto,Sim,Sim,Sim,Sim,Sim,Sim,Sim,Sim,Não,Sim,Sim,Não,-,-,-,Não,Não,Não,Sim,Sim,Não,Sim,Não,Sim,Não,Não,Sim,283,2023,Ativo,Paritário,Sim,Não,Sim,Sim,2,20,Sim,Não,Não,Sim,Não,Sim,Sim,Sim,Não,Não,Não,Não,Não,Ao órgão gestor de política para mulheres,Representante do governo,Sim,1,"Sim, de todas",Sim,Não,Sim,Sim,Sim,Sim,Sim,Sim,Sim,Sim,Sim,Sim,-,Sim,1,Sim,1,Não,-,Não,-,Não,-,Sim,Sim,506
1502202,PA,15,Capanema,70394,5 - 50001 até 100000,1 - Norte,Sim,Setor subordinado a outra secretaria,Sim,Não,Não,Não,Não,Não,Feminino,60,Branca,Não,Especialização,Sim,Sim,Não,Não,Sim,Sim,Sim,Não,Não,Sim,Não,Não,-,-,-,Não,Não,Sim,Sim,Sim,Não,Sim,Sim,Não,Não,Não,Sim,6410,2018,Ativo,Paritário,Sim,Sim,Não,Sim,6,20,Não,Sim,Não,Sim,Não,Sim,Sim,Não,Não,Sim,Não,Não,Sim,Ao órgão gestor da assistência social,Há revezamento entre governo e sociedade civil,Não,-,-,-,-,-,-,-,-,-,-,-,-,-,-,-,Sim,1,Não,-,Não,-,Não,-,Não,-,Sim,Não,-
1502301,PA,15,Capitão Poço,56506,5 - 50001 até 100000,1 - Norte,Não,-,-,-,-,-,-,-,-,-,-,-,-,-,-,-,-,-,-,-,-,-,-,-,Não,-,-,-,Sim,Sim,Sim,Sim,Sim,Não,Sim,Não,Sim,Sim,Não,Não,-,-,-,-,-,-,-,-,-,-,-,-,-,-,-,-,-,-,-,-,-,-,-,-,-,Não,-,-,-,-,-,-,-,-,-,-,-,-,-,-,-,Não,-,Não,-,Não,-,Não,-,Não,-,Não existem Centros de Referência/Especializados ou Núcleos Integrados de Atendimento às Mulheres em Situação de Violência,-,-
1502400,PA,15,Castanhal,192256,6 - 100001 até 500000,1 - Norte,Não,-,-,-,-,-,-,-,-,-,-,-,-,-,-,-,-,-,-,-,-,-,-,-,Não,-,-,-,Não,Não,Sim,Não,Não,Não,Não,Não,Não,Não,Não,Sim,26,2008,Ativo,Paritário,Não,Sim,Sim,Sim,12,20,Não,Sim,Não,Sim,Sim,Sim,Sim,Sim,Não,Sim,Não,Não,Não,Ao órgão gestor da assistência social,Há revezamento entre governo e sociedade civil,Não,-,-,-,-,-,-,-,-,-,-,-,-,-,-,-,Não,-,Não,-,Não,-,Não,-,Não,-,Não existem Centros de Referência/Especializados ou Núcleos Integrados de Atendimento às Mulheres em Situação de Violência,-,-
1502509,PA,15,Chaves,20757,4 - 20001 até 50000,1 - Norte,Sim,Setor subordinado a outra secretaria,Sim,Não,Não,Não,Sim,Sim,Feminino,35,Parda,Sim,Especialização,Sim,Não,Sim,Sim,Sim,Não,Não,Não,Sim,Sim,Não,Não,-,-,-,Não,Sim,Sim,Não,Não,Não,Não,Não,Sim,Sim,Não,Não,-,-,-,-,-,-,-,-,-,-,-,-,-,-,-,-,-,-,-,-,-,-,-,-,-,Não,-,-,-,-,-,-,-,-,-,-,-,-,-,-,-,Sim,1,Sim,1,Sim,1,Não,-,Não,-,Sim,Não,-
1502608,PA,15,Colares,12868,3 - 10001 até 20000,1 - Norte,Não,-,-,-,-,-,-,-,-,-,-,-,-,-,-,-,-,-,-,-,-,-,-,-,Não,-,-,-,Não,Não,Não,Não,Não,Não,Não,Não,Não,Não,Sim,Sim,53,2011,Ativo,Paritário,Sim,Sim,Sim,Sim,12,24,Não,Sim,Não,Sim,Sim,Sim,Sim,Sim,Não,Não,Não,Não,Não,Ao órgão gestor da assistência social,Há revezamento entre governo e sociedade civil,Não,-,-,-,-,-,-,-,-,-,-,-,-,-,-,-,Sim,2,Sim,4,Não,-,Não,-,Não,-,Não,-,-
1502707,PA,15,Conceição do Araguaia,44617,4 - 20001 até 50000,1 - Norte,Sim,Setor subordinado a outra secretaria,Sim,Não,Não,Não,Não,Não,Feminino,46,Parda,Não,Ensino superior completo,Não,Não,Não,Não,Sim,Não,Não,Não,Não,Não,Não,Não,-,-,-,Não,Não,Sim,Não,Não,Não,Não,Não,Não,Não,Não,Sim,941,2006,Inativo,-,-,-,-,-,-,-,-,-,-,-,-,-,-,-,-,-,-,-,-,-,-,Não,-,-,-,-,-,-,-,-,-,-,-,-,-,-,-,Sim,1,Sim,1,Não,-,Não,-,Não,-,Sim,Não,-
1502756,PA,15,Concórdia do Pará,26881,4 - 20001 até 50000,1 - Norte,Sim,Setor subordinado diretamente à chefia do Executivo,-,-,-,-,-,-,Feminino,49,Parda,Sim,Especialização,Sim,Não,Não,Não,Sim,Sim,Não,Não,Não,Sim,Sim,Não,-,-,-,Não,Não,Sim,Sim,Não,Não,Não,Não,Não,Não,Não,Sim,261,2007,Ativo,Tem maior representação da sociedade civil,Não,Sim,Não,Não,5,20,Não,Não,Sim,Sim,Não,Não,Não,Sim,Não,Não,Sim,Não,Não,A outro órgão,Representante do governo,Não,-,-,-,-,-,-,-,-,-,-,-,-,-,-,-,Não,-,Não,-,Não,-,Não,-,Não,-,Não existem Centros de Referência/Especializados ou Núcleos Integrados de Atendimento às Mulheres em Situação de Violência,-,-
1502764,PA,15,Cumaru do Norte,14036,3 - 10001 até 20000,1 - Norte,Não,-,-,-,-,-,-,-,-,-,-,-,-,-,-,-,-,-,-,-,-,-,-,-,Não,-,-,-,Não,Não,Não,Não,Não,Não,Não,Não,Não,Não,Sim,Não,-,-,-,-,-,-,-,-,-,-,-,-,-,-,-,-,-,-,-,-,-,-,-,-,-,Não,-,-,-,-,-,-,-,-,-,-,-,-,-,-,-,Não,-,Sim,1,Não,-,Não,-,Não,-,Não existem Centros de Referência/Especializados ou Núcleos Integrados de Atendimento às Mulheres em Situação de Violência,-,-
1502772,PA,15,Curionópolis,19950,3 - 10001 até 20000,1 - Norte,Não,-,-,-,-,-,-,-,-,-,-,-,-,-,-,-,-,-,-,-,-,-,-,-,Não,-,-,-,Não,Não,Não,Não,Não,Não,Não,Não,Não,Não,Sim,Não,-,-,-,-,-,-,-,-,-,-,-,-,-,-,-,-,-,-,-,-,-,-,-,-,-,Não,-,-,-,-,-,-,-,-,-,-,-,-,-,-,-,Não,-,Não,-,Não,-,Não,-,Não,-,Não existem Centros de Referência/Especializados ou Núcleos Integrados de Atendimento às Mulheres em Situação de Violência,-,-
1502806,PA,15,Curralinho,33903,4 - 20001 até 50000,1 - Norte,Não,-,-,-,-,-,-,-,-,-,-,-,-,-,-,-,-,-,-,-,-,-,-,-,Não,-,-,-,Não,Sim,Sim,Sim,Não,Não,Não,Não,Não,Sim,Não,Sim,897,2022,"Foi criado, mas não foi instalado",-,-,-,-,-,-,-,-,-,-,-,-,-,-,-,-,-,-,-,-,-,-,Não,-,-,-,-,-,-,-,-,-,-,-,-,-,-,-,Não,-,Sim,1,Não,-,Não,-,Não,-,Não existem Centros de Referência/Especializados ou Núcleos Integrados de Atendimento às Mulheres em Situação de Violência,-,-
1502855,PA,15,Curuá,14117,3 - 10001 até 20000,1 - Norte,Não,-,-,-,-,-,-,-,-,-,-,-,-,-,-,-,-,-,-,-,-,-,-,-,Não,-,-,-,Sim,Sim,Sim,Não,Não,Não,Não,Não,Não,Não,Não,Não,-,-,-,-,-,-,-,-,-,-,-,-,-,-,-,-,-,-,-,-,-,-,-,-,-,Não,-,-,-,-,-,-,-,-,-,-,-,-,-,-,-,Sim,1,Sim,1,Não,-,Não,-,Não,-,Sim,Não,-
1502905,PA,15,Curuçá,41262,4 - 20001 até 50000,1 - Norte,Não,-,-,-,-,-,-,-,-,-,-,-,-,-,-,-,-,-,-,-,-,-,-,-,Não,-,-,-,Não,Não,Não,Não,Não,Não,Não,Não,Não,Não,Sim,Não,-,-,-,-,-,-,-,-,-,-,-,-,-,-,-,-,-,-,-,-,-,-,-,-,-,Não,-,-,-,-,-,-,-,-,-,-,-,-,-,-,-,Não,-,Não,-,Não,-,Não,-,Não,-,Não existem Centros de Referência/Especializados ou Núcleos Integrados de Atendimento às Mulheres em Situação de Violência,-,-
1502939,PA,15,Dom Eliseu,58484,5 - 50001 até 100000,1 - Norte,Não,-,-,-,-,-,-,-,-,-,-,-,-,-,-,-,-,-,-,-,-,-,-,-,Não,-,-,-,Não,Não,Não,Não,Não,Não,Não,Não,Não,Não,Sim,Não,-,-,-,-,-,-,-,-,-,-,-,-,-,-,-,-,-,-,-,-,-,-,-,-,-,Não,-,-,-,-,-,-,-,-,-,-,-,-,-,-,-,Não,-,Não,-,Não,-,Não,-,Não,-,Não existem Centros de Referência/Especializados ou Núcleos Integrados de Atendimento às Mulheres em Situação de Violência,-,-
1502954,PA,15,Eldorado do Carajás,28192,4 - 20001 até 50000,1 - Norte,Sim,Setor subordinado a outra secretaria,Sim,Não,Não,Não,Não,Não,Feminino,36,Branca,Sim,Ensino superior completo,Sim,Não,Não,Não,Não,Não,Não,Não,Não,Não,Não,Não,-,-,-,Não,Não,Sim,Não,Não,Não,Não,Não,Não,Não,Não,Sim,489,2022,"Foi criado, mas não foi instalado",-,-,-,-,-,-,-,-,-,-,-,-,-,-,-,-,-,-,-,-,-,-,Não,-,-,-,-,-,-,-,-,-,-,-,-,-,-,-,Não,-,Sim,1,Sim,4,Não,-,Não,-,Não existem Centros de Referência/Especializados ou Núcleos Integrados de Atendimento às Mulheres em Situação de Violência,-,-
1503002,PA,15,Faro,8728,2 - 5001 até 10000,1 - Norte,Não,-,-,-,-,-,-,-,-,-,-,-,-,-,-,-,-,-,-,-,-,-,-,-,Não,-,-,-,Não,Não,Sim,Não,Não,Não,Sim,Não,Sim,Não,Não,Não,-,-,-,-,-,-,-,-,-,-,-,-,-,-,-,-,-,-,-,-,-,-,-,-,-,Não,-,-,-,-,-,-,-,-,-,-,-,-,-,-,-,Não,-,Sim,1,Sim,1,Não,-,Não,-,Não existem Centros de Referência/Especializados ou Núcleos Integrados de Atendimento às Mulheres em Situação de Violência,-,-
1503044,PA,15,Floresta do Araguaia,17898,3 - 10001 até 20000,1 - Norte,Não,-,-,-,-,-,-,-,-,-,-,-,-,-,-,-,-,-,-,-,-,-,-,-,Não,-,-,-,Não,Não,Não,Não,Não,Não,Não,Não,Não,Não,Sim,Não,-,-,-,-,-,-,-,-,-,-,-,-,-,-,-,-,-,-,-,-,-,-,-,-,-,Sim,1,"Sim, de todas",-,-,-,-,-,-,-,-,-,-,-,-,Sim,Não,-,Não,-,Não,-,Não,-,Não,-,Não existem Centros de Referência/Especializados ou Núcleos Integrados de Atendimento às Mulheres em Situação de Violência,-,-
1503077,PA,15,Garrafão do Norte,24703,4 - 20001 até 50000,1 - Norte,Sim,Setor subordinado a outra secretaria,Sim,Não,Não,Não,Não,Não,Feminino,59,Parda,Sim,Especialização,Sim,Não,Sim,Sim,Sim,Não,Não,Não,Não,Sim,Não,Não,-,-,-,Não,Não,Sim,Não,Não,Não,Não,Não,Não,Não,Não,Sim,479,2022,Ativo,Paritário,Não,Sim,Não,Não,12,5,Não,Não,Sim,Não,-,-,-,-,-,-,-,-,-,Ao órgão gestor da assistência social,Representante do governo,Não,-,-,-,-,-,-,-,-,-,-,-,-,-,-,-,Não,-,Não,-,Não,-,Não,-,Não,-,Não existem Centros de Referência/Especializados ou Núcleos Integrados de Atendimento às Mulheres em Situação de Violência,-,-
1503093,PA,15,Goianésia do Pará,26362,4 - 20001 até 50000,1 - Norte,Não,-,-,-,-,-,-,-,-,-,-,-,-,-,-,-,-,-,-,-,-,-,-,-,Não,-,-,-,Não,Não,Sim,Não,Não,Não,Não,Não,Não,Não,Não,Não,-,-,-,-,-,-,-,-,-,-,-,-,-,-,-,-,-,-,-,-,-,-,-,-,-,Não,-,-,-,-,-,-,-,-,-,-,-,-,-,-,-,Não,-,Não,-,Não,-,Não,-,Não,-,Não existem Centros de Referência/Especializados ou Núcleos Integrados de Atendimento às Mulheres em Situação de Violência,-,-
1503101,PA,15,Gurupá,31786,4 - 20001 até 50000,1 - Norte,Sim,Setor subordinado a outra secretaria,Sim,Não,Não,Não,Não,Não,Feminino,40,Parda,Sim,Especialização,Não,Não,Não,Não,Sim,Não,Não,Não,Não,Não,Não,Não,-,-,-,Não,Não,Não,Não,Não,Não,Sim,Não,Não,Não,Não,Sim,1231,2017,Ativo,Paritário,Não,Sim,Não,Não,12,22,Não,Sim,Não,Sim,Não,Sim,Sim,Sim,Não,Não,Não,Não,Não,Ao órgão gestor da assistência social,Representante do governo,Não,-,-,-,-,-,-,-,-,-,-,-,-,-,-,-,Sim,1,Não,-,Não,-,Não,-,Não,-,Sim,Não,-
1503200,PA,15,Igarapé-Açu,35797,4 - 20001 até 50000,1 - Norte,Não,-,-,-,-,-,-,-,-,-,-,-,-,-,-,-,-,-,-,-,-,-,-,-,Não,-,-,-,Não,Não,Não,Não,Não,Não,Não,Não,Não,Não,Sim,Não,-,-,-,-,-,-,-,-,-,-,-,-,-,-,-,-,-,-,-,-,-,-,-,-,-,Não,-,-,-,-,-,-,-,-,-,-,-,-,-,-,-,Não,-,Não,-,Não,-,Não,-,Não,-,Não existem Centros de Referência/Especializados ou Núcleos Integrados de Atendimento às Mulheres em Situação de Violência,-,-
1503309,PA,15,Igarapé-Miri,64831,5 - 50001 até 100000,1 - Norte,Sim,Setor subordinado a outra secretaria,Sim,Não,Não,Não,Não,Sim,Feminino,50,Branca,Sim,Ensino médio (2º Grau) completo,Sim,Sim,Sim,Não,Sim,Não,Sim,Não,Não,Sim,Não,Não,-,-,-,Sim,Sim,Sim,Não,Não,Não,Sim,Sim,Não,Não,Não,Sim,5055,2012,Inativo,-,-,-,-,-,-,-,-,-,-,-,-,-,-,-,-,-,-,-,-,-,-,Não,-,-,-,-,-,-,-,-,-,-,-,-,-,-,-,Não,-,Não,-,Não,-,Não,-,Não,-,Não existem Centros de Referência/Especializados ou Núcleos Integrados de Atendimento às Mulheres em Situação de Violência,-,-
1503408,PA,15,Inhangapi,10325,3 - 10001 até 20000,1 - Norte,Sim,Setor subordinado a outra secretaria,Sim,Não,Não,Não,Não,Não,Feminino,42,Parda,Sim,Especialização,Sim,Não,Sim,Sim,Sim,Sim,Sim,Não,Sim,Sim,Não,Não,-,-,-,Não,Não,Sim,Não,Não,Não,Sim,Não,Sim,Não,Não,Não,-,-,-,-,-,-,-,-,-,-,-,-,-,-,-,-,-,-,-,-,-,-,-,-,-,Não,-,-,-,-,-,-,-,-,-,-,-,-,-,-,-,Sim,1,Sim,1,Sim,1,Não,-,Não,-,Sim,Não,-
1503457,PA,15,Ipixuna do Pará,30329,4 - 20001 até 50000,1 - Norte,Não,-,-,-,-,-,-,-,-,-,-,-,-,-,-,-,-,-,-,-,-,-,-,-,Não,-,-,-,Não,Não,Não,Não,Não,Não,Não,Não,Não,Não,Sim,Não,-,-,-,-,-,-,-,-,-,-,-,-,-,-,-,-,-,-,-,-,-,-,-,-,-,Não,-,-,-,-,-,-,-,-,-,-,-,-,-,-,-,Sim,1,Sim,1,Não,-,Não,-,Não,-,Não,-,-
1503507,PA,15,Irituia,30955,4 - 20001 até 50000,1 - Norte,Não,-,-,-,-,-,-,-,-,-,-,-,-,-,-,-,-,-,-,-,-,-,-,-,Não,-,-,-,Não,Sim,Sim,Sim,Não,Não,Não,Não,Não,Não,Não,Sim,284,2006,Ativo,Paritário,Não,Sim,Não,Não,2,8,Não,Sim,Não,Sim,Sim,Sim,Sim,Sim,Não,Não,Sim,Não,Não,Ao órgão gestor da assistência social,Representante do governo,Não,-,-,-,-,-,-,-,-,-,-,-,-,-,-,-,Não,-,Não,-,Não,-,Não,-,Não,-,Não existem Centros de Referência/Especializados ou Núcleos Integrados de Atendimento às Mulheres em Situação de Violência,-,-
1503606,PA,15,Itaituba,123314,6 - 100001 até 500000,1 - Norte,Sim,Setor subordinado a outra secretaria,Sim,Não,Não,Não,Não,Não,Feminino,49,Branca,Sim,Ensino superior completo,Não,Não,Sim,Não,Sim,Sim,Não,Não,Não,Sim,Não,Sim,2017,Outro,2024,Não,Sim,Sim,Sim,Não,Não,Não,Não,Sim,Sim,Não,Sim,1967,2009,Ativo,Paritário,Não,Sim,Não,Sim,6,20,Não,Não,Sim,Sim,Não,Sim,Sim,Sim,Não,Não,Não,Sim,Não,Ao órgão gestor da assistência social,Há revezamento entre governo e sociedade civil,Não,-,-,-,-,-,-,-,-,-,-,-,-,-,-,-,Sim,1,Não,-,Não,-,Não,-,Não,-,Sim,Sim,40
1503705,PA,15,Itupiranga,49754,4 - 20001 até 50000,1 - Norte,Sim,Setor subordinado a outra secretaria,Sim,Não,Não,Não,Não,Não,Feminino,49,Preta,Sim,Ensino superior completo,Não,Não,Sim,Não,Sim,Não,Não,Não,Não,Sim,Não,Não,-,-,-,Sim,Sim,Sim,Sim,Não,Não,Sim,Não,Sim,Sim,Não,Sim,27,2021,Ativo,Paritário,Sim,Sim,Sim,Sim,5,10,Não,Sim,Não,Sim,Sim,Não,Não,Sim,Não,Não,Sim,Sim,Não,A outro órgão,Há revezamento entre governo e sociedade civil,Não,-,-,-,-,-,-,-,-,-,-,-,-,-,-,-,Sim,1,Sim,1,Não,-,Não,-,Não,-,Não,-,-
1503754,PA,15,Jacareacanga,24042,4 - 20001 até 50000,1 - Norte,Não,-,-,-,-,-,-,-,-,-,-,-,-,-,-,-,-,-,-,-,-,-,-,-,Não,-,-,-,Não,Não,Não,Não,Não,Não,Não,Não,Não,Não,Sim,Não,-,-,-,-,-,-,-,-,-,-,-,-,-,-,-,-,-,-,-,-,-,-,-,-,-,Não,-,-,-,-,-,-,-,-,-,-,-,-,-,-,-,Não,-,Não,-,Não,-,Não,-,Não,-,Não existem Centros de Referência/Especializados ou Núcleos Integrados de Atendimento às Mulheres em Situação de Violência,-,-
1503804,PA,15,Jacundá,37707,4 - 20001 até 50000,1 - Norte,Sim,Secretaria exclusiva,-,-,-,-,-,-,Feminino,37,Parda,Sim,Ensino superior completo,Sim,Não,Não,Não,Sim,Sim,Sim,Sim,Não,Sim,Não,Sim,2007,Decreto,2023,Não,Sim,Sim,Sim,Sim,Não,Sim,Sim,Sim,Sim,Não,Sim,2404,2006,Ativo,Paritário,Sim,Não,Sim,Sim,5,16,Não,Sim,Não,Sim,Sim,Não,Não,Sim,Não,Não,Sim,Não,Sim,Ao órgão gestor de política para mulheres,Há revezamento entre governo e sociedade civil,Não,-,-,-,-,-,-,-,-,-,-,-,-,-,-,-,Sim,1,Não,-,Não,-,Não,-,Não,-,Sim,Sim,604
1503903,PA,15,Juruti,50881,5 - 50001 até 100000,1 - Norte,Não,-,-,-,-,-,-,-,-,-,-,-,-,-,-,-,-,-,-,-,-,-,-,-,Não,-,-,-,Não,Não,Sim,Sim,Sim,Não,Sim,Sim,Sim,Sim,Não,Sim,921,2005,Ativo,Paritário,Sim,Sim,Não,Não,3,23,Não,Sim,Não,Sim,Sim,Sim,Não,Sim,Não,Não,Não,Sim,Não,A outro órgão,Representante da sociedade civil,Não,-,-,-,-,-,-,-,-,-,-,-,-,-,-,-,Não,-,Não,-,Não,-,Não,-,Não,-,Não existem Centros de Referência/Especializados ou Núcleos Integrados de Atendimento às Mulheres em Situação de Violência,-,-
1504000,PA,15,Limoeiro do Ajuru,29569,4 - 20001 até 50000,1 - Norte,Não,-,-,-,-,-,-,-,-,-,-,-,-,-,-,-,-,-,-,-,-,-,-,-,Não,-,-,-,Não,Não,Sim,Não,Não,Não,Sim,Não,Não,Não,Não,Não,-,-,-,-,-,-,-,-,-,-,-,-,-,-,-,-,-,-,-,-,-,-,-,-,-,Não,-,-,-,-,-,-,-,-,-,-,-,-,-,-,-,Não,-,Não,-,Não,-,Não,-,Não,-,Não existem Centros de Referência/Especializados ou Núcleos Integrados de Atendimento às Mulheres em Situação de Violência,-,-
1504059,PA,15,Mãe do Rio,34353,4 - 20001 até 50000,1 - Norte,Não,-,-,-,-,-,-,-,-,-,-,-,-,-,-,-,-,-,-,-,-,-,-,-,Não,-,-,-,Não,Não,Sim,Não,Não,Não,Não,Sim,Sim,Sim,Não,Não,-,-,-,-,-,-,-,-,-,-,-,-,-,-,-,-,-,-,-,-,-,-,-,-,-,Não,-,-,-,-,-,-,-,-,-,-,-,-,-,-,-,Não,-,Não,-,Não,-,Não,-,Não,-,Não existem Centros de Referência/Especializados ou Núcleos Integrados de Atendimento às Mulheres em Situação de Violência,-,-
1504109,PA,15,Magalhães Barata,8115,2 - 5001 até 10000,1 - Norte,Não,-,-,-,-,-,-,-,-,-,-,-,-,-,-,-,-,-,-,-,-,-,-,-,Não,-,-,-,Não,Sim,Sim,Sim,Não,Não,Não,Não,Sim,Não,Não,Não,-,-,-,-,-,-,-,-,-,-,-,-,-,-,-,-,-,-,-,-,-,-,-,-,-,Não,-,-,-,-,-,-,-,-,-,-,-,-,-,-,-,Não,-,Não,-,Não,-,Não,-,Não,-,Não existem Centros de Referência/Especializados ou Núcleos Integrados de Atendimento às Mulheres em Situação de Violência,-,-
1504208,PA,15,Marabá,266533,6 - 100001 até 500000,1 - Norte,Sim,Setor subordinado a outra secretaria,Sim,Não,Não,Não,Não,Não,Feminino,61,Branca,Não,Especialização,Sim,Sim,Sim,Sim,Sim,Sim,Sim,Sim,Sim,Sim,Sim,Sim,2021,Lei,Sem preríodo de vigência,Não,Sim,Sim,Sim,Não,Não,Não,Não,Sim,Sim,Não,Sim,17294,2008,Ativo,Paritário,Não,Sim,Não,Não,22,44,Sim,Não,Não,Sim,Sim,Sim,Sim,Sim,Sim,Sim,Sim,Sim,Sim,Ao órgão gestor da assistência social,Representante do governo,Sim,1,"Sim, de todas",Sim,Sim,Sim,Sim,Sim,Sim,Sim,Sim,Sim,Sim,Não,Não,-,Sim,1,Não,-,Sim,1,Não,-,Sim,1,Sim,Não,-
1504307,PA,15,Maracanã,25971,4 - 20001 até 50000,1 - Norte,Não,-,-,-,-,-,-,-,-,-,-,-,-,-,-,-,-,-,-,-,-,-,-,-,Não,-,-,-,Não,Não,Sim,Não,Não,Não,Não,Não,Não,Não,Não,Não,-,-,-,-,-,-,-,-,-,-,-,-,-,-,-,-,-,-,-,-,-,-,-,-,-,Não,-,-,-,-,-,-,-,-,-,-,-,-,-,-,-,Não,-,Não,-,Não,-,Não,-,Não,-,Não existem Centros de Referência/Especializados ou Núcleos Integrados de Atendimento às Mulheres em Situação de Violência,-,-
1504406,PA,15,Marapanim,26573,4 - 20001 até 50000,1 - Norte,Não,-,-,-,-,-,-,-,-,-,-,-,-,-,-,-,-,-,-,-,-,-,-,-,Não,-,-,-,Não,Não,Não,Não,Não,Não,Não,Não,Não,Não,Sim,Não,-,-,-,-,-,-,-,-,-,-,-,-,-,-,-,-,-,-,-,-,-,-,-,-,-,Não,-,-,-,-,-,-,-,-,-,-,-,-,-,-,-,Não,-,Não,-,Não,-,Não,-,Não,-,Não existem Centros de Referência/Especializados ou Núcleos Integrados de Atendimento às Mulheres em Situação de Violência,-,-
1504422,PA,15,Marituba,111785,6 - 100001 até 500000,1 - Norte,Não,-,-,-,-,-,-,-,-,-,-,-,-,-,-,-,-,-,-,-,-,-,-,-,Não,-,-,-,Não,Sim,Sim,Não,Não,Não,Não,Não,Não,Não,Não,Sim,335,2016,Ativo,Paritário,Não,Sim,Não,Não,5,20,Não,Sim,Não,Sim,Sim,Sim,Sim,Sim,Não,Não,Não,Não,Sim,Ao órgão gestor da assistência social,Representante do governo,Não,-,-,-,-,-,-,-,-,-,-,-,-,-,-,-,Não,-,Não,-,Não,-,Não,-,Não,-,Não existem Centros de Referência/Especializados ou Núcleos Integrados de Atendimento às Mulheres em Situação de Violência,-,-
1504455,PA,15,Medicilândia,27094,4 - 20001 até 50000,1 - Norte,Não,-,-,-,-,-,-,-,-,-,-,-,-,-,-,-,-,-,-,-,-,-,-,-,Não,-,-,-,Não,Não,Não,Não,Não,Não,Não,Não,Não,Não,Sim,Não,-,-,-,-,-,-,-,-,-,-,-,-,-,-,-,-,-,-,-,-,-,-,-,-,-,Não,-,-,-,-,-,-,-,-,-,-,-,-,-,-,-,Não,-,Não,-,Não,-,Não,-,Não,-,Não existem Centros de Referência/Especializados ou Núcleos Integrados de Atendimento às Mulheres em Situação de Violência,-,-
1504505,PA,15,Melgaço,27881,4 - 20001 até 50000,1 - Norte,Sim,Secretaria exclusiva,-,-,-,-,-,-,Feminino,43,Parda,Sim,Ensino superior incompleto,Não,Não,Não,Não,Sim,Não,Não,Não,Não,Sim,Não,Sim,2011,Sem previsão normativa,2024,Não,Não,Sim,Não,Não,Não,Sim,Não,Não,Não,Não,Sim,548,2006,Ativo,Paritário,Sim,Não,Não,Sim,0,16,Não,Não,Sim,Não,-,-,-,-,-,-,-,-,-,Ao órgão gestor de política para mulheres,Representante do governo,Não,-,-,-,-,-,-,-,-,-,-,-,-,-,-,-,Não,-,Sim,4,Não,-,Não,-,Não,-,Não existem Centros de Referência/Especializados ou Núcleos Integrados de Atendimento às Mulheres em Situação de Violência,-,-
1504604,PA,15,Mocajuba,27198,4 - 20001 até 50000,1 - Norte,Não,-,-,-,-,-,-,-,-,-,-,-,-,-,-,-,-,-,-,-,-,-,-,-,Não,-,-,-,Não,Não,Não,Não,Não,Sim,Não,Não,Não,Não,Não,Sim,3116,2012,Ativo,Paritário,Sim,Não,Sim,Sim,6,12,Não,Sim,Não,Sim,Sim,Sim,Sim,Sim,Não,Não,Não,Não,Não,Ao órgão gestor da assistência social,Representante do governo,Não,-,-,-,-,-,-,-,-,-,-,-,-,-,-,-,Não,-,Não,-,Não,-,Não,-,Não,-,Não existem Centros de Referência/Especializados ou Núcleos Integrados de Atendimento às Mulheres em Situação de Violência,-,-
1504703,PA,15,Moju,84094,5 - 50001 até 100000,1 - Norte,Não,-,-,-,-,-,-,-,-,-,-,-,-,-,-,-,-,-,-,-,-,-,-,-,Não,-,-,-,Não,Não,Não,Não,Não,Não,Não,Não,Não,Não,Sim,Não,-,-,-,-,-,-,-,-,-,-,-,-,-,-,-,-,-,-,-,-,-,-,-,-,-,Não,-,-,-,-,-,-,-,-,-,-,-,-,-,-,-,Sim,1,Não,-,Não,-,Não,-,Não,-,Não,-,-
1504752,PA,15,Mojuí dos Campos,23501,4 - 20001 até 50000,1 - Norte,Não,-,-,-,-,-,-,-,-,-,-,-,-,-,-,-,-,-,-,-,-,-,-,-,Não,-,-,-,Não,Não,Não,Não,Não,Não,Não,Não,Sim,Não,Não,Não,-,-,-,-,-,-,-,-,-,-,-,-,-,-,-,-,-,-,-,-,-,-,-,-,-,Não,-,-,-,-,-,-,-,-,-,-,-,-,-,-,-,Não,-,Não,-,Não,-,Não,-,Não,-,Não existem Centros de Referência/Especializados ou Núcleos Integrados de Atendimento às Mulheres em Situação de Violência,-,-
1504802,PA,15,Monte Alegre,60012,5 - 50001 até 100000,1 - Norte,Não,-,-,-,-,-,-,-,-,-,-,-,-,-,-,-,-,-,-,-,-,-,-,-,Não,-,-,-,Não,Não,Não,Não,Não,Não,Não,Não,Não,Não,Sim,Não,-,-,-,-,-,-,-,-,-,-,-,-,-,-,-,-,-,-,-,-,-,-,-,-,-,Não,-,-,-,-,-,-,-,-,-,-,-,-,-,-,-,Não,-,Não,-,Não,-,Não,-,Não,-,Não existem Centros de Referência/Especializados ou Núcleos Integrados de Atendimento às Mulheres em Situação de Violência,-,-
1504901,PA,15,Muaná,45368,4 - 20001 até 50000,1 - Norte,Não,-,-,-,-,-,-,-,-,-,-,-,-,-,-,-,-,-,-,-,-,-,-,-,Não,-,-,-,Não,Não,Sim,Não,Não,Não,Não,Não,Não,Não,Não,Não,-,-,-,-,-,-,-,-,-,-,-,-,-,-,-,-,-,-,-,-,-,-,-,-,-,Não,-,-,-,-,-,-,-,-,-,-,-,-,-,-,-,Não,-,Sim,1,Não,-,Não,-,Não,-,Sim,Não,-
1504950,PA,15,Nova Esperança do Piriá,20478,4 - 20001 até 50000,1 - Norte,Sim,Secretaria exclusiva,-,-,-,-,-,-,Feminino,35,Parda,Não,Ensino superior incompleto,Sim,Não,Não,Sim,Não,Sim,Não,Não,Não,Sim,Não,Não,-,-,-,Não,Não,Sim,Não,Não,Não,Sim,Sim,Não,Não,Não,Não,-,-,-,-,-,-,-,-,-,-,-,-,-,-,-,-,-,-,-,-,-,-,-,-,-,Não,-,-,-,-,-,-,-,-,-,-,-,-,-,-,-,Não,-,Não,-,Não,-,Não,-,Não,-,Não existem Centros de Referência/Especializados ou Núcleos Integrados de Atendimento às Mulheres em Situação de Violência,-,-
1504976,PA,15,Nova Ipixuna,13955,3 - 10001 até 20000,1 - Norte,Sim,Setor subordinado a outra secretaria,Sim,Não,Não,Não,Não,Não,Feminino,38,Branca,Não,Ensino superior completo,Sim,Não,Não,Não,Sim,Sim,Não,Não,Não,Sim,Não,Não,-,-,-,Não,Não,Sim,Sim,Não,Não,Não,Não,Não,Não,Não,Sim,797,2021,Ativo,Tem maior representação da sociedade civil,Sim,Sim,Não,Sim,6,24,Não,Sim,Não,Sim,Não,Sim,Sim,Sim,Não,Não,Sim,Sim,Não,Ao órgão gestor da assistência social,Representante da sociedade civil,Não,-,-,-,-,-,-,-,-,-,-,-,-,-,-,-,Sim,1,Sim,1,Não,-,Não,-,Não,-,Sim,Sim,2
1505007,PA,15,Nova Timboteua,12806,3 - 10001 até 20000,1 - Norte,Não,-,-,-,-,-,-,-,-,-,-,-,-,-,-,-,-,-,-,-,-,-,-,-,Não,-,-,-,Não,Não,Não,Não,Não,Não,Não,Não,Não,Não,Sim,Não,-,-,-,-,-,-,-,-,-,-,-,-,-,-,-,-,-,-,-,-,-,-,-,-,-,Não,-,-,-,-,-,-,-,-,-,-,-,-,-,-,-,Não,-,Não,-,Não,-,Não,-,Não,-,Não existem Centros de Referência/Especializados ou Núcleos Integrados de Atendimento às Mulheres em Situação de Violência,-,-
1505031,PA,15,Novo Progresso,33638,4 - 20001 até 50000,1 - Norte,Não,-,-,-,-,-,-,-,-,-,-,-,-,-,-,-,-,-,-,-,-,-,-,-,Não,-,-,-,Não informou,Não informou,Não informou,Não informou,Não informou,Não informou,Não informou,Não informou,Não informou,Não informou,Não informou,Não,-,-,-,-,-,-,-,-,-,-,-,-,-,-,-,-,-,-,-,-,-,-,-,-,-,Não,-,-,-,-,-,-,-,-,-,-,-,-,-,-,-,Sim,1,Sim,1,Sim,1,Não,-,Não,-,Não,-,-
1505064,PA,15,Novo Repartimento,60732,5 - 50001 até 100000,1 - Norte,Não,-,-,-,-,-,-,-,-,-,-,-,-,-,-,-,-,-,-,-,-,-,-,-,Não,-,-,-,Não,Não,Não,Não,Não,Não,Não,Não,Não,Não,Sim,Sim,86,2023,"Foi criado, mas não foi instalado",-,-,-,-,-,-,-,-,-,-,-,-,-,-,-,-,-,-,-,-,-,-,Sim,1,Não,Sim,Não,Não,Não,Sim,Sim,Sim,Não,Não,Não,Não,Não,-,Sim,1,Sim,1,Não,-,Não,-,Não,-,Não,-,-
1505106,PA,15,Óbidos,52229,5 - 50001 até 100000,1 - Norte,Não,-,-,-,-,-,-,-,-,-,-,-,-,-,-,-,-,-,-,-,-,-,-,-,Não,-,-,-,Não,Não,Sim,Sim,Não,Não,Sim,Sim,Não,Não,Não,Sim,3897,2011,Ativo,Paritário,Sim,Sim,Não,Sim,11,20,Não,Sim,Não,Sim,Sim,Sim,Sim,Sim,Não,Não,Não,Sim,Não,Ao órgão gestor da assistência social,Representante do governo,Não,-,-,-,-,-,-,-,-,-,-,-,-,-,-,-,Não,-,Não,-,Não,-,Não,-,Não,-,Não existem Centros de Referência/Especializados ou Núcleos Integrados de Atendimento às Mulheres em Situação de Violência,-,-
1505205,PA,15,Oeiras do Pará,33844,4 - 20001 até 50000,1 - Norte,Não,-,-,-,-,-,-,-,-,-,-,-,-,-,-,-,-,-,-,-,-,-,-,-,Não,-,-,-,Não,Não,Sim,Não,Não,Não,Não,Não,Não,Não,Não,Não,-,-,-,-,-,-,-,-,-,-,-,-,-,-,-,-,-,-,-,-,-,-,-,-,-,Sim,1,"Sim, de todas",Não,Não,Não,Não,Não,Não,Sim,Não,Sim,Não,Não,Não,-,Não,-,Não,-,Não,-,Não,-,Não,-,Não existem Centros de Referência/Especializados ou Núcleos Integrados de Atendimento às Mulheres em Situação de Violência,-,-
1505304,PA,15,Oriximiná,68294,5 - 50001 até 100000,1 - Norte,Sim,Setor subordinado a outra secretaria,Sim,Não,Não,Não,Não,Não,Feminino,37,Branca,Sim,Ensino superior completo,Sim,Não,Sim,Não,Sim,Sim,Sim,Não,Não,Sim,Não,Não,-,-,-,Não,Não,Sim,Sim,Não,Não,Não,Não,Não,Não,Não,Sim,8846,2015,Ativo,Paritário,Sim,Sim,Sim,Sim,13,12,Não,Sim,Não,Sim,Não,Sim,Sim,Sim,Não,Não,Sim,Sim,Sim,Ao órgão gestor da assistência social,Representante da sociedade civil,Não,-,-,-,-,-,-,-,-,-,-,-,-,-,-,-,Não,-,Não,-,Sim,1,Não,-,Não,-,Sim,Sim,48
1505403,PA,15,Ourém,17855,3 - 10001 até 20000,1 - Norte,Não,-,-,-,-,-,-,-,-,-,-,-,-,-,-,-,-,-,-,-,-,-,-,-,Não,-,-,-,Não,Não,Não,Não,Não,Não,Não,Não,Não,Não,Sim,Não,-,-,-,-,-,-,-,-,-,-,-,-,-,-,-,-,-,-,-,-,-,-,-,-,-,Não,-,-,-,-,-,-,-,-,-,-,-,-,-,-,-,Não,-,Não,-,Não,-,Não,-,Não,-,Não existem Centros de Referência/Especializados ou Núcleos Integrados de Atendimento às Mulheres em Situação de Violência,-,-
1505437,PA,15,Ourilândia do Norte,32467,4 - 20001 até 50000,1 - Norte,Não,-,-,-,-,-,-,-,-,-,-,-,-,-,-,-,-,-,-,-,-,-,-,-,Não,-,-,-,Não,Sim,Não,Sim,Não,Não,Não,Não,Não,Não,Não,Não,-,-,-,-,-,-,-,-,-,-,-,-,-,-,-,-,-,-,-,-,-,-,-,-,-,Não,-,-,-,-,-,-,-,-,-,-,-,-,-,-,-,Não,-,Não,-,Não,-,Não,-,Não,-,Não,-,-
1505486,PA,15,Pacajá,41097,4 - 20001 até 50000,1 - Norte,Não,-,-,-,-,-,-,-,-,-,-,-,-,-,-,-,-,-,-,-,-,-,-,-,Não,-,-,-,Não,Não,Sim,Não,Não,Não,Não,Não,Não,Não,Não,Não,-,-,-,-,-,-,-,-,-,-,-,-,-,-,-,-,-,-,-,-,-,-,-,-,-,Não,-,-,-,-,-,-,-,-,-,-,-,-,-,-,-,Não,-,Não,-,Não,-,Não,-,Não,-,Não existem Centros de Referência/Especializados ou Núcleos Integrados de Atendimento às Mulheres em Situação de Violência,-,-
1505494,PA,15,Palestina do Pará,6885,2 - 5001 até 10000,1 - Norte,Não,-,-,-,-,-,-,-,-,-,-,-,-,-,-,-,-,-,-,-,-,-,-,-,Não,-,-,-,Não,Não,Não,Não,Não,Não,Não,Não,Não,Não,Sim,Não,-,-,-,-,-,-,-,-,-,-,-,-,-,-,-,-,-,-,-,-,-,-,-,-,-,Não,-,-,-,-,-,-,-,-,-,-,-,-,-,-,-,Não,-,Não,-,Não,-,Não,-,Não,-,Não existem Centros de Referência/Especializados ou Núcleos Integrados de Atendimento às Mulheres em Situação de Violência,-,-
1505502,PA,15,Paragominas,105550,6 - 100001 até 500000,1 - Norte,Não,-,-,-,-,-,-,-,-,-,-,-,-,-,-,-,-,-,-,-,-,-,-,-,Não,-,-,-,Não,Não,Sim,Sim,Não,Não,Não,Não,Sim,Não,Não,Sim,219,1999,Inativo,-,-,-,-,-,-,-,-,-,-,-,-,-,-,-,-,-,-,-,-,-,-,Não,-,-,-,-,-,-,-,-,-,-,-,-,-,-,-,Não,-,Não,-,Não,-,Não,-,Não,-,Não existem Centros de Referência/Especializados ou Núcleos Integrados de Atendimento às Mulheres em Situação de Violência,-,-
1505536,PA,15,Parauapebas,267836,6 - 100001 até 500000,1 - Norte,Sim,Secretaria exclusiva,-,-,-,-,-,-,Feminino,30,Parda,Não,Especialização,Sim,Sim,Sim,Sim,Sim,Sim,Sim,Sim,Não,Sim,Não,Não,-,-,-,Não,Não,Não,Não,Não,Não,Não,Não,Não,Não,Sim,Sim,4413,2010,Ativo,Paritário,Sim,Sim,Sim,Sim,12,28,Não,Sim,Não,Sim,Sim,Sim,Sim,Sim,Não,Sim,Sim,Sim,Não,Ao órgão gestor de política para mulheres,Representante da sociedade civil,Sim,1,"Sim, de todas",Sim,Não,Sim,Não,Sim,Sim,Sim,Não,Sim,Sim,Não,Não,-,Sim,1,Não,-,Não,-,Não,-,Não,-,Sim,Sim,20877
1505551,PA,15,Pau DArco,6931,2 - 5001 até 10000,1 - Norte,Não,-,-,-,-,-,-,-,-,-,-,-,-,-,-,-,-,-,-,-,-,-,-,-,Não,-,-,-,Não,Não,Não,Não,Não,Não,Não,Não,Não,Não,Sim,Não,-,-,-,-,-,-,-,-,-,-,-,-,-,-,-,-,-,-,-,-,-,-,-,-,-,Não,-,-,-,-,-,-,-,-,-,-,-,-,-,-,-,Não,-,Não,-,Não,-,Não,-,Não,-,Não existem Centros de Referência/Especializados ou Núcleos Integrados de Atendimento às Mulheres em Situação de Violência,-,-
1505601,PA,15,Peixe-Boi,8285,2 - 5001 até 10000,1 - Norte,Não,-,-,-,-,-,-,-,-,-,-,-,-,-,-,-,-,-,-,-,-,-,-,-,Não,-,-,-,Não,Não,Sim,Não,Não,Não,Não,Não,Sim,Não,Não,Não,-,-,-,-,-,-,-,-,-,-,-,-,-,-,-,-,-,-,-,-,-,-,-,-,-,Não,-,-,-,-,-,-,-,-,-,-,-,-,-,-,-,Não,-,Não,-,Não,-,Não,-,Sim,1,Não existem Centros de Referência/Especializados ou Núcleos Integrados de Atendimento às Mulheres em Situação de Violência,-,-
1505635,PA,15,Piçarra,12832,3 - 10001 até 20000,1 - Norte,Não,-,-,-,-,-,-,-,-,-,-,-,-,-,-,-,-,-,-,-,-,-,-,-,Não,-,-,-,Não,Não,Não,Não,Não,Não,Não,Não,Não,Não,Sim,Não,-,-,-,-,-,-,-,-,-,-,-,-,-,-,-,-,-,-,-,-,-,-,-,-,-,Não,-,-,-,-,-,-,-,-,-,-,-,-,-,-,-,Não,-,Não,-,Não,-,Não,-,Não,-,Não existem Centros de Referência/Especializados ou Núcleos Integrados de Atendimento às Mulheres em Situação de Violência,-,-
1505650,PA,15,Placas,18668,3 - 10001 até 20000,1 - Norte,Não,-,-,-,-,-,-,-,-,-,-,-,-,-,-,-,-,-,-,-,-,-,-,-,Não,-,-,-,Não,Não,Sim,Não,Sim,Não,Sim,Sim,Não,Sim,Não,Não,-,-,-,-,-,-,-,-,-,-,-,-,-,-,-,-,-,-,-,-,-,-,-,-,-,Não,-,-,-,-,-,-,-,-,-,-,-,-,-,-,-,Não,-,Não,-,Não,-,Não,-,Não,-,Não existem Centros de Referência/Especializados ou Núcleos Integrados de Atendimento às Mulheres em Situação de Violência,-,-
1505700,PA,15,Ponta de Pedras,24984,4 - 20001 até 50000,1 - Norte,Sim,Setor subordinado a outra secretaria,Sim,Não,Não,Não,Não,Não,Feminino,71,Preta,Sim,Ensino fundamental (1º Grau) incompleto,Sim,Sim,Sim,Sim,Sim,Não,Sim,Sim,Sim,Sim,Não,Não,-,-,-,Não,Sim,Não,Não,Não,Não,Não,Não,Não,Não,Não,Sim,691,2023,Inativo,-,-,-,-,-,-,-,-,-,-,-,-,-,-,-,-,-,-,-,-,-,-,Não,-,-,-,-,-,-,-,-,-,-,-,-,-,-,-,Não,-,Não,-,Não,-,Não,-,Não,-,Não existem Centros de Referência/Especializados ou Núcleos Integrados de Atendimento às Mulheres em Situação de Violência,-,-
1505809,PA,15,Portel,62503,5 - 50001 até 100000,1 - Norte,Não,-,-,-,-,-,-,-,-,-,-,-,-,-,-,-,-,-,-,-,-,-,-,-,Não,-,-,-,Não,Não,Sim,Não,Não,Não,Não,Não,Não,Não,Não,Sim,756,2008,Ativo,Paritário,Não,Sim,Não,Sim,12,20,Não,Não,Sim,Sim,Não,Sim,Sim,Sim,Não,Não,Sim,Não,Não,Ao órgão gestor da assistência social,Há revezamento entre governo e sociedade civil,Não,-,-,-,-,-,-,-,-,-,-,-,-,-,-,-,Não,-,Não,-,Não,-,Não,-,Não,-,Não existem Centros de Referência/Especializados ou Núcleos Integrados de Atendimento às Mulheres em Situação de Violência,-,-
1505908,PA,15,Porto de Moz,40597,4 - 20001 até 50000,1 - Norte,Sim,Secretaria exclusiva,-,-,-,-,-,-,Feminino,41,Parda,Sim,Especialização,Sim,Não,Não,Não,Sim,Sim,Sim,Não,Não,Sim,Não,Não,-,-,-,Não,Sim,Sim,Não,Não,Não,Não,Não,Não,Não,Não,Não,-,-,-,-,-,-,-,-,-,-,-,-,-,-,-,-,-,-,-,-,-,-,-,-,-,Não,-,-,-,-,-,-,-,-,-,-,-,-,-,-,-,Sim,1,Não,-,Não,-,Não,-,Não,-,Sim,Não,-
1506005,PA,15,Prainha,35577,4 - 20001 até 50000,1 - Norte,Não,-,-,-,-,-,-,-,-,-,-,-,-,-,-,-,-,-,-,-,-,-,-,-,Não,-,-,-,Não,Não,Não,Sim,Não,Não,Sim,Não,Não,Não,Não,Não,-,-,-,-,-,-,-,-,-,-,-,-,-,-,-,-,-,-,-,-,-,-,-,-,-,Não,-,-,-,-,-,-,-,-,-,-,-,-,-,-,-,Não,-,Não,-,Não,-,Não,-,Não,-,Não existem Centros de Referência/Especializados ou Núcleos Integrados de Atendimento às Mulheres em Situação de Violência,-,-
1506104,PA,15,Primavera,10851,3 - 10001 até 20000,1 - Norte,Não,-,-,-,-,-,-,-,-,-,-,-,-,-,-,-,-,-,-,-,-,-,-,-,Não,-,-,-,Não,Não,Não,Não,Não,Não,Não,Não,Não,Não,Sim,Não,-,-,-,-,-,-,-,-,-,-,-,-,-,-,-,-,-,-,-,-,-,-,-,-,-,Não,-,-,-,-,-,-,-,-,-,-,-,-,-,-,-,Não,-,Não,-,Não,-,Não,-,Não,-,Não existem Centros de Referência/Especializados ou Núcleos Integrados de Atendimento às Mulheres em Situação de Violência,-,-
1506112,PA,15,Quatipuru,11524,3 - 10001 até 20000,1 - Norte,Não,-,-,-,-,-,-,-,-,-,-,-,-,-,-,-,-,-,-,-,-,-,-,-,Não,-,-,-,Não,Não,Não,Não,Não,Não,Não,Não,Não,Não,Sim,Não,-,-,-,-,-,-,-,-,-,-,-,-,-,-,-,-,-,-,-,-,-,-,-,-,-,Não,-,-,-,-,-,-,-,-,-,-,-,-,-,-,-,Não,-,Não,-,Não,-,Não,-,Não,-,Não existem Centros de Referência/Especializados ou Núcleos Integrados de Atendimento às Mulheres em Situação de Violência,-,-
1506138,PA,15,Redenção,85597,5 - 50001 até 100000,1 - Norte,Não,-,-,-,-,-,-,-,-,-,-,-,-,-,-,-,-,-,-,-,-,-,-,-,Não,-,-,-,Não,Não,Não,Não,Não,Não,Não,Não,Não,Não,Sim,Não,-,-,-,-,-,-,-,-,-,-,-,-,-,-,-,-,-,-,-,-,-,-,-,-,-,Não,-,-,-,-,-,-,-,-,-,-,-,-,-,-,-,Não,-,Não,-,Não,-,Não,-,Não,-,Não existem Centros de Referência/Especializados ou Núcleos Integrados de Atendimento às Mulheres em Situação de Violência,-,-
1506161,PA,15,Rio Maria,18384,3 - 10001 até 20000,1 - Norte,Sim,Setor subordinado a outra secretaria,Sim,Não,Não,Não,Não,Não,Feminino,54,Branca,Sim,Especialização,Sim,Sim,Sim,Não,Sim,Sim,Sim,Não,Não,Sim,Não,Não,-,-,-,Não,Não,Sim,Não,Não,Não,Não,Não,Não,Não,Não,Não,-,-,-,-,-,-,-,-,-,-,-,-,-,-,-,-,-,-,-,-,-,-,-,-,-,Sim,1,Não,Sim,Não,Sim,Não,Não,Sim,Sim,Não,Sim,Não,Não,Não,-,Sim,1,Não,-,Sim,1,Não,-,Não,-,Não,-,-
1506187,PA,15,Rondon do Pará,53143,5 - 50001 até 100000,1 - Norte,Não,-,-,-,-,-,-,-,-,-,-,-,-,-,-,-,-,-,-,-,-,-,-,-,Não,-,-,-,Não,Não,Não,Não,Não,Não,Não,Não,Não,Não,Sim,Não,-,-,-,-,-,-,-,-,-,-,-,-,-,-,-,-,-,-,-,-,-,-,-,-,-,Não,-,-,-,-,-,-,-,-,-,-,-,-,-,-,-,Sim,1,Não,-,Não,-,Não,-,Não,-,Não,-,-
1506195,PA,15,Rurópolis,35769,4 - 20001 até 50000,1 - Norte,Não,-,-,-,-,-,-,-,-,-,-,-,-,-,-,-,-,-,-,-,-,-,-,-,Não,-,-,-,Não,Não,Não,Não,Não,Não,Não,Não,Não,Não,Sim,Sim,460,2023,"Foi criado, mas não foi instalado",-,-,-,-,-,-,-,-,-,-,-,-,-,-,-,-,-,-,-,-,-,-,Não,-,-,-,-,-,-,-,-,-,-,-,-,-,-,-,Não,-,Não,-,Não,-,Não,-,Não,-,Não existem Centros de Referência/Especializados ou Núcleos Integrados de Atendimento às Mulheres em Situação de Violência,-,-
1506203,PA,15,Salinópolis,44772,4 - 20001 até 50000,1 - Norte,Não,-,-,-,-,-,-,-,-,-,-,-,-,-,-,-,-,-,-,-,-,-,-,-,Não,-,-,-,Não,Sim,Não,Não,Não,Não,Não,Não,Não,Não,Não,Não,-,-,-,-,-,-,-,-,-,-,-,-,-,-,-,-,-,-,-,-,-,-,-,-,-,Não,-,-,-,-,-,-,-,-,-,-,-,-,-,-,-,Não,-,Não,-,Não,-,Não,-,Não,-,Não existem Centros de Referência/Especializados ou Núcleos Integrados de Atendimento às Mulheres em Situação de Violência,-,-
1506302,PA,15,Salvaterra,24129,4 - 20001 até 50000,1 - Norte,Não,-,-,-,-,-,-,-,-,-,-,-,-,-,-,-,-,-,-,-,-,-,-,-,Não,-,-,-,Não,Não,Sim,Sim,Sim,Não,Sim,Sim,Sim,Sim,Não,Não,-,-,-,-,-,-,-,-,-,-,-,-,-,-,-,-,-,-,-,-,-,-,-,-,-,Não,-,-,-,-,-,-,-,-,-,-,-,-,-,-,-,Sim,1,Sim,1,Não,-,Não,-,Não,-,Sim,Não,-
1506351,PA,15,Santa Bárbara do Pará,21087,4 - 20001 até 50000,1 - Norte,Não,-,-,-,-,-,-,-,-,-,-,-,-,-,-,-,-,-,-,-,-,-,-,-,Não,-,-,-,Não,Sim,Sim,Não,Não,Não,Não,Não,Não,Não,Não,Não,-,-,-,-,-,-,-,-,-,-,-,-,-,-,-,-,-,-,-,-,-,-,-,-,-,Não,-,-,-,-,-,-,-,-,-,-,-,-,-,-,-,Sim,1,Sim,1,Não,-,Sim,1,Não,-,Sim,Sim,4
1506401,PA,15,Santa Cruz do Arari,7445,2 - 5001 até 10000,1 - Norte,Não,-,-,-,-,-,-,-,-,-,-,-,-,-,-,-,-,-,-,-,-,-,-,-,Não,-,-,-,Não,Não,Não,Não,Não,Não,Não,Não,Não,Não,Sim,Não,-,-,-,-,-,-,-,-,-,-,-,-,-,-,-,-,-,-,-,-,-,-,-,-,-,Não,-,-,-,-,-,-,-,-,-,-,-,-,-,-,-,Não,-,Não,-,Não,-,Não,-,Não,-,Não existem Centros de Referência/Especializados ou Núcleos Integrados de Atendimento às Mulheres em Situação de Violência,-,-
1506500,PA,15,Santa Izabel do Pará,73019,5 - 50001 até 100000,1 - Norte,Não,-,-,-,-,-,-,-,-,-,-,-,-,-,-,-,-,-,-,-,-,-,-,-,Não,-,-,-,Não,Não,Sim,Não,Não,Não,Não,Não,Não,Não,Não,Não,-,-,-,-,-,-,-,-,-,-,-,-,-,-,-,-,-,-,-,-,-,-,-,-,-,Não,-,-,-,-,-,-,-,-,-,-,-,-,-,-,-,Não,-,Sim,1,Não,-,Não,-,Não,-,Não existem Centros de Referência/Especializados ou Núcleos Integrados de Atendimento às Mulheres em Situação de Violência,-,-
1506559,PA,15,Santa Luzia do Pará,20370,4 - 20001 até 50000,1 - Norte,Não,-,-,-,-,-,-,-,-,-,-,-,-,-,-,-,-,-,-,-,-,-,-,-,Não,-,-,-,Não,Não,Sim,Não,Não,Não,Não,Não,Não,Não,Não,Sim,242,2007,"Foi criado, mas não foi instalado",-,-,-,-,-,-,-,-,-,-,-,-,-,-,-,-,-,-,-,-,-,-,Não,-,-,-,-,-,-,-,-,-,-,-,-,-,-,-,Não,-,Não,-,Não,-,Não,-,Não,-,Não existem Centros de Referência/Especializados ou Núcleos Integrados de Atendimento às Mulheres em Situação de Violência,-,-
1506583,PA,15,Santa Maria das Barreiras,16548,3 - 10001 até 20000,1 - Norte,Não,-,-,-,-,-,-,-,-,-,-,-,-,-,-,-,-,-,-,-,-,-,-,-,Não,-,-,-,Não,Não,Sim,Não,Não,Não,Não,Não,Sim,Não,Não,Não,-,-,-,-,-,-,-,-,-,-,-,-,-,-,-,-,-,-,-,-,-,-,-,-,-,Não,-,-,-,-,-,-,-,-,-,-,-,-,-,-,-,Sim,1,Não,-,Não,-,Não,-,Não,-,Sim,Não,-
1506609,PA,15,Santa Maria do Pará,24624,4 - 20001 até 50000,1 - Norte,Não,-,-,-,-,-,-,-,-,-,-,-,-,-,-,-,-,-,-,-,-,-,-,-,Não,-,-,-,Não,Não,Não,Não,Não,Não,Não,Não,Não,Não,Sim,Não,-,-,-,-,-,-,-,-,-,-,-,-,-,-,-,-,-,-,-,-,-,-,-,-,-,Não,-,-,-,-,-,-,-,-,-,-,-,-,-,-,-,Não,-,Não,-,Não,-,Não,-,Não,-,Não existem Centros de Referência/Especializados ou Núcleos Integrados de Atendimento às Mulheres em Situação de Violência,-,-
1506708,PA,15,Santana do Araguaia,32413,4 - 20001 até 50000,1 - Norte,Não,-,-,-,-,-,-,-,-,-,-,-,-,-,-,-,-,-,-,-,-,-,-,-,Não,-,-,-,Não,Não,Não,Não,Não,Não,Não,Não,Não,Não,Sim,Não,-,-,-,-,-,-,-,-,-,-,-,-,-,-,-,-,-,-,-,-,-,-,-,-,-,Não,-,-,-,-,-,-,-,-,-,-,-,-,-,-,-,Não,-,Sim,5,Não,-,Não,-,Não,-,Não existem Centros de Referência/Especializados ou Núcleos Integrados de Atendimento às Mulheres em Situação de Violência,-,-
1506807,PA,15,Santarém,331942,6 - 100001 até 500000,1 - Norte,Sim,Setor subordinado a outra secretaria,Sim,Não,Não,Não,Não,Sim,Feminino,53,Parda,Não,Ensino superior completo,Não,Sim,Não,Não,Sim,Não,Não,Não,Não,Não,Não,Não,-,-,-,Não,Sim,Sim,Sim,Sim,Não,Sim,Sim,Sim,Sim,Não,Sim,1849,2009,Ativo,Paritário,Sim,Sim,Não,Sim,12,26,Sim,Não,Não,Sim,Sim,Sim,Sim,Sim,Não,Sim,Não,Não,Não,Ao órgão gestor da assistência social,Representante do governo,Sim,1,"Sim, de todas",Sim,Sim,Sim,Sim,Sim,Não,Não,Não,Não,Não,Não,Não,-,Sim,1,Sim,17,Não,-,Não,-,Não,-,Sim,Sim,635
1506906,PA,15,Santarém Novo,6116,2 - 5001 até 10000,1 - Norte,Não,-,-,-,-,-,-,-,-,-,-,-,-,-,-,-,-,-,-,-,-,-,-,-,Não,-,-,-,Não,Sim,Não,Não,Não,Não,Não,Não,Não,Não,Não,Não,-,-,-,-,-,-,-,-,-,-,-,-,-,-,-,-,-,-,-,-,-,-,-,-,-,Não,-,-,-,-,-,-,-,-,-,-,-,-,-,-,-,Não,-,Não,-,Não,-,Não,-,Não,-,Não existem Centros de Referência/Especializados ou Núcleos Integrados de Atendimento às Mulheres em Situação de Violência,-,-
1507003,PA,15,Santo Antônio do Tauá,27461,4 - 20001 até 50000,1 - Norte,Não,-,-,-,-,-,-,-,-,-,-,-,-,-,-,-,-,-,-,-,-,-,-,-,Não,-,-,-,Não,Não,Não,Não,Não,Não,Não,Não,Não,Não,Sim,Não,-,-,-,-,-,-,-,-,-,-,-,-,-,-,-,-,-,-,-,-,-,-,-,-,-,Não,-,-,-,-,-,-,-,-,-,-,-,-,-,-,-,Não,-,Não,-,Não,-,Não,-,Não,-,Não existem Centros de Referência/Especializados ou Núcleos Integrados de Atendimento às Mulheres em Situação de Violência,-,-
1507102,PA,15,São Caetano de Odivelas,16666,3 - 10001 até 20000,1 - Norte,Não,-,-,-,-,-,-,-,-,-,-,-,-,-,-,-,-,-,-,-,-,-,-,-,Não,-,-,-,Não,Não,Não,Não,Não,Não,Não,Não,Não,Não,Sim,Não,-,-,-,-,-,-,-,-,-,-,-,-,-,-,-,-,-,-,-,-,-,-,-,-,-,Não,-,-,-,-,-,-,-,-,-,-,-,-,-,-,-,Sim,1,Não,-,Não,-,Não,-,Não,-,Sim,Sim,27
1507151,PA,15,São Domingos do Araguaia,21092,4 - 20001 até 50000,1 - Norte,Não,-,-,-,-,-,-,-,-,-,-,-,-,-,-,-,-,-,-,-,-,-,-,-,Não,-,-,-,Não,Não,Não,Não,Não,Não,Não,Não,Não,Não,Sim,Não,-,-,-,-,-,-,-,-,-,-,-,-,-,-,-,-,-,-,-,-,-,-,-,-,-,Não,-,-,-,-,-,-,-,-,-,-,-,-,-,-,-,Não,-,Não,-,Não,-,Não,-,Não,-,Não,-,-
1507201,PA,15,São Domingos do Capim,30599,4 - 20001 até 50000,1 - Norte,Sim,Setor subordinado a outra secretaria,Sim,Não,Não,Não,Não,Não,Feminino,34,Preta,Não,Especialização,Não,Não,Não,Não,Sim,Não,Não,Não,Não,Não,Não,Não,-,-,-,Não,Não,Não,Não,Não,Não,Não,Não,Não,Não,Sim,Sim,909,2020,Ativo,Paritário,Sim,Não,Não,Não,10,20,Não,Não,Sim,Sim,Sim,Sim,Sim,Sim,Não,Não,Não,Não,Não,Ao órgão gestor da assistência social,Representante da sociedade civil,Não,-,-,-,-,-,-,-,-,-,-,-,-,-,-,-,Não,-,Não,-,Não,-,Não,-,Não,-,Não,-,-
1507300,PA,15,São Félix do Xingu,65418,5 - 50001 até 100000,1 - Norte,Sim,Setor subordinado a outra secretaria,Sim,Não,Não,Não,Não,Não,Feminino,58,Branca,Não,Especialização,Sim,Sim,Sim,Sim,Sim,Não,Não,Não,Não,Sim,Sim,Não,-,-,-,Não,Não,Sim,Não,Não,Não,Não,Não,Não,Não,Não,Sim,306,2009,Inativo,-,-,-,-,-,-,-,-,-,-,-,-,-,-,-,-,-,-,-,-,-,-,Não,-,-,-,-,-,-,-,-,-,-,-,-,-,-,-,Não,-,Não,-,Não,-,Não,-,Não,-,Não,-,-
1507409,PA,15,São Francisco do Pará,14894,3 - 10001 até 20000,1 - Norte,Não,-,-,-,-,-,-,-,-,-,-,-,-,-,-,-,-,-,-,-,-,-,-,-,Não,-,-,-,Não,Não,Sim,Não,Não,Não,Não,Não,Não,Não,Não,Não,-,-,-,-,-,-,-,-,-,-,-,-,-,-,-,-,-,-,-,-,-,-,-,-,-,Não,-,-,-,-,-,-,-,-,-,-,-,-,-,-,-,Não,-,Sim,1,Não,-,Não,-,Não,-,Não existem Centros de Referência/Especializados ou Núcleos Integrados de Atendimento às Mulheres em Situação de Violência,-,-
1507458,PA,15,São Geraldo do Araguaia,24255,4 - 20001 até 50000,1 - Norte,Não,-,-,-,-,-,-,-,-,-,-,-,-,-,-,-,-,-,-,-,-,-,-,-,Não,-,-,-,Não,Não,Sim,Sim,Não,Não,Sim,Não,Sim,Sim,Não,Sim,544,2022,Ativo,Paritário,Sim,Sim,Não,Não,12,18,Não,Sim,Não,Sim,Não,Não,Não,Não,Não,Não,Sim,Não,Não,Ao órgão gestor da assistência social,Representante da sociedade civil,Não,-,-,-,-,-,-,-,-,-,-,-,-,-,-,-,Não,-,Não,-,Não,-,Não,-,Não,-,Não existem Centros de Referência/Especializados ou Núcleos Integrados de Atendimento às Mulheres em Situação de Violência,-,-
1507466,PA,15,São João da Ponta,4430,1 - Até 5000,1 - Norte,Não,-,-,-,-,-,-,-,-,-,-,-,-,-,-,-,-,-,-,-,-,-,-,-,Não,-,-,-,Não,Não,Não,Sim,Não,Não,Não,Não,Não,Não,Não,Não,-,-,-,-,-,-,-,-,-,-,-,-,-,-,-,-,-,-,-,-,-,-,-,-,-,Não,-,-,-,-,-,-,-,-,-,-,-,-,-,-,-,Não,-,Não,-,Não,-,Não,-,Não,-,Não existem Centros de Referência/Especializados ou Núcleos Integrados de Atendimento às Mulheres em Situação de Violência,-,-
1507474,PA,15,São João de Pirabas,20689,4 - 20001 até 50000,1 - Norte,Não,-,-,-,-,-,-,-,-,-,-,-,-,-,-,-,-,-,-,-,-,-,-,-,Não,-,-,-,Não,Não,Não,Não,Não,Não,Não,Não,Não,Não,Sim,Não,-,-,-,-,-,-,-,-,-,-,-,-,-,-,-,-,-,-,-,-,-,-,-,-,-,Não,-,-,-,-,-,-,-,-,-,-,-,-,-,-,-,Não,-,Não,-,Não,-,Não,-,Não,-,Não existem Centros de Referência/Especializados ou Núcleos Integrados de Atendimento às Mulheres em Situação de Violência,-,-
1507508,PA,15,São João do Araguaia,13664,3 - 10001 até 20000,1 - Norte,Não,-,-,-,-,-,-,-,-,-,-,-,-,-,-,-,-,-,-,-,-,-,-,-,Não,-,-,-,Não,Não,Não,Não,Não,Não,Não,Não,Não,Não,Sim,Sim,2070,2022,Inativo,-,-,-,-,-,-,-,-,-,-,-,-,-,-,-,-,-,-,-,-,-,-,Não,-,-,-,-,-,-,-,-,-,-,-,-,-,-,-,Não,-,Não,-,Não,-,Não,-,Não,-,Não existem Centros de Referência/Especializados ou Núcleos Integrados de Atendimento às Mulheres em Situação de Violência,-,-
1507607,PA,15,São Miguel do Guamá,52894,5 - 50001 até 100000,1 - Norte,Sim,Setor subordinado a outra secretaria,Sim,Não,Não,Não,Não,Não,Feminino,32,Branca,Sim,Ensino superior completo,Sim,Não,Não,Não,Sim,Não,Não,Sim,Não,Sim,Não,Não,-,-,-,Não,Sim,Sim,Não,Sim,Não,Sim,Sim,Sim,Sim,Não,Sim,222,2011,Ativo,Tem maior representação da sociedade civil,Sim,Sim,Sim,Sim,18,46,Não,Não,Sim,Sim,Sim,Sim,Sim,Sim,Não,Sim,Sim,Não,Sim,Ao órgão gestor da assistência social,Há revezamento entre governo e sociedade civil,Não,-,-,-,-,-,-,-,-,-,-,-,-,-,-,-,Não,-,Não,-,Não,-,Não,-,Não,-,Não existem Centros de Referência/Especializados ou Núcleos Integrados de Atendimento às Mulheres em Situação de Violência,-,-
1507706,PA,15,São Sebastião da Boa Vista,25643,4 - 20001 até 50000,1 - Norte,Sim,Setor subordinado diretamente à chefia do Executivo,-,-,-,-,-,-,Feminino,39,Parda,Sim,Ensino superior incompleto,Sim,Sim,Não,Não,Sim,Não,Não,Não,Não,Não,Não,Não,-,-,-,Não,Não,Sim,Não,Não,Não,Não,Não,Sim,Não,Não,Sim,305,2022,Ativo,Paritário,Não,Sim,Não,Não,6,24,Não,Sim,Não,Sim,Não,Sim,Sim,Sim,Não,Não,Não,Não,Não,Ao órgão gestor da assistência social,Há revezamento entre governo e sociedade civil,Não,-,-,-,-,-,-,-,-,-,-,-,-,-,-,-,Não,-,Não,-,Não,-,Não,-,Não,-,Não existem Centros de Referência/Especializados ou Núcleos Integrados de Atendimento às Mulheres em Situação de Violência,-,-
1507755,PA,15,Sapucaia,5847,2 - 5001 até 10000,1 - Norte,Não,-,-,-,-,-,-,-,-,-,-,-,-,-,-,-,-,-,-,-,-,-,-,-,Não,-,-,-,Não,Não,Sim,Não,Não,Não,Sim,Não,Não,Não,Não,Não,-,-,-,-,-,-,-,-,-,-,-,-,-,-,-,-,-,-,-,-,-,-,-,-,-,Não,-,-,-,-,-,-,-,-,-,-,-,-,-,-,-,Não,-,Não,-,Não,-,Não,-,Não,-,Não existem Centros de Referência/Especializados ou Núcleos Integrados de Atendimento às Mulheres em Situação de Violência,-,-
1507805,PA,15,Senador José Porfírio,22576,4 - 20001 até 50000,1 - Norte,Não,-,-,-,-,-,-,-,-,-,-,-,-,-,-,-,-,-,-,-,-,-,-,-,Não,-,-,-,Não,Não,Não,Não,Não,Não,Não,Não,Não,Não,Sim,Não,-,-,-,-,-,-,-,-,-,-,-,-,-,-,-,-,-,-,-,-,-,-,-,-,-,Não,-,-,-,-,-,-,-,-,-,-,-,-,-,-,-,Não,-,Sim,1,Não,-,Não,-,Não,-,Não existem Centros de Referência/Especializados ou Núcleos Integrados de Atendimento às Mulheres em Situação de Violência,-,-
1507904,PA,15,Soure,24204,4 - 20001 até 50000,1 - Norte,Sim,Setor subordinado a outra secretaria,Sim,Não,Não,Não,Não,Não,Feminino,39,Branca,Não,Especialização,Não,Não,Não,Não,Sim,Não,Não,Não,Não,Sim,Não,Não,-,-,-,Não,Não,Sim,Não,Não,Não,Não,Não,Não,Não,Não,Não,-,-,-,-,-,-,-,-,-,-,-,-,-,-,-,-,-,-,-,-,-,-,-,-,-,Sim,1,"Sim, de todas",Sim,Não,Não,Não,Sim,Não,Sim,Não,Não,Sim,Sim,Não,-,Não,-,Sim,1,Não,-,Não,-,Não,-,Não existem Centros de Referência/Especializados ou Núcleos Integrados de Atendimento às Mulheres em Situação de Violência,-,-
1507953,PA,15,Tailândia,72493,5 - 50001 até 100000,1 - Norte,Não,-,-,-,-,-,-,-,-,-,-,-,-,-,-,-,-,-,-,-,-,-,-,-,Não,-,-,-,Não,Não,Sim,Não,Não,Não,Não,Não,Não,Não,Não,Não,-,-,-,-,-,-,-,-,-,-,-,-,-,-,-,-,-,-,-,-,-,-,-,-,-,Não,-,-,-,-,-,-,-,-,-,-,-,-,-,-,-,Sim,1,Não,-,Não,-,Não,-,Não,-,Sim,Sim,70
1507961,PA,15,Terra Alta,10400,3 - 10001 até 20000,1 - Norte,Não,-,-,-,-,-,-,-,-,-,-,-,-,-,-,-,-,-,-,-,-,-,-,-,Não,-,-,-,Não,Não,Não,Não,Não,Não,Não,Não,Não,Não,Sim,Não,-,-,-,-,-,-,-,-,-,-,-,-,-,-,-,-,-,-,-,-,-,-,-,-,-,Não,-,-,-,-,-,-,-,-,-,-,-,-,-,-,-,Não,-,Não,-,Não,-,Não,-,Não,-,Não existem Centros de Referência/Especializados ou Núcleos Integrados de Atendimento às Mulheres em Situação de Violência,-,-
1507979,PA,15,Terra Santa,18782,3 - 10001 até 20000,1 - Norte,Não,-,-,-,-,-,-,-,-,-,-,-,-,-,-,-,-,-,-,-,-,-,-,-,Não,-,-,-,Não,Não,Não,Não,Não,Não,Não,Não,Não,Não,Sim,Não,-,-,-,-,-,-,-,-,-,-,-,-,-,-,-,-,-,-,-,-,-,-,-,-,-,Não,-,-,-,-,-,-,-,-,-,-,-,-,-,-,-,Não,-,Não,-,Não,-,Não,-,Não,-,Não existem Centros de Referência/Especializados ou Núcleos Integrados de Atendimento às Mulheres em Situação de Violência,-,-
1508001,PA,15,Tomé-Açu,67585,5 - 50001 até 100000,1 - Norte,Não,-,-,-,-,-,-,-,-,-,-,-,-,-,-,-,-,-,-,-,-,-,-,-,Não,-,-,-,Não,Não,Não,Não,Não,Não,Não,Não,Não,Não,Sim,Não,-,-,-,-,-,-,-,-,-,-,-,-,-,-,-,-,-,-,-,-,-,-,-,-,-,Não,-,-,-,-,-,-,-,-,-,-,-,-,-,-,-,Não,-,Não,-,Não,-,Não,-,Não,-,Não existem Centros de Referência/Especializados ou Núcleos Integrados de Atendimento às Mulheres em Situação de Violência,-,-
1508035,PA,15,Tracuateua,28595,4 - 20001 até 50000,1 - Norte,Sim,Setor subordinado a outra secretaria,Sim,Não,Não,Não,Não,Não,Feminino,56,Parda,Não,Especialização,Sim,Não,Não,Não,Sim,Não,Não,Não,Não,Sim,Não,Não,-,-,-,Não,Não,Sim,Não,Não,Não,Não,Não,Não,Não,Não,Não,-,-,-,-,-,-,-,-,-,-,-,-,-,-,-,-,-,-,-,-,-,-,-,-,-,Não,-,-,-,-,-,-,-,-,-,-,-,-,-,-,-,Sim,2,Sim,1,Não,-,Não,-,Não,-,Não,-,-
1508050,PA,15,Trairão,15242,3 - 10001 até 20000,1 - Norte,Não,-,-,-,-,-,-,-,-,-,-,-,-,-,-,-,-,-,-,-,-,-,-,-,Não,-,-,-,Não,Não,Não,Não,Não,Não,Não,Não,Não,Não,Sim,Não,-,-,-,-,-,-,-,-,-,-,-,-,-,-,-,-,-,-,-,-,-,-,-,-,-,Não,-,-,-,-,-,-,-,-,-,-,-,-,-,-,-,Não,-,Não,-,Não,-,Não,-,Não,-,Não existem Centros de Referência/Especializados ou Núcleos Integrados de Atendimento às Mulheres em Situação de Violência,-,-
1508084,PA,15,Tucumã,39550,4 - 20001 até 50000,1 - Norte,Não,-,-,-,-,-,-,-,-,-,-,-,-,-,-,-,-,-,-,-,-,-,-,-,Não,-,-,-,Não,Não,Não,Não,Não,Não,Não,Não,Não,Não,Sim,Sim,311,2006,"Foi criado, mas não foi instalado",-,-,-,-,-,-,-,-,-,-,-,-,-,-,-,-,-,-,-,-,-,-,Não,-,-,-,-,-,-,-,-,-,-,-,-,-,-,-,Não,-,Não,-,Não,-,Não,-,Não,-,Não existem Centros de Referência/Especializados ou Núcleos Integrados de Atendimento às Mulheres em Situação de Violência,-,-
1508100,PA,15,Tucuruí,91306,5 - 50001 até 100000,1 - Norte,Não,-,-,-,-,-,-,-,-,-,-,-,-,-,-,-,-,-,-,-,-,-,-,-,Não,-,-,-,Sim,Sim,Sim,Não,Não,Não,Não,Não,Sim,Sim,Não,Sim,8221,2008,Ativo,Paritário,Não,Não,Não,Sim,19,20,Não,Não,Sim,Sim,Sim,Sim,Sim,Sim,Não,Não,Sim,Não,Não,Ao órgão gestor da assistência social,Há revezamento entre governo e sociedade civil,Não,-,-,-,-,-,-,-,-,-,-,-,-,-,-,-,Não,-,Não,-,Não,-,Não,-,Não,-,Não existem Centros de Referência/Especializados ou Núcleos Integrados de Atendimento às Mulheres em Situação de Violência,-,-
1508126,PA,15,Ulianópolis,37972,4 - 20001 até 50000,1 - Norte,Não,-,-,-,-,-,-,-,-,-,-,-,-,-,-,-,-,-,-,-,-,-,-,-,Não,-,-,-,Não,Não,Não,Não,Não,Não,Não,Não,Não,Sim,Não,Não,-,-,-,-,-,-,-,-,-,-,-,-,-,-,-,-,-,-,-,-,-,-,-,-,-,Não,-,-,-,-,-,-,-,-,-,-,-,-,-,-,-,Sim,1,Sim,5,Não,-,Não,-,Não,-,Sim,Sim,17
1508159,PA,15,Uruará,43558,4 - 20001 até 50000,1 - Norte,Não,-,-,-,-,-,-,-,-,-,-,-,-,-,-,-,-,-,-,-,-,-,-,-,Não,-,-,-,Não,Não,Não,Não,Não,Não,Não,Não,Não,Não,Sim,Não,-,-,-,-,-,-,-,-,-,-,-,-,-,-,-,-,-,-,-,-,-,-,-,-,-,Não,-,-,-,-,-,-,-,-,-,-,-,-,-,-,-,Não,-,Não,-,Não,-,Não,-,Não,-,Não existem Centros de Referência/Especializados ou Núcleos Integrados de Atendimento às Mulheres em Situação de Violência,-,-
1508209,PA,15,Vigia,50832,5 - 50001 até 100000,1 - Norte,Não,-,-,-,-,-,-,-,-,-,-,-,-,-,-,-,-,-,-,-,-,-,-,-,Não,-,-,-,Não,Não,Sim,Não,Não,Não,Não,Não,Não,Não,Não,Não,-,-,-,-,-,-,-,-,-,-,-,-,-,-,-,-,-,-,-,-,-,-,-,-,-,Não,-,-,-,-,-,-,-,-,-,-,-,-,-,-,-,Sim,1,Sim,1,Não,-,Não,-,Não,-,Não,-,-
1508308,PA,15,Viseu,58692,5 - 50001 até 100000,1 - Norte,Não,-,-,-,-,-,-,-,-,-,-,-,-,-,-,-,-,-,-,-,-,-,-,-,Não,-,-,-,Não,Não,Sim,Não,Não,Não,Não,Não,Não,Não,Não,Não,-,-,-,-,-,-,-,-,-,-,-,-,-,-,-,-,-,-,-,-,-,-,-,-,-,Não,-,-,-,-,-,-,-,-,-,-,-,-,-,-,-,Não,-,Não,-,Não,-,Não,-,Não,-,Não existem Centros de Referência/Especializados ou Núcleos Integrados de Atendimento às Mulheres em Situação de Violência,-,-
1508357,PA,15,Vitória do Xingu,15607,3 - 10001 até 20000,1 - Norte,Não,-,-,-,-,-,-,-,-,-,-,-,-,-,-,-,-,-,-,-,-,-,-,-,Não,-,-,-,Não,Não,Sim,Não,Não,Não,Não,Não,Não,Não,Não,Não,-,-,-,-,-,-,-,-,-,-,-,-,-,-,-,-,-,-,-,-,-,-,-,-,-,Não,-,-,-,-,-,-,-,-,-,-,-,-,-,-,-,Não,-,Sim,1,Sim,1,Não,-,Não,-,Não existem Centros de Referência/Especializados ou Núcleos Integrados de Atendimento às Mulheres em Situação de Violência,-,-
1508407,PA,15,Xinguara,52893,5 - 50001 até 100000,1 - Norte,Sim,Secretaria em conjunto com outras políticas setoriais,Sim,Não,Não,Não,Não,Não,Feminino,Não informou,Parda,Sim,Ensino superior completo,Sim,Sim,Não,Não,Sim,Sim,Não,Não,Não,Sim,Não,Não,-,-,-,Não,Não,Não,Não,Não,Não,Não,Não,Não,Não,Sim,Sim,752,2010,Ativo,Paritário,Sim,Sim,Não,Sim,4,10,Não,Sim,Não,Sim,Não,Sim,Sim,Sim,Não,Não,Não,Não,Não,Ao órgão gestor da assistência social,Representante do governo,Não,-,-,-,-,-,-,-,-,-,-,-,-,-,-,-,Sim,1,Não,-,Não,-,Não,-,Não,-,Sim,Sim,351
