CodMun,UF,Cod UF,Mun,PopMun,Faixa_pop,Regiao,MSEG01,MSEG03,MSEG04,MSEG05,MSEG051,MSEG06,MSEG07,MSEG071a,MSEG071b,MSEG071c,MSEG072,MSEG081,MSEG082,MSEG083,MSEG084,MSEG09,MSEG10,MSEG111,MSEG112,MSEG113,MSEG12,MSEG1211,MSEG1212,MSEG1213,MSEG1214,MSEG1215,MSEG1216,MSEG1217,MSEG1218,MSEG1219,MSEG13,MSEG14,MSEG15,MSEG161,MSEG162,MSEG163,MSEG164,MSEG165,MSEG166,MSEG167,MSEG168,MSEG169,MSEG1610,MSEG1611,MSEG17,MSEG18,MSEG19,MSEG27,MSEG271a,MSEG271b,MSEG281,MSEG282,MSEG283,MSEG291,MSEG292,MSEG293,MSEG294,MSEG295,MSEG296,MSEG301,MSEG302,MSEG303,MSEG311,MSEG312,MSEG313,MSEG314,MSEG315,MSEG316,MSEG317,MSEG318,MSEG319,MSEG3110,MSEG3111,MSEG3112,MSEG3113,MSEG3114,MSEG3115,MSEG3116,MSEG3117,MSEG3118,MSEG3119,MSEG3120,MSEG3121,MSEG3122,MSEG3123,MSEG32,MSEG33,MSEG34,MSEG35,MSEG361,MSEG362,MSEG363,MSEG364,MSEG37,MSEG381,MSEG382,MSEG383,MSEG384,MSEG385,MSEG386,MSEG387,MSEG388,MSEG389,MSEG3810,MSEG3811,MSEG3812,MSEG3813,MSEG3814,MSEG3815,MSEG3816,MSEG3817,MSEG3818,MSEG3819,MSEG3820,MSEG3821,MSEG3822,MSEG3823,MSEG391,MSEG392,MSEG393,MSEG394,MSEG395,MSEG396,MSEG397
1500107,PA,15,Abaetetuba,158188,6 - 100001 até 500000,1 - Norte,Não possui estrutura,-,-,-,-,-,Não,-,-,-,-,-,-,-,-,-,-,-,-,-,-,-,-,-,-,-,-,-,-,-,Não,Não,Não,Sim,Sim,Sim,Sim,Sim,Não,Sim,Sim,Não,Não,-,Sim,Sim,Sim,Não,-,-,-,-,-,-,-,-,-,-,-,-,-,-,-,-,-,-,-,-,-,-,-,-,-,-,-,-,-,-,-,-,-,-,-,-,-,-,-,-,-,-,-,-,-,-,-,-,-,-,-,-,-,-,-,-,-,-,-,-,-,-,-,-,-,-,-,-,-,-,-,-,-,-,-,-
1500131,PA,15,Abel Figueiredo,7030,2 - 5001 até 10000,1 - Norte,Não possui estrutura,-,-,-,-,-,Não,-,-,-,-,-,-,-,-,-,-,-,-,-,-,-,-,-,-,-,-,-,-,-,Não,Não,Não,Sim,Não,Não,Não,Não,Não,Não,Não,Não,Não,-,Não,Não,Não,Não,-,-,-,-,-,-,-,-,-,-,-,-,-,-,-,-,-,-,-,-,-,-,-,-,-,-,-,-,-,-,-,-,-,-,-,-,-,-,-,-,-,-,-,-,-,-,-,-,-,-,-,-,-,-,-,-,-,-,-,-,-,-,-,-,-,-,-,-,-,-,-,-,-,-,-,-
1500206,PA,15,Acará,59023,5 - 50001 até 100000,1 - Norte,Não possui estrutura,-,-,-,-,-,Sim,227,2018,Inativo,-,-,-,-,-,-,-,-,-,-,-,-,-,-,-,-,-,-,-,-,Não,Não,Não,Sim,Não,Não,Não,Não,Não,Não,Não,Não,Não,-,Não,Não,Não,Não,-,-,-,-,-,-,-,-,-,-,-,-,-,-,-,-,-,-,-,-,-,-,-,-,-,-,-,-,-,-,-,-,-,-,-,-,-,-,-,-,-,-,-,-,-,-,-,-,-,-,-,-,-,-,-,-,-,-,-,-,-,-,-,-,-,-,-,-,-,-,-,-,-,-,-,-
1500305,PA,15,Afuá,37765,4 - 20001 até 50000,1 - Norte,Setor subordinado diretamente à chefia do Executivo,Masculino,52,Branca,Não,Ensino superior completo,Sim,342,2011,Inativo,-,-,-,-,-,-,-,-,-,-,-,-,-,-,-,-,-,-,-,-,Não,Não,Sim,Sim,Não,Não,Não,Não,Não,Não,Não,Não,Não,-,Não,Sim,Sim,Não,-,-,-,-,-,-,-,-,-,-,-,-,-,-,-,-,-,-,-,-,-,-,-,-,-,-,-,-,-,-,-,-,-,-,-,-,-,-,-,-,-,-,-,-,-,-,-,-,-,-,-,-,-,-,-,-,-,-,-,-,-,-,-,-,-,-,-,-,-,-,-,-,-,-,-,-
1500347,PA,15,Água Azul do Norte,18080,3 - 10001 até 20000,1 - Norte,Setor subordinado diretamente à chefia do Executivo,Masculino,53,Branca,Não,Ensino médio (2º Grau) incompleto,Não,-,-,-,-,-,-,-,-,-,-,-,-,-,-,-,-,-,-,-,-,-,-,-,Não,Não,Não,Sim,Não,Não,Não,Não,Não,Não,Não,Não,Não,-,Não,Não,Não,Sim,446,2016,16,11,27,-,-,-,-,-,Sim,-,-,Sim,-,-,-,-,-,-,-,-,-,-,-,-,-,-,-,-,-,-,-,-,-,-,-,Outros,Nenhum tipo de arma,Sim,"Mais de R$1.000,00 a R$3.000,00",Sim,Não,Não,-,Não registram as ocorrências,Não,Não,Não,Não,Não,Não,Não,Não,Não,Não,Não,Não,Não,Não,Não,Não,Sim,Sim,Sim,Sim,Não,Não,Não,-,-,-,-,-,-,Sim
1500404,PA,15,Alenquer,69377,5 - 50001 até 100000,1 - Norte,Não possui estrutura,-,-,-,-,-,Não,-,-,-,-,-,-,-,-,-,-,-,-,-,-,-,-,-,-,-,-,-,-,-,Não,Não,Não,Sim,Não,Não,Não,Não,Não,Não,Não,Não,Não,-,Não,Sim,Não,Não,-,-,-,-,-,-,-,-,-,-,-,-,-,-,-,-,-,-,-,-,-,-,-,-,-,-,-,-,-,-,-,-,-,-,-,-,-,-,-,-,-,-,-,-,-,-,-,-,-,-,-,-,-,-,-,-,-,-,-,-,-,-,-,-,-,-,-,-,-,-,-,-,-,-,-,-
1500503,PA,15,Almeirim,34280,4 - 20001 até 50000,1 - Norte,Setor subordinado a outra secretaria,Masculino,47,Parda,Sim,Ensino superior completo,Não,-,-,-,-,-,-,-,-,-,-,-,-,-,-,-,-,-,-,-,-,-,-,-,Não,Não,Não,Sim,Não,Não,Não,Não,Não,Não,Não,Não,Não,-,Não,Sim,Não,Sim,148,1991,98,33,131,Sim,Não,Não,Não,Não,-,Não,Sim,-,Sim,Não,Sim,Sim,Não,Sim,Não,Não,Sim,Sim,Não,Não,Sim,Não,Sim,Não,Sim,Não,Sim,Sim,Não,-,-,Guarda Municipal,Nenhum tipo de arma,Não,"Até R$1.000,00",Não,Não,Não,Sim,Não registram as ocorrências,Sim,Não,Sim,Não,Sim,Sim,Sim,Sim,Sim,Sim,Sim,Não,Sim,Sim,Não,Não,Sim,Não,Sim,Não,Não,Sim,Não,Sim,Sim,Não,Não,Não,Não,-
1500602,PA,15,Altamira,126279,6 - 100001 até 500000,1 - Norte,Secretaria municipal em conjunto com outras políticas setoriais,Masculino,55,Parda,Sim,Ensino médio (2º Grau) completo,Sim,1614,2005,Inativo,-,-,-,-,-,-,-,-,-,-,-,-,-,-,-,-,-,-,-,-,Sim,Não,Sim,Sim,Sim,Não,Não,Não,Não,Sim,Sim,Não,Não,-,Sim,Sim,Sim,Sim,1521,2003,40,8,48,Sim,Não,Não,Não,Não,-,Não,Sim,-,Não,Não,Não,Sim,Não,Não,Não,Não,Não,Não,Não,Não,Sim,Não,Não,Não,Não,Não,Não,Sim,Não,-,-,Guarda Municipal,Apenas armas não letais,Sim,"Mais de R$3.000,00 a R$5.000,00",Sim,Sim,Não,-,Ambos,Sim,Não,Sim,Não,Sim,Sim,Sim,Sim,Sim,Sim,Sim,Sim,Sim,Sim,Sim,Não,Sim,Sim,Sim,Sim,Sim,Sim,Sim,Sim,Sim,Não,Não,Não,Não,-
1500701,PA,15,Anajás,28011,4 - 20001 até 50000,1 - Norte,Não possui estrutura,-,-,-,-,-,Não,-,-,-,-,-,-,-,-,-,-,-,-,-,-,-,-,-,-,-,-,-,-,-,Não,Não,Não,Sim,Não,Não,Não,Não,Não,Não,Não,Não,Não,-,Não,Sim,Não,Não,-,-,-,-,-,-,-,-,-,-,-,-,-,-,-,-,-,-,-,-,-,-,-,-,-,-,-,-,-,-,-,-,-,-,-,-,-,-,-,-,-,-,-,-,-,-,-,-,-,-,-,-,-,-,-,-,-,-,-,-,-,-,-,-,-,-,-,-,-,-,-,-,-,-,-,-
1500800,PA,15,Ananindeua,478778,6 - 100001 até 500000,1 - Norte,Secretaria municipal exclusiva,Masculino,65,Preta,Sim,Ensino superior completo,Sim,2727,2015,Ativo,Paritário,Sim,Sim,Sim,Sim,2,16,Não,Não,Sim,Sim,Não,Sim,Sim,Sim,Não,Não,Não,Não,Não,Não,Não,Sim,Sim,Sim,Não,Sim,Sim,Sim,Não,Sim,Não,Não,-,Não,Sim,Sim,Sim,1152,1992,156,20,176,Sim,Sim,Sim,Sim,Sim,-,Sim,Não,-,Sim,Não,Não,Sim,Sim,Sim,Sim,Sim,Sim,Sim,Sim,Sim,Sim,Sim,Sim,Sim,Sim,Sim,Sim,Sim,Não,-,-,Guarda Municipal,Nenhum tipo de arma,Não,"Mais de R$5.000,00",Sim,Sim,Sim,-,Apenas em livros/formulários impressos (registro manual),Sim,Sim,Sim,Não,Sim,Sim,Sim,Sim,Sim,Sim,Sim,Sim,Sim,Sim,Sim,Sim,Sim,Sim,Sim,Sim,Sim,Sim,Sim,Sim,Sim,Não,Não,Não,Não,-
1500859,PA,15,Anapu,31850,4 - 20001 até 50000,1 - Norte,Não possui estrutura,-,-,-,-,-,Sim,299,2018,"Foi criado, mas não foi instalado",-,-,-,-,-,-,-,-,-,-,-,-,-,-,-,-,-,-,-,-,Não,Não,Não,Sim,Não,Não,Não,Não,Não,Não,Não,Não,Não,-,Não,Sim,Não,Não,-,-,-,-,-,-,-,-,-,-,-,-,-,-,-,-,-,-,-,-,-,-,-,-,-,-,-,-,-,-,-,-,-,-,-,-,-,-,-,-,-,-,-,-,-,-,-,-,-,-,-,-,-,-,-,-,-,-,-,-,-,-,-,-,-,-,-,-,-,-,-,-,-,-,-,-
1500909,PA,15,Augusto Corrêa,44573,4 - 20001 até 50000,1 - Norte,Setor subordinado diretamente à chefia do Executivo,Masculino,50,Parda,Não,Ensino superior incompleto,Não,-,-,-,-,-,-,-,-,-,-,-,-,-,-,-,-,-,-,-,-,-,-,-,Não,Não,Não,Sim,Não,Não,Não,Não,Não,Não,Não,Não,Não,-,Não,Sim,Não,Sim,1940,2021,19,2,21,-,-,-,-,-,Sim,-,-,Sim,-,-,-,-,-,-,-,-,-,-,-,-,-,-,-,-,-,-,-,-,-,-,-,Guarda Municipal,Apenas armas não letais,Não,"Mais de R$1.000,00 a R$3.000,00",Não,Não,Não,Sim,Apenas em livros/formulários impressos (registro manual),Sim,Não,Sim,Sim,Sim,Sim,Sim,Sim,Sim,Sim,Sim,Sim,Sim,Sim,Sim,Sim,Sim,Sim,Sim,Sim,Sim,Sim,Sim,Sim,Sim,Não,Não,Não,Não,-
1500958,PA,15,Aurora do Pará,23774,4 - 20001 até 50000,1 - Norte,Não informou,Não informou,Não informou,Não informou,Não informou,Não informou,Não informou,Não informou,Não informou,Não informou,Não informou,Não informou,Não informou,Não informou,Não informou,Não informou,Não informou,Não informou,Não informou,Não informou,Não informou,Não informou,Não informou,Não informou,Não informou,Não informou,Não informou,Não informou,Não informou,Não informou,Não informou,Não informou,Não informou,Não informou,Não informou,Não informou,Não informou,Não informou,Não informou,Não informou,Não informou,Não informou,Não informou,Não informou,Não informou,Não informou,Não informou,Não informou,Não informou,Não informou,Não informou,Não informou,Não informou,Não informou,Não informou,Não informou,Não informou,Não informou,Não informou,Não informou,Não informou,Não informou,Não informou,Não informou,Não informou,Não informou,Não informou,Não informou,Não informou,Não informou,Não informou,Não informou,Não informou,Não informou,Não informou,Não informou,Não informou,Não informou,Não informou,Não informou,Não informou,Não informou,Não informou,Não informou,Não informou,Não informou,Não informou,Não informou,Não informou,Não informou,Não informou,Não informou,Não informou,Não informou,Não informou,Não informou,Não informou,Não informou,Não informou,Não informou,Não informou,Não informou,Não informou,Não informou,Não informou,Não informou,Não informou,Não informou,Não informou,Não informou,Não informou,Não informou,Não informou,Não informou,Não informou,Não informou,Não informou,Não informou,Não informou,Não informou,Não informou,Não informou,Não informou,Não informou
1501006,PA,15,Aveiro,18290,3 - 10001 até 20000,1 - Norte,Não possui estrutura,-,-,-,-,-,Não,-,-,-,-,-,-,-,-,-,-,-,-,-,-,-,-,-,-,-,-,-,-,-,Não,Não,Não,Sim,Não,Não,Não,Não,Não,Não,Não,Não,Não,-,Não,Não,Não,Não,-,-,-,-,-,-,-,-,-,-,-,-,-,-,-,-,-,-,-,-,-,-,-,-,-,-,-,-,-,-,-,-,-,-,-,-,-,-,-,-,-,-,-,-,-,-,-,-,-,-,-,-,-,-,-,-,-,-,-,-,-,-,-,-,-,-,-,-,-,-,-,-,-,-,-,-
1501105,PA,15,Bagre,31892,4 - 20001 até 50000,1 - Norte,Não possui estrutura,-,-,-,-,-,Não,-,-,-,-,-,-,-,-,-,-,-,-,-,-,-,-,-,-,-,-,-,-,-,Não,Não,Não,Sim,Não,Não,Não,Não,Não,Não,Não,Não,Não,-,Não,Não,Não,Não,-,-,-,-,-,-,-,-,-,-,-,-,-,-,-,-,-,-,-,-,-,-,-,-,-,-,-,-,-,-,-,-,-,-,-,-,-,-,-,-,-,-,-,-,-,-,-,-,-,-,-,-,-,-,-,-,-,-,-,-,-,-,-,-,-,-,-,-,-,-,-,-,-,-,-,-
1501204,PA,15,Baião,51641,5 - 50001 até 100000,1 - Norte,Secretaria municipal exclusiva,Masculino,60,Parda,Sim,Ensino superior incompleto,Sim,1428,2010,Inativo,-,-,-,-,-,-,-,-,-,-,-,-,-,-,-,-,-,-,-,-,Não,Não,Sim,Sim,Não,Não,Não,Não,Não,Não,Não,Não,Não,-,Não,Sim,Não,Sim,6,2011,28,7,35,Não,Não,Não,Não,Sim,-,-,-,Sim,-,-,-,-,-,-,-,-,-,-,-,-,-,-,-,-,-,-,-,-,-,-,-,Guarda Municipal,Nenhum tipo de arma,Não,"Mais de R$1.000,00 a R$3.000,00",Não,Não,Não,Sim,Apenas em livros/formulários impressos (registro manual),Sim,Não,Sim,Sim,Sim,Sim,Sim,Não,Sim,Sim,Sim,Não,Sim,Sim,Não,Não,Sim,Sim,Sim,Sim,Sim,Sim,Sim,Não,Sim,Não,Não,Não,Não,-
1501253,PA,15,Bannach,4031,1 - Até 5000,1 - Norte,Setor subordinado a outra secretaria,Masculino,45,Parda,Não,Ensino médio (2º Grau) completo,Não,-,-,-,-,-,-,-,-,-,-,-,-,-,-,-,-,-,-,-,-,-,-,-,Não,Não,Não,Sim,Não,Não,Não,Não,Não,Não,Não,Não,Não,-,Não,Não,Não,Não,-,-,-,-,-,-,-,-,-,-,-,-,-,-,-,-,-,-,-,-,-,-,-,-,-,-,-,-,-,-,-,-,-,-,-,-,-,-,-,-,-,-,-,-,-,-,-,-,-,-,-,-,-,-,-,-,-,-,-,-,-,-,-,-,-,-,-,-,-,-,-,-,-,-,-,-
1501303,PA,15,Barcarena,126650,6 - 100001 até 500000,1 - Norte,Secretaria municipal em conjunto com outras políticas setoriais,Masculino,74,Parda,Sim,Especialização,Não,-,-,-,-,-,-,-,-,-,-,-,-,-,-,-,-,-,-,-,-,-,-,-,Sim,Não,Não,Sim,Não,Não,Não,Sim,Sim,Não,Sim,Não,Não,-,Não,Sim,Sim,Não,-,-,-,-,-,-,-,-,-,-,-,-,-,-,-,-,-,-,-,-,-,-,-,-,-,-,-,-,-,-,-,-,-,-,-,-,-,-,-,-,-,-,-,-,-,-,-,-,-,-,-,-,-,-,-,-,-,-,-,-,-,-,-,-,-,-,-,-,-,-,-,-,-,-,-,-
1501402,PA,15,Belém,1303403,7 - Maior que 500000,1 - Norte,Secretaria municipal exclusiva,Masculino,54,Parda,Sim,Ensino superior completo,Sim,9917,2023,"Foi criado, mas não foi instalado",-,-,-,-,-,-,-,-,-,-,-,-,-,-,-,-,-,-,-,-,Não,Não,Não,Sim,Sim,Sim,Sim,Sim,Não,Sim,Sim,Sim,Sim,-,Sim,Sim,Sim,Sim,7346,1986,942,165,1107,Sim,Não,Não,Não,Sim,-,Sim,Não,-,Sim,Sim,Sim,Sim,Sim,Não,Sim,Sim,Sim,Não,Sim,Sim,Não,Sim,Sim,Não,Sim,Sim,Sim,Sim,Sim,-,-,Guarda Municipal,Armas de fogo e não letais,Sim,"Mais de R$3.000,00 a R$5.000,00",Sim,Sim,Não,-,Ambos,Sim,Sim,Sim,Não,Sim,Sim,Sim,Sim,Sim,Sim,Sim,Não,Sim,Sim,Sim,Sim,Sim,Sim,Sim,Sim,Sim,Sim,Sim,Sim,Sim,Não,Não,Não,Não,-
1501451,PA,15,Belterra,18099,3 - 10001 até 20000,1 - Norte,Não possui estrutura,-,-,-,-,-,Não,-,-,-,-,-,-,-,-,-,-,-,-,-,-,-,-,-,-,-,-,-,-,-,Não,Não,Não,Sim,Não,Não,Não,Não,Não,Não,Não,Não,Não,-,Não,Não,Não,Não,-,-,-,-,-,-,-,-,-,-,-,-,-,-,-,-,-,-,-,-,-,-,-,-,-,-,-,-,-,-,-,-,-,-,-,-,-,-,-,-,-,-,-,-,-,-,-,-,-,-,-,-,-,-,-,-,-,-,-,-,-,-,-,-,-,-,-,-,-,-,-,-,-,-,-,-
1501501,PA,15,Benevides,63567,5 - 50001 até 100000,1 - Norte,Secretaria municipal em conjunto com outras políticas setoriais,Masculino,29,Parda,Não,Especialização,Não,-,-,-,-,-,-,-,-,-,-,-,-,-,-,-,-,-,-,-,-,-,-,-,Não,Não,Não,Sim,Não,Não,Não,Não,Não,Não,Não,Não,Não,-,Não,Não,Não,Sim,1118,2013,16,1,17,Sim,Sim,Sim,Não,Não,-,Não,Sim,-,-,-,-,-,-,-,-,-,-,-,-,-,-,-,-,-,-,-,-,-,-,Sim,-,Civil,Apenas armas não letais,Não,"Mais de R$1.000,00 a R$3.000,00",Não,Não,Não,Sim,Apenas em livros/formulários impressos (registro manual),Sim,Não,Sim,Não,Não,Sim,Sim,Sim,Sim,Sim,Sim,Sim,Sim,Sim,Não,Sim,Não,Sim,Sim,Sim,Sim,Sim,Não,Sim,Sim,Não,Não,Não,Não,-
1501576,PA,15,Bom Jesus do Tocantins,18005,3 - 10001 até 20000,1 - Norte,Setor subordinado diretamente à chefia do Executivo,Masculino,60,Parda,Sim,Ensino fundamental (1º Grau) incompleto,Não,-,-,-,-,-,-,-,-,-,-,-,-,-,-,-,-,-,-,-,-,-,-,-,Sim,Sim,Sim,Sim,Não,Não,Não,Não,Não,Não,Não,Não,Não,-,Não,Não,Não,Sim,362,2011,11,1,12,Não,Sim,Não,Não,Não,-,Sim,Não,-,Sim,Não,Sim,Sim,Sim,Sim,Sim,Não,Sim,Não,Não,Não,Não,Sim,Sim,Sim,Não,Não,Sim,Sim,Não,-,-,Policial Civil,Apenas armas não letais,Não,"Mais de R$1.000,00 a R$3.000,00",Não,Não,Não,Sim,Apenas em livros/formulários impressos (registro manual),Sim,Não,Sim,Não,Não,Sim,Sim,Não,Sim,Sim,Não,Sim,Sim,Não,Não,Sim,Sim,Sim,Sim,Sim,Sim,Sim,Não,Sim,Sim,Não,Não,Não,Não,-
1501600,PA,15,Bonito,12622,3 - 10001 até 20000,1 - Norte,Não possui estrutura,-,-,-,-,-,Não,-,-,-,-,-,-,-,-,-,-,-,-,-,-,-,-,-,-,-,-,-,-,-,Não,Não,Não,Sim,Não,Não,Não,Não,Não,Não,Não,Não,Não,-,Não,Sim,Não,Não,-,-,-,-,-,-,-,-,-,-,-,-,-,-,-,-,-,-,-,-,-,-,-,-,-,-,-,-,-,-,-,-,-,-,-,-,-,-,-,-,-,-,-,-,-,-,-,-,-,-,-,-,-,-,-,-,-,-,-,-,-,-,-,-,-,-,-,-,-,-,-,-,-,-,-,-
1501709,PA,15,Bragança,123082,6 - 100001 até 500000,1 - Norte,Secretaria municipal em conjunto com outras políticas setoriais,Masculino,40,Parda,Não,Ensino superior completo,Sim,4764,2022,Ativo,Tem maior representação governamental,Sim,Sim,Sim,Não,2,36,Não,Não,Sim,Sim,Não,Sim,Sim,Sim,Não,Não,Não,Não,Sim,Sim,Não,Não,Sim,Não,Não,Não,Não,Não,Não,Sim,Não,Não,-,Sim,Sim,Sim,Sim,3526,2001,48,19,67,Não,Não,Não,Não,Sim,-,Sim,Não,-,Sim,Sim,Não,Não,Não,Não,Não,Não,Não,Não,Não,Não,Não,Não,Não,Não,Não,Não,Sim,Não,Não,-,-,Guarda Municipal,Apenas armas não letais,Não,"Mais de R$1.000,00 a R$3.000,00",Não,Não,Não,Sim,Apenas em livros/formulários impressos (registro manual),Sim,Sim,Sim,Não,Sim,Não,Sim,Sim,Sim,Sim,Sim,Não,Sim,Sim,Sim,Não,Sim,Sim,Sim,Sim,Sim,Sim,Sim,Sim,Sim,Não,Não,Não,Não,-
1501725,PA,15,Brasil Novo,24718,4 - 20001 até 50000,1 - Norte,Não possui estrutura,-,-,-,-,-,Sim,352,2023,"Foi criado, mas não foi instalado",-,-,-,-,-,-,-,-,-,-,-,-,-,-,-,-,-,-,-,-,Não,Não,Não,Sim,Não,Não,Não,Não,Não,Não,Não,Não,Não,-,Não,Sim,Não,Não,-,-,-,-,-,-,-,-,-,-,-,-,-,-,-,-,-,-,-,-,-,-,-,-,-,-,-,-,-,-,-,-,-,-,-,-,-,-,-,-,-,-,-,-,-,-,-,-,-,-,-,-,-,-,-,-,-,-,-,-,-,-,-,-,-,-,-,-,-,-,-,-,-,-,-,-
1501758,PA,15,Brejo Grande do Araguaia,6783,2 - 5001 até 10000,1 - Norte,Não possui estrutura,-,-,-,-,-,Não,-,-,-,-,-,-,-,-,-,-,-,-,-,-,-,-,-,-,-,-,-,-,-,Não,Não,Não,Sim,Não,Não,Não,Não,Não,Não,Não,Não,Não,-,Não,Não,Não,Não,-,-,-,-,-,-,-,-,-,-,-,-,-,-,-,-,-,-,-,-,-,-,-,-,-,-,-,-,-,-,-,-,-,-,-,-,-,-,-,-,-,-,-,-,-,-,-,-,-,-,-,-,-,-,-,-,-,-,-,-,-,-,-,-,-,-,-,-,-,-,-,-,-,-,-,-
1501782,PA,15,Breu Branco,45712,4 - 20001 até 50000,1 - Norte,Não possui estrutura,-,-,-,-,-,Não,-,-,-,-,-,-,-,-,-,-,-,-,-,-,-,-,-,-,-,-,-,-,-,Não,Não,Não,Sim,Não,Não,Não,Não,Não,Não,Não,Não,Não,-,Não,Não,Não,Não,-,-,-,-,-,-,-,-,-,-,-,-,-,-,-,-,-,-,-,-,-,-,-,-,-,-,-,-,-,-,-,-,-,-,-,-,-,-,-,-,-,-,-,-,-,-,-,-,-,-,-,-,-,-,-,-,-,-,-,-,-,-,-,-,-,-,-,-,-,-,-,-,-,-,-,-
1501808,PA,15,Breves,106968,6 - 100001 até 500000,1 - Norte,Setor subordinado diretamente à chefia do Executivo,Masculino,60,Branca,Não,Ensino superior incompleto,Não,-,-,-,-,-,-,-,-,-,-,-,-,-,-,-,-,-,-,-,-,-,-,-,Não,Não,Não,Sim,Não,Não,Não,Não,Não,Não,Sim,Não,Não,-,Não,Sim,Sim,Sim,2040,2003,59,3,62,Sim,Sim,Não,Não,Sim,-,Não,Sim,-,-,-,-,-,-,-,-,-,-,-,-,-,-,-,-,-,-,-,-,-,-,Sim,-,Guarda Municipal,Apenas armas não letais,Sim,"Mais de R$1.000,00 a R$3.000,00",Sim,Sim,Não,-,Apenas em livros/formulários impressos (registro manual),Sim,Não,Não,Não,Sim,Sim,Sim,Sim,Sim,Sim,Sim,Sim,Sim,Sim,Sim,Não,Sim,Sim,Sim,Sim,Sim,Sim,Não,Sim,Sim,Não,Não,Não,Não,-
1501907,PA,15,Bujaru,24383,4 - 20001 até 50000,1 - Norte,Não possui estrutura,-,-,-,-,-,Não,-,-,-,-,-,-,-,-,-,-,-,-,-,-,-,-,-,-,-,-,-,-,-,Não,Não,Não,Sim,Não,Não,Não,Não,Não,Não,Não,Não,Não,-,Não,Não,Não,Não,-,-,-,-,-,-,-,-,-,-,-,-,-,-,-,-,-,-,-,-,-,-,-,-,-,-,-,-,-,-,-,-,-,-,-,-,-,-,-,-,-,-,-,-,-,-,-,-,-,-,-,-,-,-,-,-,-,-,-,-,-,-,-,-,-,-,-,-,-,-,-,-,-,-,-,-
1501956,PA,15,Cachoeira do Piriá,19630,3 - 10001 até 20000,1 - Norte,Não possui estrutura,-,-,-,-,-,Não,-,-,-,-,-,-,-,-,-,-,-,-,-,-,-,-,-,-,-,-,-,-,-,Não,Não,Não,Sim,Não,Não,Não,Não,Não,Não,Não,Não,Não,-,Não,Não,Não,Não,-,-,-,-,-,-,-,-,-,-,-,-,-,-,-,-,-,-,-,-,-,-,-,-,-,-,-,-,-,-,-,-,-,-,-,-,-,-,-,-,-,-,-,-,-,-,-,-,-,-,-,-,-,-,-,-,-,-,-,-,-,-,-,-,-,-,-,-,-,-,-,-,-,-,-,-
1502004,PA,15,Cachoeira do Arari,23981,4 - 20001 até 50000,1 - Norte,Não possui estrutura,-,-,-,-,-,Não,-,-,-,-,-,-,-,-,-,-,-,-,-,-,-,-,-,-,-,-,-,-,-,Não,Não,Não,Sim,Não,Não,Não,Não,Não,Não,Não,Não,Não,-,Não,Sim,Não,Não,-,-,-,-,-,-,-,-,-,-,-,-,-,-,-,-,-,-,-,-,-,-,-,-,-,-,-,-,-,-,-,-,-,-,-,-,-,-,-,-,-,-,-,-,-,-,-,-,-,-,-,-,-,-,-,-,-,-,-,-,-,-,-,-,-,-,-,-,-,-,-,-,-,-,-,-
1502103,PA,15,Cametá,134184,6 - 100001 até 500000,1 - Norte,Setor subordinado diretamente à chefia do Executivo,Masculino,30,Branca,Sim,Ensino superior completo,Não,-,-,-,-,-,-,-,-,-,-,-,-,-,-,-,-,-,-,-,-,-,-,-,Não,Não,Não,Sim,Não,Não,Não,Não,Não,Não,Sim,Não,Não,-,Não,Sim,Sim,Sim,400,2022,0,0,0,-,-,-,-,-,Sim,-,-,Sim,-,-,-,-,-,-,-,-,-,-,-,-,-,-,-,-,-,-,-,-,-,-,-,Guarda Municipal,Armas de fogo e não letais,Sim,"Mais de R$1.000,00 a R$3.000,00",Não,Não,Não,Sim,Não registram as ocorrências,Sim,Não,Não,Sim,Sim,Sim,Sim,Sim,Sim,Sim,Não,Não,Sim,Não,Não,Sim,Sim,Sim,Sim,Sim,Sim,Sim,Não,-,-,-,-,-,-,Sim
1502152,PA,15,Canaã dos Carajás,77079,5 - 50001 até 100000,1 - Norte,Secretaria municipal em conjunto com outras políticas setoriais,Feminino,46,Branca,Sim,Especialização,Não,-,-,-,-,-,-,-,-,-,-,-,-,-,-,-,-,-,-,-,-,-,-,-,Não,Não,Não,Sim,Não,Não,Não,Não,Sim,Não,Sim,Não,Não,-,Não,Sim,Sim,Não,-,-,-,-,-,-,-,-,-,-,-,-,-,-,-,-,-,-,-,-,-,-,-,-,-,-,-,-,-,-,-,-,-,-,-,-,-,-,-,-,-,-,-,-,-,-,-,-,-,-,-,-,-,-,-,-,-,-,-,-,-,-,-,-,-,-,-,-,-,-,-,-,-,-,-,-
1502202,PA,15,Capanema,70394,5 - 50001 até 100000,1 - Norte,Setor subordinado diretamente à chefia do Executivo,Masculino,67,Branca,Não,Ensino superior completo,Sim,5073,1991,Inativo,-,-,-,-,-,-,-,-,-,-,-,-,-,-,-,-,-,-,-,-,Não,Não,Sim,Sim,Sim,Não,Sim,Sim,Não,Não,Sim,Não,Não,-,Não,Sim,Sim,Sim,5123,1991,17,4,21,Sim,Não,Não,Sim,Não,-,Não,Sim,-,Sim,Não,Sim,Sim,Sim,Sim,Sim,Não,Não,Não,Não,Sim,Não,Sim,Sim,Não,Sim,Sim,Sim,Sim,Não,-,-,Guarda Municipal,Apenas armas não letais,Sim,"Mais de R$1.000,00 a R$3.000,00",Sim,Sim,Não,-,Apenas em livros/formulários impressos (registro manual),Sim,Não,Não,Não,Não,Sim,Sim,Sim,Sim,Sim,Não,Sim,Sim,Não,Sim,Não,Sim,Sim,Sim,Sim,Sim,Sim,Sim,Sim,Sim,Não,Não,Não,Não,-
1502301,PA,15,Capitão Poço,56506,5 - 50001 até 100000,1 - Norte,Setor subordinado a outra secretaria,Masculino,47,Parda,Sim,Ensino médio (2º Grau) completo,Não,-,-,-,-,-,-,-,-,-,-,-,-,-,-,-,-,-,-,-,-,-,-,-,Não,Não,Não,Sim,Não,Não,Não,Não,Não,Não,Não,Não,Não,-,Não,Sim,Não,Não,-,-,-,-,-,-,-,-,-,-,-,-,-,-,-,-,-,-,-,-,-,-,-,-,-,-,-,-,-,-,-,-,-,-,-,-,-,-,-,-,-,-,-,-,-,-,-,-,-,-,-,-,-,-,-,-,-,-,-,-,-,-,-,-,-,-,-,-,-,-,-,-,-,-,-,-
1502400,PA,15,Castanhal,192256,6 - 100001 até 500000,1 - Norte,Setor subordinado diretamente à chefia do Executivo,Masculino,42,Parda,Sim,Ensino superior incompleto,Não,-,-,-,-,-,-,-,-,-,-,-,-,-,-,-,-,-,-,-,-,-,-,-,Não,Não,Sim,Sim,Sim,Não,Não,Não,Não,Não,Sim,Não,Não,-,Sim,Sim,Sim,Sim,5213,2013,359,30,389,Sim,Não,Não,Não,Sim,-,Não,Sim,-,Sim,Sim,Sim,Sim,Não,Sim,Sim,Não,Sim,Sim,Não,Não,Sim,Sim,Sim,Sim,Sim,Sim,Sim,Sim,Não,-,-,Guarda Municipal,Apenas arma de fogo,Sim,"Mais de R$3.000,00 a R$5.000,00",Sim,Não,Não,-,Apenas em livros/formulários impressos (registro manual),Sim,Não,Sim,Sim,Sim,Sim,Sim,Sim,Sim,Sim,Não,Não,Sim,Sim,Sim,Sim,Sim,Sim,Sim,Sim,Sim,Sim,Sim,Sim,Sim,Não,Não,Não,Não,-
1502509,PA,15,Chaves,20757,4 - 20001 até 50000,1 - Norte,Não possui estrutura,-,-,-,-,-,Não,-,-,-,-,-,-,-,-,-,-,-,-,-,-,-,-,-,-,-,-,-,-,-,Não,Não,Não,Sim,Não,Não,Não,Não,Não,Não,Não,Não,Não,-,Não,Sim,Não,Não,-,-,-,-,-,-,-,-,-,-,-,-,-,-,-,-,-,-,-,-,-,-,-,-,-,-,-,-,-,-,-,-,-,-,-,-,-,-,-,-,-,-,-,-,-,-,-,-,-,-,-,-,-,-,-,-,-,-,-,-,-,-,-,-,-,-,-,-,-,-,-,-,-,-,-,-
1502608,PA,15,Colares,12868,3 - 10001 até 20000,1 - Norte,Não possui estrutura,-,-,-,-,-,Não,-,-,-,-,-,-,-,-,-,-,-,-,-,-,-,-,-,-,-,-,-,-,-,Não,Não,Não,Sim,Não,Não,Não,Não,Não,Não,Não,Não,Não,-,Não,Sim,Não,Não,-,-,-,-,-,-,-,-,-,-,-,-,-,-,-,-,-,-,-,-,-,-,-,-,-,-,-,-,-,-,-,-,-,-,-,-,-,-,-,-,-,-,-,-,-,-,-,-,-,-,-,-,-,-,-,-,-,-,-,-,-,-,-,-,-,-,-,-,-,-,-,-,-,-,-,-
1502707,PA,15,Conceição do Araguaia,44617,4 - 20001 até 50000,1 - Norte,Não possui estrutura,-,-,-,-,-,Não,-,-,-,-,-,-,-,-,-,-,-,-,-,-,-,-,-,-,-,-,-,-,-,Não,Não,Não,Sim,Não,Não,Não,Não,Não,Não,Não,Não,Não,-,Não,Sim,Não,Não,-,-,-,-,-,-,-,-,-,-,-,-,-,-,-,-,-,-,-,-,-,-,-,-,-,-,-,-,-,-,-,-,-,-,-,-,-,-,-,-,-,-,-,-,-,-,-,-,-,-,-,-,-,-,-,-,-,-,-,-,-,-,-,-,-,-,-,-,-,-,-,-,-,-,-,-
1502756,PA,15,Concórdia do Pará,26881,4 - 20001 até 50000,1 - Norte,Não possui estrutura,-,-,-,-,-,Não,-,-,-,-,-,-,-,-,-,-,-,-,-,-,-,-,-,-,-,-,-,-,-,Não,Não,Não,Sim,Não,Sim,Sim,Sim,Não,Não,Sim,Não,Não,-,Não,Sim,Não,Não,-,-,-,-,-,-,-,-,-,-,-,-,-,-,-,-,-,-,-,-,-,-,-,-,-,-,-,-,-,-,-,-,-,-,-,-,-,-,-,-,-,-,-,-,-,-,-,-,-,-,-,-,-,-,-,-,-,-,-,-,-,-,-,-,-,-,-,-,-,-,-,-,-,-,-,-
1502764,PA,15,Cumaru do Norte,14036,3 - 10001 até 20000,1 - Norte,Não possui estrutura,-,-,-,-,-,Não,-,-,-,-,-,-,-,-,-,-,-,-,-,-,-,-,-,-,-,-,-,-,-,Não,Não,Não,Sim,Não,Não,Não,Não,Não,Não,Não,Não,Não,-,Não,Sim,Não,Não,-,-,-,-,-,-,-,-,-,-,-,-,-,-,-,-,-,-,-,-,-,-,-,-,-,-,-,-,-,-,-,-,-,-,-,-,-,-,-,-,-,-,-,-,-,-,-,-,-,-,-,-,-,-,-,-,-,-,-,-,-,-,-,-,-,-,-,-,-,-,-,-,-,-,-,-
1502772,PA,15,Curionópolis,19950,3 - 10001 até 20000,1 - Norte,Não possui estrutura,-,-,-,-,-,Não,-,-,-,-,-,-,-,-,-,-,-,-,-,-,-,-,-,-,-,-,-,-,-,Não,Não,Não,Sim,Não,Não,Não,Não,Não,Não,Não,Não,Não,-,Não,Sim,Não,Não,-,-,-,-,-,-,-,-,-,-,-,-,-,-,-,-,-,-,-,-,-,-,-,-,-,-,-,-,-,-,-,-,-,-,-,-,-,-,-,-,-,-,-,-,-,-,-,-,-,-,-,-,-,-,-,-,-,-,-,-,-,-,-,-,-,-,-,-,-,-,-,-,-,-,-,-
1502806,PA,15,Curralinho,33903,4 - 20001 até 50000,1 - Norte,Não possui estrutura,-,-,-,-,-,Não,-,-,-,-,-,-,-,-,-,-,-,-,-,-,-,-,-,-,-,-,-,-,-,Não,Não,Não,Sim,Não,Não,Não,Não,Não,Não,Não,Não,Não,-,Não,Sim,Não,Não,-,-,-,-,-,-,-,-,-,-,-,-,-,-,-,-,-,-,-,-,-,-,-,-,-,-,-,-,-,-,-,-,-,-,-,-,-,-,-,-,-,-,-,-,-,-,-,-,-,-,-,-,-,-,-,-,-,-,-,-,-,-,-,-,-,-,-,-,-,-,-,-,-,-,-,-
1502855,PA,15,Curuá,14117,3 - 10001 até 20000,1 - Norte,Não possui estrutura,-,-,-,-,-,Não,-,-,-,-,-,-,-,-,-,-,-,-,-,-,-,-,-,-,-,-,-,-,-,Não,Não,Não,Sim,Não,Não,Não,Não,Não,Não,Não,Não,Não,-,Não,Não,Não,Não,-,-,-,-,-,-,-,-,-,-,-,-,-,-,-,-,-,-,-,-,-,-,-,-,-,-,-,-,-,-,-,-,-,-,-,-,-,-,-,-,-,-,-,-,-,-,-,-,-,-,-,-,-,-,-,-,-,-,-,-,-,-,-,-,-,-,-,-,-,-,-,-,-,-,-,-
1502905,PA,15,Curuçá,41262,4 - 20001 até 50000,1 - Norte,Setor subordinado diretamente à chefia do Executivo,Masculino,45,Parda,Sim,Ensino médio (2º Grau) completo,Não,-,-,-,-,-,-,-,-,-,-,-,-,-,-,-,-,-,-,-,-,-,-,-,Não,Não,Não,Sim,Não,Não,Não,Não,Não,Não,Não,Não,Não,-,Não,Sim,Não,Sim,1887,2005,19,5,24,Não,Não,Não,Não,Sim,-,Sim,Não,-,Sim,Sim,Sim,Sim,Sim,Sim,Sim,Sim,Sim,Sim,Não,Não,Sim,Sim,Sim,Sim,Sim,Sim,Não,Não,Não,-,-,Guarda Municipal,Nenhum tipo de arma,Sim,"Mais de R$1.000,00 a R$3.000,00",Sim,Não,Não,-,Apenas em livros/formulários impressos (registro manual),Sim,Sim,Sim,Sim,Sim,Sim,Sim,Sim,Sim,Sim,Sim,Sim,Sim,Sim,Sim,Sim,Sim,Sim,Sim,Sim,Sim,Sim,Não,Sim,Não,Não,Não,Não,Não,-
1502939,PA,15,Dom Eliseu,58484,5 - 50001 até 100000,1 - Norte,Setor subordinado a outra secretaria,Masculino,50,Parda,Sim,Ensino médio (2º Grau) completo,Não,-,-,-,-,-,-,-,-,-,-,-,-,-,-,-,-,-,-,-,-,-,-,-,Não,Não,Não,Sim,Não,Não,Não,Não,Não,Não,Não,Não,Não,-,Não,Sim,Não,Não,-,-,-,-,-,-,-,-,-,-,-,-,-,-,-,-,-,-,-,-,-,-,-,-,-,-,-,-,-,-,-,-,-,-,-,-,-,-,-,-,-,-,-,-,-,-,-,-,-,-,-,-,-,-,-,-,-,-,-,-,-,-,-,-,-,-,-,-,-,-,-,-,-,-,-,-
1502954,PA,15,Eldorado do Carajás,28192,4 - 20001 até 50000,1 - Norte,Não possui estrutura,-,-,-,-,-,Não,-,-,-,-,-,-,-,-,-,-,-,-,-,-,-,-,-,-,-,-,-,-,-,Não,Não,Não,Sim,Não,Não,Não,Não,Não,Não,Não,Não,Não,-,Não,Sim,Não,Não,-,-,-,-,-,-,-,-,-,-,-,-,-,-,-,-,-,-,-,-,-,-,-,-,-,-,-,-,-,-,-,-,-,-,-,-,-,-,-,-,-,-,-,-,-,-,-,-,-,-,-,-,-,-,-,-,-,-,-,-,-,-,-,-,-,-,-,-,-,-,-,-,-,-,-,-
1503002,PA,15,Faro,8728,2 - 5001 até 10000,1 - Norte,Não possui estrutura,-,-,-,-,-,Não,-,-,-,-,-,-,-,-,-,-,-,-,-,-,-,-,-,-,-,-,-,-,-,Não,Não,Não,Sim,Não,Não,Não,Não,Não,Não,Não,Não,Não,-,Não,Não,Não,Não,-,-,-,-,-,-,-,-,-,-,-,-,-,-,-,-,-,-,-,-,-,-,-,-,-,-,-,-,-,-,-,-,-,-,-,-,-,-,-,-,-,-,-,-,-,-,-,-,-,-,-,-,-,-,-,-,-,-,-,-,-,-,-,-,-,-,-,-,-,-,-,-,-,-,-,-
1503044,PA,15,Floresta do Araguaia,17898,3 - 10001 até 20000,1 - Norte,Não possui estrutura,-,-,-,-,-,Não,-,-,-,-,-,-,-,-,-,-,-,-,-,-,-,-,-,-,-,-,-,-,-,Não,Não,Não,Sim,Não,Não,Não,Não,Não,Não,Não,Não,Não,-,Não,Não,Não,Não,-,-,-,-,-,-,-,-,-,-,-,-,-,-,-,-,-,-,-,-,-,-,-,-,-,-,-,-,-,-,-,-,-,-,-,-,-,-,-,-,-,-,-,-,-,-,-,-,-,-,-,-,-,-,-,-,-,-,-,-,-,-,-,-,-,-,-,-,-,-,-,-,-,-,-,-
1503077,PA,15,Garrafão do Norte,24703,4 - 20001 até 50000,1 - Norte,Não possui estrutura,-,-,-,-,-,Não,-,-,-,-,-,-,-,-,-,-,-,-,-,-,-,-,-,-,-,-,-,-,-,Não,Não,Não,Sim,Não,Não,Não,Não,Não,Não,Não,Não,Não,-,Não,Sim,Não,Não,-,-,-,-,-,-,-,-,-,-,-,-,-,-,-,-,-,-,-,-,-,-,-,-,-,-,-,-,-,-,-,-,-,-,-,-,-,-,-,-,-,-,-,-,-,-,-,-,-,-,-,-,-,-,-,-,-,-,-,-,-,-,-,-,-,-,-,-,-,-,-,-,-,-,-,-
1503093,PA,15,Goianésia do Pará,26362,4 - 20001 até 50000,1 - Norte,Não possui estrutura,-,-,-,-,-,Não,-,-,-,-,-,-,-,-,-,-,-,-,-,-,-,-,-,-,-,-,-,-,-,Não,Não,Não,Sim,Não,Não,Não,Não,Não,Não,Não,Não,Não,-,Não,Não,Não,Não,-,-,-,-,-,-,-,-,-,-,-,-,-,-,-,-,-,-,-,-,-,-,-,-,-,-,-,-,-,-,-,-,-,-,-,-,-,-,-,-,-,-,-,-,-,-,-,-,-,-,-,-,-,-,-,-,-,-,-,-,-,-,-,-,-,-,-,-,-,-,-,-,-,-,-,-
1503101,PA,15,Gurupá,31786,4 - 20001 até 50000,1 - Norte,Não possui estrutura,-,-,-,-,-,Não,-,-,-,-,-,-,-,-,-,-,-,-,-,-,-,-,-,-,-,-,-,-,-,Não,Não,Não,Sim,Não,Não,Não,Não,Não,Não,Não,Não,Não,-,Não,Sim,Não,Não,-,-,-,-,-,-,-,-,-,-,-,-,-,-,-,-,-,-,-,-,-,-,-,-,-,-,-,-,-,-,-,-,-,-,-,-,-,-,-,-,-,-,-,-,-,-,-,-,-,-,-,-,-,-,-,-,-,-,-,-,-,-,-,-,-,-,-,-,-,-,-,-,-,-,-,-
1503200,PA,15,Igarapé-Açu,35797,4 - 20001 até 50000,1 - Norte,Não possui estrutura,-,-,-,-,-,Não,-,-,-,-,-,-,-,-,-,-,-,-,-,-,-,-,-,-,-,-,-,-,-,Não,Não,Não,Sim,Não,Não,Não,Não,Não,Não,Não,Não,Não,-,Não,Sim,Não,Não,-,-,-,-,-,-,-,-,-,-,-,-,-,-,-,-,-,-,-,-,-,-,-,-,-,-,-,-,-,-,-,-,-,-,-,-,-,-,-,-,-,-,-,-,-,-,-,-,-,-,-,-,-,-,-,-,-,-,-,-,-,-,-,-,-,-,-,-,-,-,-,-,-,-,-,-
1503309,PA,15,Igarapé-Miri,64831,5 - 50001 até 100000,1 - Norte,Setor subordinado diretamente à chefia do Executivo,Masculino,64,Parda,Não,Ensino fundamental (1º Grau) completo,Não,-,-,-,-,-,-,-,-,-,-,-,-,-,-,-,-,-,-,-,-,-,-,-,Sim,Sim,Não,Sim,Não,Não,Não,Não,Não,Não,Não,Não,Não,-,Não,Sim,Não,Sim,5100,2015,12,2,14,Não,Não,Não,Não,Sim,-,Não,Sim,-,Não,Não,Não,Não,Não,Não,Não,Não,Não,Não,Não,Não,Sim,Não,Não,Não,Sim,Não,Não,Não,Sim,-,-,Guarda Municipal,Armas de fogo e não letais,Sim,"Mais de R$1.000,00 a R$3.000,00",Não,Não,Não,Sim,Ambos,Sim,Não,Sim,Sim,Sim,Sim,Sim,Sim,Sim,Sim,Sim,Sim,Sim,Sim,Sim,Sim,Sim,Sim,Sim,Sim,Sim,Sim,Não,Sim,Sim,Não,Não,Não,Não,-
1503408,PA,15,Inhangapi,10325,3 - 10001 até 20000,1 - Norte,Não possui estrutura,-,-,-,-,-,Não,-,-,-,-,-,-,-,-,-,-,-,-,-,-,-,-,-,-,-,-,-,-,-,Não,Não,Não,Sim,Não,Não,Não,Não,Não,Não,Não,Não,Não,-,Não,Sim,Não,Não,-,-,-,-,-,-,-,-,-,-,-,-,-,-,-,-,-,-,-,-,-,-,-,-,-,-,-,-,-,-,-,-,-,-,-,-,-,-,-,-,-,-,-,-,-,-,-,-,-,-,-,-,-,-,-,-,-,-,-,-,-,-,-,-,-,-,-,-,-,-,-,-,-,-,-,-
1503457,PA,15,Ipixuna do Pará,30329,4 - 20001 até 50000,1 - Norte,Setor subordinado diretamente à chefia do Executivo,Masculino,44,Parda,Sim,Ensino superior completo,Não,-,-,-,-,-,-,-,-,-,-,-,-,-,-,-,-,-,-,-,-,-,-,-,Não,Não,Sim,Sim,Não,Não,Não,Não,Não,Não,Não,Não,Não,-,Não,Sim,Não,Sim,222,2009,82,10,92,Sim,Não,Não,Não,Não,-,Sim,Não,-,Sim,Não,Sim,Sim,Sim,Sim,Sim,Sim,Não,Não,Sim,Não,Sim,Sim,Sim,Sim,Sim,Sim,Não,Sim,Não,-,-,Guarda Municipal,Apenas armas não letais,Não,"Mais de R$1.000,00 a R$3.000,00",Sim,Sim,Não,-,Apenas em livros/formulários impressos (registro manual),Sim,Sim,Sim,Sim,Sim,Sim,Sim,Sim,Sim,Sim,Sim,Sim,Sim,Sim,Não,Não,Sim,Sim,Sim,Sim,Sim,Sim,Sim,Sim,Sim,Não,Não,Não,Não,-
1503507,PA,15,Irituia,30955,4 - 20001 até 50000,1 - Norte,Não possui estrutura,-,-,-,-,-,Não,-,-,-,-,-,-,-,-,-,-,-,-,-,-,-,-,-,-,-,-,-,-,-,Não,Não,Não,Sim,Não,Não,Não,Não,Não,Não,Não,Não,Não,-,Não,Não,Não,Não,-,-,-,-,-,-,-,-,-,-,-,-,-,-,-,-,-,-,-,-,-,-,-,-,-,-,-,-,-,-,-,-,-,-,-,-,-,-,-,-,-,-,-,-,-,-,-,-,-,-,-,-,-,-,-,-,-,-,-,-,-,-,-,-,-,-,-,-,-,-,-,-,-,-,-,-
1503606,PA,15,Itaituba,123314,6 - 100001 até 500000,1 - Norte,Não possui estrutura,-,-,-,-,-,Não,-,-,-,-,-,-,-,-,-,-,-,-,-,-,-,-,-,-,-,-,-,-,-,Não,Não,Não,Sim,Sim,Não,Não,Não,Não,Não,Sim,Não,Não,-,Sim,Não,Sim,Não,-,-,-,-,-,-,-,-,-,-,-,-,-,-,-,-,-,-,-,-,-,-,-,-,-,-,-,-,-,-,-,-,-,-,-,-,-,-,-,-,-,-,-,-,-,-,-,-,-,-,-,-,-,-,-,-,-,-,-,-,-,-,-,-,-,-,-,-,-,-,-,-,-,-,-,-
1503705,PA,15,Itupiranga,49754,4 - 20001 até 50000,1 - Norte,Não possui estrutura,-,-,-,-,-,Não,-,-,-,-,-,-,-,-,-,-,-,-,-,-,-,-,-,-,-,-,-,-,-,Não,Não,Não,Sim,Não,Não,Não,Não,Não,Não,Não,Não,Não,-,Não,Sim,Não,Não,-,-,-,-,-,-,-,-,-,-,-,-,-,-,-,-,-,-,-,-,-,-,-,-,-,-,-,-,-,-,-,-,-,-,-,-,-,-,-,-,-,-,-,-,-,-,-,-,-,-,-,-,-,-,-,-,-,-,-,-,-,-,-,-,-,-,-,-,-,-,-,-,-,-,-,-
1503754,PA,15,Jacareacanga,24042,4 - 20001 até 50000,1 - Norte,Não possui estrutura,-,-,-,-,-,Não,-,-,-,-,-,-,-,-,-,-,-,-,-,-,-,-,-,-,-,-,-,-,-,Não,Não,Não,Sim,Não,Não,Não,Não,Não,Não,Não,Não,Não,-,Não,Sim,Não,Não,-,-,-,-,-,-,-,-,-,-,-,-,-,-,-,-,-,-,-,-,-,-,-,-,-,-,-,-,-,-,-,-,-,-,-,-,-,-,-,-,-,-,-,-,-,-,-,-,-,-,-,-,-,-,-,-,-,-,-,-,-,-,-,-,-,-,-,-,-,-,-,-,-,-,-,-
1503804,PA,15,Jacundá,37707,4 - 20001 até 50000,1 - Norte,Não possui estrutura,-,-,-,-,-,Sim,2514,2011,Inativo,-,-,-,-,-,-,-,-,-,-,-,-,-,-,-,-,-,-,-,-,Não,Não,Não,Sim,Não,Não,Não,Não,Não,Não,Não,Não,Não,-,Não,Sim,Não,Não,-,-,-,-,-,-,-,-,-,-,-,-,-,-,-,-,-,-,-,-,-,-,-,-,-,-,-,-,-,-,-,-,-,-,-,-,-,-,-,-,-,-,-,-,-,-,-,-,-,-,-,-,-,-,-,-,-,-,-,-,-,-,-,-,-,-,-,-,-,-,-,-,-,-,-,-
1503903,PA,15,Juruti,50881,5 - 50001 até 100000,1 - Norte,Setor subordinado diretamente à chefia do Executivo,Feminino,70,Branca,Não,Ensino superior completo,Sim,1139,2018,"Foi criado, mas não foi instalado",-,-,-,-,-,-,-,-,-,-,-,-,-,-,-,-,-,-,-,-,Não,Não,Não,Sim,Não,Não,Não,Não,Não,Não,Não,Não,Não,-,Não,Sim,Não,Sim,1010,2011,97,5,102,Não,Não,Não,Não,Sim,-,Não,Sim,-,Não,Não,Sim,Não,Sim,Sim,Sim,Não,Não,Não,Não,Não,Sim,Sim,Sim,Não,Sim,Sim,Não,Sim,Não,-,-,Outros,Apenas armas não letais,Não,"Mais de R$1.000,00 a R$3.000,00",Não,Não,Não,Sim,Apenas em livros/formulários impressos (registro manual),Não,Sim,Não,Sim,Sim,Sim,Sim,Sim,Sim,Sim,Sim,Não,Sim,Sim,Não,Sim,Sim,Sim,Sim,Sim,Sim,Sim,Não,Sim,Sim,Não,Não,Não,Não,-
1504000,PA,15,Limoeiro do Ajuru,29569,4 - 20001 até 50000,1 - Norte,Não possui estrutura,-,-,-,-,-,Não,-,-,-,-,-,-,-,-,-,-,-,-,-,-,-,-,-,-,-,-,-,-,-,Não,Não,Não,Sim,Não,Não,Não,Não,Não,Não,Não,Não,Não,-,Não,Sim,Não,Não,-,-,-,-,-,-,-,-,-,-,-,-,-,-,-,-,-,-,-,-,-,-,-,-,-,-,-,-,-,-,-,-,-,-,-,-,-,-,-,-,-,-,-,-,-,-,-,-,-,-,-,-,-,-,-,-,-,-,-,-,-,-,-,-,-,-,-,-,-,-,-,-,-,-,-,-
1504059,PA,15,Mãe do Rio,34353,4 - 20001 até 50000,1 - Norte,Setor subordinado a outra secretaria,Masculino,54,Parda,Não,Ensino médio (2º Grau) completo,Não,-,-,-,-,-,-,-,-,-,-,-,-,-,-,-,-,-,-,-,-,-,-,-,Não,Não,Não,Sim,Não,Não,Não,Não,Não,Não,Não,Não,Não,-,Não,Sim,Não,Não,-,-,-,-,-,-,-,-,-,-,-,-,-,-,-,-,-,-,-,-,-,-,-,-,-,-,-,-,-,-,-,-,-,-,-,-,-,-,-,-,-,-,-,-,-,-,-,-,-,-,-,-,-,-,-,-,-,-,-,-,-,-,-,-,-,-,-,-,-,-,-,-,-,-,-,-
1504109,PA,15,Magalhães Barata,8115,2 - 5001 até 10000,1 - Norte,Não possui estrutura,-,-,-,-,-,Não,-,-,-,-,-,-,-,-,-,-,-,-,-,-,-,-,-,-,-,-,-,-,-,Não,Não,Não,Sim,Não,Não,Não,Não,Não,Não,Não,Não,Não,-,Não,Não,Não,Não,-,-,-,-,-,-,-,-,-,-,-,-,-,-,-,-,-,-,-,-,-,-,-,-,-,-,-,-,-,-,-,-,-,-,-,-,-,-,-,-,-,-,-,-,-,-,-,-,-,-,-,-,-,-,-,-,-,-,-,-,-,-,-,-,-,-,-,-,-,-,-,-,-,-,-,-
1504208,PA,15,Marabá,266533,6 - 100001 até 500000,1 - Norte,Secretaria municipal exclusiva,Masculino,58,Parda,Sim,Ensino superior completo,Não,-,-,-,-,-,-,-,-,-,-,-,-,-,-,-,-,-,-,-,-,-,-,-,Não,Sim,Não,Sim,Sim,Não,Sim,Não,Não,Não,Sim,Não,Não,-,Sim,Sim,Sim,Sim,17361,2009,68,9,77,Não,Não,Não,Não,Sim,-,Não,Sim,-,Não,Sim,Sim,Não,Não,Não,Não,Não,Não,Sim,Não,Não,Não,Não,Não,Não,Não,Sim,Sim,Sim,Não,-,-,Guarda Municipal,Apenas armas não letais,Sim,"Mais de R$1.000,00 a R$3.000,00",Sim,Sim,Não,-,Apenas em livros/formulários impressos (registro manual),Sim,Sim,Não,Sim,Sim,Sim,Sim,Não,Não,Sim,Não,Não,Sim,Não,Não,Não,Sim,Sim,Sim,Sim,Sim,Não,Não,Sim,Sim,Não,Não,Não,Não,-
1504307,PA,15,Maracanã,25971,4 - 20001 até 50000,1 - Norte,Não possui estrutura,-,-,-,-,-,Não,-,-,-,-,-,-,-,-,-,-,-,-,-,-,-,-,-,-,-,-,-,-,-,Não,Não,Não,Sim,Não,Não,Não,Não,Não,Não,Não,Não,Não,-,Não,Não,Não,Não,-,-,-,-,-,-,-,-,-,-,-,-,-,-,-,-,-,-,-,-,-,-,-,-,-,-,-,-,-,-,-,-,-,-,-,-,-,-,-,-,-,-,-,-,-,-,-,-,-,-,-,-,-,-,-,-,-,-,-,-,-,-,-,-,-,-,-,-,-,-,-,-,-,-,-,-
1504406,PA,15,Marapanim,26573,4 - 20001 até 50000,1 - Norte,Não possui estrutura,-,-,-,-,-,Não,-,-,-,-,-,-,-,-,-,-,-,-,-,-,-,-,-,-,-,-,-,-,-,Não,Não,Não,Sim,Não,Não,Não,Não,Não,Não,Não,Não,Não,-,Não,Sim,Não,Não,-,-,-,-,-,-,-,-,-,-,-,-,-,-,-,-,-,-,-,-,-,-,-,-,-,-,-,-,-,-,-,-,-,-,-,-,-,-,-,-,-,-,-,-,-,-,-,-,-,-,-,-,-,-,-,-,-,-,-,-,-,-,-,-,-,-,-,-,-,-,-,-,-,-,-,-
1504422,PA,15,Marituba,111785,6 - 100001 até 500000,1 - Norte,Secretaria municipal exclusiva,Masculino,56,Parda,Sim,Especialização,Não,-,-,-,-,-,-,-,-,-,-,-,-,-,-,-,-,-,-,-,-,-,-,-,Sim,Não,Sim,Sim,Não,Não,Não,Não,Não,Não,Não,Não,Não,-,Não,Sim,Sim,Sim,316,2015,60,13,73,Sim,Sim,Não,Não,Não,-,Sim,Sim,-,Não,Sim,Não,Não,Sim,Não,Sim,Não,Não,Não,Não,Não,Não,Não,Sim,Não,Sim,Sim,Não,Não,Sim,-,-,Policial Militar,Nenhum tipo de arma,Sim,"Mais de R$1.000,00 a R$3.000,00",Sim,Sim,Não,-,Ambos,Sim,Não,Não,Sim,Sim,Sim,Sim,Não,Sim,Sim,Não,Não,Sim,Sim,Não,Sim,Sim,Sim,Sim,Sim,Sim,Sim,Sim,Sim,Sim,Não,Não,Sim,Não,-
1504455,PA,15,Medicilândia,27094,4 - 20001 até 50000,1 - Norte,Não possui estrutura,-,-,-,-,-,Sim,457,2018,Inativo,-,-,-,-,-,-,-,-,-,-,-,-,-,-,-,-,-,-,-,-,Não,Não,Sim,Sim,Não,Não,Não,Não,Não,Não,Não,Não,Não,-,Não,Sim,Não,Não,-,-,-,-,-,-,-,-,-,-,-,-,-,-,-,-,-,-,-,-,-,-,-,-,-,-,-,-,-,-,-,-,-,-,-,-,-,-,-,-,-,-,-,-,-,-,-,-,-,-,-,-,-,-,-,-,-,-,-,-,-,-,-,-,-,-,-,-,-,-,-,-,-,-,-,-
1504505,PA,15,Melgaço,27881,4 - 20001 até 50000,1 - Norte,Setor subordinado diretamente à chefia do Executivo,Masculino,36,Preta,Sim,Especialização,Não,-,-,-,-,-,-,-,-,-,-,-,-,-,-,-,-,-,-,-,-,-,-,-,Não,Não,Não,Sim,Não,Não,Não,Não,Não,Não,Não,Não,Não,-,Não,Sim,Não,Sim,726,2023,39,0,39,Não,Não,Não,Não,Sim,-,Sim,Não,-,Sim,Não,Sim,Sim,Sim,Sim,Sim,Sim,Sim,Sim,Sim,Sim,Sim,Sim,Sim,Sim,Sim,Sim,Sim,Sim,Não,-,-,Guarda Municipal,Nenhum tipo de arma,Não,"Mais de R$1.000,00 a R$3.000,00",Sim,Sim,Não,-,Apenas em livros/formulários impressos (registro manual),Sim,Sim,Sim,Sim,Sim,Sim,Sim,Sim,Sim,Sim,Não,Sim,Sim,Sim,Não,Sim,Sim,Sim,Sim,Sim,Sim,Sim,Sim,Sim,Sim,Não,Não,Não,Não,-
1504604,PA,15,Mocajuba,27198,4 - 20001 até 50000,1 - Norte,Secretaria municipal em conjunto com outras políticas setoriais,Masculino,58,Parda,Sim,Ensino superior completo,Sim,3477,2017,"Foi criado, mas não foi instalado",-,-,-,-,-,-,-,-,-,-,-,-,-,-,-,-,-,-,-,-,Sim,Sim,Sim,Sim,Não,Não,Não,Não,Não,Não,Não,Não,Não,-,Não,Sim,Não,Sim,2491,2009,9,2,11,Não,Não,Não,Não,Sim,-,Não,Sim,-,Não,Não,Não,Sim,Não,Não,Não,Não,Não,Não,Não,Não,Não,Não,Sim,Não,Não,Não,Não,Sim,Não,-,-,Outros,Nenhum tipo de arma,Sim,"Mais de R$1.000,00 a R$3.000,00",Sim,Sim,Não,-,Apenas em livros/formulários impressos (registro manual),Sim,Não,Sim,Não,Sim,Sim,Sim,Sim,Sim,Sim,Sim,Sim,Sim,Não,Não,Não,Não,Sim,Sim,Sim,Sim,Não,Sim,Não,Sim,Não,Não,Não,Não,-
1504703,PA,15,Moju,84094,5 - 50001 até 100000,1 - Norte,Secretaria municipal exclusiva,Masculino,48,Parda,Sim,Especialização,Não,-,-,-,-,-,-,-,-,-,-,-,-,-,-,-,-,-,-,-,-,-,-,-,Não,Não,Não,Sim,Não,Não,Não,Não,Não,Não,Não,Não,Não,-,Não,Sim,Sim,Sim,864,2011,13,4,17,Não,Não,Não,Não,Sim,-,Não,Sim,-,Sim,Não,Não,Sim,Não,Não,Não,Não,Não,Sim,Não,Sim,Não,Não,Sim,Sim,Sim,Não,Sim,Sim,Não,-,-,Guarda Municipal,Nenhum tipo de arma,Não,"Mais de R$1.000,00 a R$3.000,00",Não,Não,Não,Sim,Apenas em livros/formulários impressos (registro manual),Sim,Sim,Sim,Sim,Sim,Sim,Sim,Sim,Sim,Sim,Sim,Sim,Sim,Não,Não,Sim,Sim,Sim,Sim,Sim,Sim,Sim,Sim,Sim,Sim,Não,Não,Não,Não,-
1504752,PA,15,Mojuí dos Campos,23501,4 - 20001 até 50000,1 - Norte,Não possui estrutura,-,-,-,-,-,Não,-,-,-,-,-,-,-,-,-,-,-,-,-,-,-,-,-,-,-,-,-,-,-,Não,Não,Não,Sim,Não,Não,Não,Não,Não,Não,Não,Não,Não,-,Não,Não,Não,Não,-,-,-,-,-,-,-,-,-,-,-,-,-,-,-,-,-,-,-,-,-,-,-,-,-,-,-,-,-,-,-,-,-,-,-,-,-,-,-,-,-,-,-,-,-,-,-,-,-,-,-,-,-,-,-,-,-,-,-,-,-,-,-,-,-,-,-,-,-,-,-,-,-,-,-,-
1504802,PA,15,Monte Alegre,60012,5 - 50001 até 100000,1 - Norte,Não possui estrutura,-,-,-,-,-,Não,-,-,-,-,-,-,-,-,-,-,-,-,-,-,-,-,-,-,-,-,-,-,-,Não,Não,Não,Sim,Não,Não,Não,Não,Não,Não,Não,Não,Não,-,Não,Sim,Não,Não,-,-,-,-,-,-,-,-,-,-,-,-,-,-,-,-,-,-,-,-,-,-,-,-,-,-,-,-,-,-,-,-,-,-,-,-,-,-,-,-,-,-,-,-,-,-,-,-,-,-,-,-,-,-,-,-,-,-,-,-,-,-,-,-,-,-,-,-,-,-,-,-,-,-,-,-
1504901,PA,15,Muaná,45368,4 - 20001 até 50000,1 - Norte,Não possui estrutura,-,-,-,-,-,Não,-,-,-,-,-,-,-,-,-,-,-,-,-,-,-,-,-,-,-,-,-,-,-,Não,Não,Não,Sim,Não,Não,Não,Não,Não,Não,Não,Não,Não,-,Não,Sim,Não,Sim,211,2016,40,8,48,Sim,Não,Não,Não,Não,-,Sim,Não,-,Não,Sim,Sim,Não,Sim,Não,Sim,Não,Não,Não,Sim,Sim,Não,Não,Não,Não,Sim,Sim,Sim,Não,Não,-,-,Outros,Apenas armas não letais,Não,"Mais de R$1.000,00 a R$3.000,00",Não,Não,Não,Sim,Ambos,Sim,Sim,Sim,Sim,Sim,Sim,Sim,Sim,Sim,Sim,Sim,Não,Sim,Não,Sim,Sim,Sim,Sim,Sim,Sim,Sim,Sim,Sim,Sim,Sim,Não,Não,Sim,Sim,-
1504950,PA,15,Nova Esperança do Piriá,20478,4 - 20001 até 50000,1 - Norte,Não possui estrutura,-,-,-,-,-,Não,-,-,-,-,-,-,-,-,-,-,-,-,-,-,-,-,-,-,-,-,-,-,-,Não,Não,Não,Sim,Não,Não,Não,Não,Não,Não,Não,Não,Não,-,Não,Não,Não,Não,-,-,-,-,-,-,-,-,-,-,-,-,-,-,-,-,-,-,-,-,-,-,-,-,-,-,-,-,-,-,-,-,-,-,-,-,-,-,-,-,-,-,-,-,-,-,-,-,-,-,-,-,-,-,-,-,-,-,-,-,-,-,-,-,-,-,-,-,-,-,-,-,-,-,-,-
1504976,PA,15,Nova Ipixuna,13955,3 - 10001 até 20000,1 - Norte,Não possui estrutura,-,-,-,-,-,Não,-,-,-,-,-,-,-,-,-,-,-,-,-,-,-,-,-,-,-,-,-,-,-,Não,Não,Não,Sim,Não,Não,Não,Não,Não,Não,Não,Não,Não,-,Não,Não,Não,Não,-,-,-,-,-,-,-,-,-,-,-,-,-,-,-,-,-,-,-,-,-,-,-,-,-,-,-,-,-,-,-,-,-,-,-,-,-,-,-,-,-,-,-,-,-,-,-,-,-,-,-,-,-,-,-,-,-,-,-,-,-,-,-,-,-,-,-,-,-,-,-,-,-,-,-,-
1505007,PA,15,Nova Timboteua,12806,3 - 10001 até 20000,1 - Norte,Não possui estrutura,-,-,-,-,-,Não,-,-,-,-,-,-,-,-,-,-,-,-,-,-,-,-,-,-,-,-,-,-,-,Não,Não,Não,Sim,Não,Não,Não,Não,Não,Não,Não,Não,Não,-,Não,Sim,Não,Não,-,-,-,-,-,-,-,-,-,-,-,-,-,-,-,-,-,-,-,-,-,-,-,-,-,-,-,-,-,-,-,-,-,-,-,-,-,-,-,-,-,-,-,-,-,-,-,-,-,-,-,-,-,-,-,-,-,-,-,-,-,-,-,-,-,-,-,-,-,-,-,-,-,-,-,-
1505031,PA,15,Novo Progresso,33638,4 - 20001 até 50000,1 - Norte,Não possui estrutura,-,-,-,-,-,Não,-,-,-,-,-,-,-,-,-,-,-,-,-,-,-,-,-,-,-,-,-,-,-,Sim,Não,Não,Sim,Sim,Não,Não,Não,Não,Não,Não,Não,Não,-,Não,Sim,Sim,Não,-,-,-,-,-,-,-,-,-,-,-,-,-,-,-,-,-,-,-,-,-,-,-,-,-,-,-,-,-,-,-,-,-,-,-,-,-,-,-,-,-,-,-,-,-,-,-,-,-,-,-,-,-,-,-,-,-,-,-,-,-,-,-,-,-,-,-,-,-,-,-,-,-,-,-,-
1505064,PA,15,Novo Repartimento,60732,5 - 50001 até 100000,1 - Norte,Não possui estrutura,-,-,-,-,-,Não,-,-,-,-,-,-,-,-,-,-,-,-,-,-,-,-,-,-,-,-,-,-,-,Não,Não,Não,Sim,Não,Não,Não,Não,Não,Não,Não,Não,Não,-,Não,Não,Não,Não,-,-,-,-,-,-,-,-,-,-,-,-,-,-,-,-,-,-,-,-,-,-,-,-,-,-,-,-,-,-,-,-,-,-,-,-,-,-,-,-,-,-,-,-,-,-,-,-,-,-,-,-,-,-,-,-,-,-,-,-,-,-,-,-,-,-,-,-,-,-,-,-,-,-,-,-
1505106,PA,15,Óbidos,52229,5 - 50001 até 100000,1 - Norte,Não possui estrutura,-,-,-,-,-,Não,-,-,-,-,-,-,-,-,-,-,-,-,-,-,-,-,-,-,-,-,-,-,-,Não,Não,Não,Sim,Não,Não,Não,Não,Não,Não,Não,Não,Não,-,Não,Sim,Não,Não,-,-,-,-,-,-,-,-,-,-,-,-,-,-,-,-,-,-,-,-,-,-,-,-,-,-,-,-,-,-,-,-,-,-,-,-,-,-,-,-,-,-,-,-,-,-,-,-,-,-,-,-,-,-,-,-,-,-,-,-,-,-,-,-,-,-,-,-,-,-,-,-,-,-,-,-
1505205,PA,15,Oeiras do Pará,33844,4 - 20001 até 50000,1 - Norte,Não possui estrutura,-,-,-,-,-,Não,-,-,-,-,-,-,-,-,-,-,-,-,-,-,-,-,-,-,-,-,-,-,-,Não,Não,Não,Sim,Não,Não,Não,Não,Não,Não,Não,Não,Não,-,Não,Sim,Não,Não,-,-,-,-,-,-,-,-,-,-,-,-,-,-,-,-,-,-,-,-,-,-,-,-,-,-,-,-,-,-,-,-,-,-,-,-,-,-,-,-,-,-,-,-,-,-,-,-,-,-,-,-,-,-,-,-,-,-,-,-,-,-,-,-,-,-,-,-,-,-,-,-,-,-,-,-
1505304,PA,15,Oriximiná,68294,5 - 50001 até 100000,1 - Norte,Secretaria municipal em conjunto com outras políticas setoriais,Masculino,55,Parda,Sim,Ensino superior completo,Não,-,-,-,-,-,-,-,-,-,-,-,-,-,-,-,-,-,-,-,-,-,-,-,Não,Não,Não,Sim,Não,Não,Não,Não,Não,Não,Não,Não,Não,-,Não,Sim,Não,Sim,90370,2020,15,7,22,-,-,-,-,-,Sim,Não,Sim,-,Não,Não,Sim,Não,Não,Não,Não,Não,Não,Não,Não,Não,Sim,Não,Não,Não,Sim,Não,Sim,Sim,Não,-,-,Outros,Apenas armas não letais,Não,"Mais de R$1.000,00 a R$3.000,00",Não,Não,Não,Sim,Apenas em livros/formulários impressos (registro manual),Sim,Sim,Não,Não,Sim,Sim,Sim,Sim,Sim,Sim,Sim,Não,Não,Não,Não,Não,Sim,Não,Sim,Não,Não,Não,Não,Sim,Sim,Não,Não,Não,Sim,-
1505403,PA,15,Ourém,17855,3 - 10001 até 20000,1 - Norte,Não possui estrutura,-,-,-,-,-,Não,-,-,-,-,-,-,-,-,-,-,-,-,-,-,-,-,-,-,-,-,-,-,-,Não,Não,Não,Sim,Não,Não,Não,Não,Não,Não,Não,Não,Não,-,Não,Não,Não,Não,-,-,-,-,-,-,-,-,-,-,-,-,-,-,-,-,-,-,-,-,-,-,-,-,-,-,-,-,-,-,-,-,-,-,-,-,-,-,-,-,-,-,-,-,-,-,-,-,-,-,-,-,-,-,-,-,-,-,-,-,-,-,-,-,-,-,-,-,-,-,-,-,-,-,-,-
1505437,PA,15,Ourilândia do Norte,32467,4 - 20001 até 50000,1 - Norte,Não possui estrutura,-,-,-,-,-,Não,-,-,-,-,-,-,-,-,-,-,-,-,-,-,-,-,-,-,-,-,-,-,-,Não,Não,Não,Sim,Não,Não,Não,Não,Não,Não,Não,Não,Não,-,Não,Não,Não,Não,-,-,-,-,-,-,-,-,-,-,-,-,-,-,-,-,-,-,-,-,-,-,-,-,-,-,-,-,-,-,-,-,-,-,-,-,-,-,-,-,-,-,-,-,-,-,-,-,-,-,-,-,-,-,-,-,-,-,-,-,-,-,-,-,-,-,-,-,-,-,-,-,-,-,-,-
1505486,PA,15,Pacajá,41097,4 - 20001 até 50000,1 - Norte,Setor subordinado diretamente à chefia do Executivo,Masculino,29,Parda,Sim,Ensino superior incompleto,Não,-,-,-,-,-,-,-,-,-,-,-,-,-,-,-,-,-,-,-,-,-,-,-,Não,Não,Não,Sim,Não,Não,Não,Não,Não,Não,Não,Não,Não,-,Não,Sim,Não,Não,-,-,-,-,-,-,-,-,-,-,-,-,-,-,-,-,-,-,-,-,-,-,-,-,-,-,-,-,-,-,-,-,-,-,-,-,-,-,-,-,-,-,-,-,-,-,-,-,-,-,-,-,-,-,-,-,-,-,-,-,-,-,-,-,-,-,-,-,-,-,-,-,-,-,-,-
1505494,PA,15,Palestina do Pará,6885,2 - 5001 até 10000,1 - Norte,Não possui estrutura,-,-,-,-,-,Não,-,-,-,-,-,-,-,-,-,-,-,-,-,-,-,-,-,-,-,-,-,-,-,Não,Não,Não,Sim,Não,Não,Não,Não,Não,Não,Não,Não,Não,-,Não,Não,Não,Não,-,-,-,-,-,-,-,-,-,-,-,-,-,-,-,-,-,-,-,-,-,-,-,-,-,-,-,-,-,-,-,-,-,-,-,-,-,-,-,-,-,-,-,-,-,-,-,-,-,-,-,-,-,-,-,-,-,-,-,-,-,-,-,-,-,-,-,-,-,-,-,-,-,-,-,-
1505502,PA,15,Paragominas,105550,6 - 100001 até 500000,1 - Norte,Não possui estrutura,-,-,-,-,-,Sim,932,2017,Ativo,Tem maior representação governamental,Sim,Sim,Não,Não,2,12,Sim,Não,Não,Não,Não,Não,Não,Não,Não,Não,Não,Não,Não,Não,Não,Sim,Sim,Não,Não,Não,Não,Não,Não,Sim,Não,Não,-,Sim,Sim,Sim,Não,-,-,-,-,-,-,-,-,-,-,-,-,-,-,-,-,-,-,-,-,-,-,-,-,-,-,-,-,-,-,-,-,-,-,-,-,-,-,-,-,-,-,-,-,-,-,-,-,-,-,-,-,-,-,-,-,-,-,-,-,-,-,-,-,-,-,-,-,-,-,-,-,-,-,-,-
1505536,PA,15,Parauapebas,267836,6 - 100001 até 500000,1 - Norte,Secretaria municipal exclusiva,Masculino,39,Parda,Não,Ensino superior completo,Não,-,-,-,-,-,-,-,-,-,-,-,-,-,-,-,-,-,-,-,-,-,-,-,Não,Não,Não,Sim,Não,Não,Não,Não,Não,Não,Sim,Não,Não,-,Sim,Sim,Sim,Sim,5,2013,94,32,126,Não,Não,Não,Não,Sim,-,Não,Sim,-,Sim,Não,Sim,Não,Sim,Sim,Sim,Não,Sim,Não,Não,Não,Não,Não,Sim,Não,Não,Sim,Sim,Sim,Não,-,-,Guarda Municipal,Armas de fogo e não letais,Não,"Mais de R$3.000,00 a R$5.000,00",Sim,Não,Não,-,Ambos,Sim,Não,Não,Não,Não,Não,Sim,Não,Não,Sim,Não,Não,Sim,Não,Não,Sim,Sim,Sim,Sim,Sim,Sim,Não,Sim,Sim,Sim,Não,Não,Não,Não,-
1505551,PA,15,Pau DArco,6931,2 - 5001 até 10000,1 - Norte,Não possui estrutura,-,-,-,-,-,Não,-,-,-,-,-,-,-,-,-,-,-,-,-,-,-,-,-,-,-,-,-,-,-,Não,Não,Não,Sim,Não,Não,Não,Não,Não,Não,Não,Não,Não,-,Não,Não,Não,Não,-,-,-,-,-,-,-,-,-,-,-,-,-,-,-,-,-,-,-,-,-,-,-,-,-,-,-,-,-,-,-,-,-,-,-,-,-,-,-,-,-,-,-,-,-,-,-,-,-,-,-,-,-,-,-,-,-,-,-,-,-,-,-,-,-,-,-,-,-,-,-,-,-,-,-,-
1505601,PA,15,Peixe-Boi,8285,2 - 5001 até 10000,1 - Norte,Não possui estrutura,-,-,-,-,-,Não,-,-,-,-,-,-,-,-,-,-,-,-,-,-,-,-,-,-,-,-,-,-,-,Não,Não,Não,Sim,Não,Não,Não,Não,Não,Não,Não,Não,Não,-,Não,Não,Não,Não,-,-,-,-,-,-,-,-,-,-,-,-,-,-,-,-,-,-,-,-,-,-,-,-,-,-,-,-,-,-,-,-,-,-,-,-,-,-,-,-,-,-,-,-,-,-,-,-,-,-,-,-,-,-,-,-,-,-,-,-,-,-,-,-,-,-,-,-,-,-,-,-,-,-,-,-
1505635,PA,15,Piçarra,12832,3 - 10001 até 20000,1 - Norte,Não possui estrutura,-,-,-,-,-,Não,-,-,-,-,-,-,-,-,-,-,-,-,-,-,-,-,-,-,-,-,-,-,-,Não,Não,Não,Sim,Não,Não,Não,Não,Não,Não,Não,Não,Não,-,Não,Não,Não,Não,-,-,-,-,-,-,-,-,-,-,-,-,-,-,-,-,-,-,-,-,-,-,-,-,-,-,-,-,-,-,-,-,-,-,-,-,-,-,-,-,-,-,-,-,-,-,-,-,-,-,-,-,-,-,-,-,-,-,-,-,-,-,-,-,-,-,-,-,-,-,-,-,-,-,-,-
1505650,PA,15,Placas,18668,3 - 10001 até 20000,1 - Norte,Não possui estrutura,-,-,-,-,-,Não,-,-,-,-,-,-,-,-,-,-,-,-,-,-,-,-,-,-,-,-,-,-,-,Não,Não,Não,Sim,Não,Não,Não,Não,Não,Não,Não,Não,Não,-,Não,Não,Não,Não,-,-,-,-,-,-,-,-,-,-,-,-,-,-,-,-,-,-,-,-,-,-,-,-,-,-,-,-,-,-,-,-,-,-,-,-,-,-,-,-,-,-,-,-,-,-,-,-,-,-,-,-,-,-,-,-,-,-,-,-,-,-,-,-,-,-,-,-,-,-,-,-,-,-,-,-
1505700,PA,15,Ponta de Pedras,24984,4 - 20001 até 50000,1 - Norte,Não possui estrutura,-,-,-,-,-,Não,-,-,-,-,-,-,-,-,-,-,-,-,-,-,-,-,-,-,-,-,-,-,-,Não,Não,Não,Sim,Não,Não,Não,Não,Não,Não,Não,Não,Não,-,Não,Sim,Não,Não,-,-,-,-,-,-,-,-,-,-,-,-,-,-,-,-,-,-,-,-,-,-,-,-,-,-,-,-,-,-,-,-,-,-,-,-,-,-,-,-,-,-,-,-,-,-,-,-,-,-,-,-,-,-,-,-,-,-,-,-,-,-,-,-,-,-,-,-,-,-,-,-,-,-,-,-
1505809,PA,15,Portel,62503,5 - 50001 até 100000,1 - Norte,Setor subordinado diretamente à chefia do Executivo,Masculino,49,Parda,Não,Ensino superior completo,Não,-,-,-,-,-,-,-,-,-,-,-,-,-,-,-,-,-,-,-,-,-,-,-,Não,Não,Não,Sim,Não,Não,Não,Não,Não,Não,Não,Não,Não,-,Não,Sim,Não,Sim,813,2013,23,7,30,Sim,Não,Não,Não,Não,-,Não,Sim,-,Não,Não,Não,Não,Não,Não,Sim,Sim,Não,Não,Não,Não,Não,Sim,Não,Não,Sim,Sim,Sim,Sim,Não,-,-,Policial Militar,Nenhum tipo de arma,Não,"Mais de R$1.000,00 a R$3.000,00",Sim,Não,Não,-,Apenas em livros/formulários impressos (registro manual),Não,Sim,Não,Sim,Sim,Sim,Sim,Sim,Não,Sim,Sim,Não,Sim,Sim,Não,Não,Sim,Sim,Sim,Sim,Sim,Sim,Sim,Sim,Sim,Não,Não,Não,Não,-
1505908,PA,15,Porto de Moz,40597,4 - 20001 até 50000,1 - Norte,Secretaria municipal exclusiva,Masculino,39,Branca,Sim,Ensino superior completo,Sim,917,2017,Ativo,Paritário,Sim,Sim,Sim,Sim,3,10,Não,Sim,Não,Não,Não,Não,Não,Não,Não,Não,Não,Não,Não,Sim,Não,Não,Sim,Não,Não,Não,Não,Não,Não,Não,Não,Não,-,Não,Sim,Não,Não,-,-,-,-,-,-,-,-,-,-,-,-,-,-,-,-,-,-,-,-,-,-,-,-,-,-,-,-,-,-,-,-,-,-,-,-,-,-,-,-,-,-,-,-,-,-,-,-,-,-,-,-,-,-,-,-,-,-,-,-,-,-,-,-,-,-,-,-,-,-,-,-,-,-,-,-
1506005,PA,15,Prainha,35577,4 - 20001 até 50000,1 - Norte,Não possui estrutura,-,-,-,-,-,Não,-,-,-,-,-,-,-,-,-,-,-,-,-,-,-,-,-,-,-,-,-,-,-,Não,Não,Não,Sim,Não,Não,Não,Não,Não,Não,Não,Não,Não,-,Não,Não,Não,Não,-,-,-,-,-,-,-,-,-,-,-,-,-,-,-,-,-,-,-,-,-,-,-,-,-,-,-,-,-,-,-,-,-,-,-,-,-,-,-,-,-,-,-,-,-,-,-,-,-,-,-,-,-,-,-,-,-,-,-,-,-,-,-,-,-,-,-,-,-,-,-,-,-,-,-,-
1506104,PA,15,Primavera,10851,3 - 10001 até 20000,1 - Norte,Não possui estrutura,-,-,-,-,-,Sim,2830,2015,Ativo,Paritário,Sim,Sim,Não,Não,12,24,Não,Não,Sim,Não,Não,Não,Não,Não,Não,Não,Não,Não,Não,Não,Não,Não,Sim,Não,Não,Não,Não,Não,Não,Não,Não,Não,-,Não,Sim,Não,Não,-,-,-,-,-,-,-,-,-,-,-,-,-,-,-,-,-,-,-,-,-,-,-,-,-,-,-,-,-,-,-,-,-,-,-,-,-,-,-,-,-,-,-,-,-,-,-,-,-,-,-,-,-,-,-,-,-,-,-,-,-,-,-,-,-,-,-,-,-,-,-,-,-,-,-,-
1506112,PA,15,Quatipuru,11524,3 - 10001 até 20000,1 - Norte,Não possui estrutura,-,-,-,-,-,Não,-,-,-,-,-,-,-,-,-,-,-,-,-,-,-,-,-,-,-,-,-,-,-,Não,Não,Não,Sim,Não,Não,Não,Não,Não,Não,Não,Não,Não,-,Não,Não,Não,Não,-,-,-,-,-,-,-,-,-,-,-,-,-,-,-,-,-,-,-,-,-,-,-,-,-,-,-,-,-,-,-,-,-,-,-,-,-,-,-,-,-,-,-,-,-,-,-,-,-,-,-,-,-,-,-,-,-,-,-,-,-,-,-,-,-,-,-,-,-,-,-,-,-,-,-,-
1506138,PA,15,Redenção,85597,5 - 50001 até 100000,1 - Norte,Secretaria municipal exclusiva,Masculino,42,Preta,Sim,Ensino superior incompleto,Não,-,-,-,-,-,-,-,-,-,-,-,-,-,-,-,-,-,-,-,-,-,-,-,Sim,Não,Sim,Sim,Sim,Não,Não,Sim,Não,Não,Sim,Não,Não,-,Não,Sim,Sim,Não,-,-,-,-,-,-,-,-,-,-,-,-,-,-,-,-,-,-,-,-,-,-,-,-,-,-,-,-,-,-,-,-,-,-,-,-,-,-,-,-,-,-,-,-,-,-,-,-,-,-,-,-,-,-,-,-,-,-,-,-,-,-,-,-,-,-,-,-,-,-,-,-,-,-,-,-
1506161,PA,15,Rio Maria,18384,3 - 10001 até 20000,1 - Norte,Setor subordinado a outra secretaria,Masculino,40,Parda,Não,Ensino médio (2º Grau) completo,Não,-,-,-,-,-,-,-,-,-,-,-,-,-,-,-,-,-,-,-,-,-,-,-,Não,Não,Não,Sim,Não,Não,Não,Não,Não,Não,Não,Não,Não,-,Não,Sim,Não,Não,-,-,-,-,-,-,-,-,-,-,-,-,-,-,-,-,-,-,-,-,-,-,-,-,-,-,-,-,-,-,-,-,-,-,-,-,-,-,-,-,-,-,-,-,-,-,-,-,-,-,-,-,-,-,-,-,-,-,-,-,-,-,-,-,-,-,-,-,-,-,-,-,-,-,-,-
1506187,PA,15,Rondon do Pará,53143,5 - 50001 até 100000,1 - Norte,Não possui estrutura,-,-,-,-,-,Não,-,-,-,-,-,-,-,-,-,-,-,-,-,-,-,-,-,-,-,-,-,-,-,Não,Não,Não,Sim,Não,Não,Não,Não,Não,Não,Não,Não,Não,-,Não,Sim,Não,Não,-,-,-,-,-,-,-,-,-,-,-,-,-,-,-,-,-,-,-,-,-,-,-,-,-,-,-,-,-,-,-,-,-,-,-,-,-,-,-,-,-,-,-,-,-,-,-,-,-,-,-,-,-,-,-,-,-,-,-,-,-,-,-,-,-,-,-,-,-,-,-,-,-,-,-,-
1506195,PA,15,Rurópolis,35769,4 - 20001 até 50000,1 - Norte,Não possui estrutura,-,-,-,-,-,Não,-,-,-,-,-,-,-,-,-,-,-,-,-,-,-,-,-,-,-,-,-,-,-,Não,Não,Não,Sim,Não,Não,Não,Não,Não,Não,Não,Não,Não,-,Não,Sim,Não,Não,-,-,-,-,-,-,-,-,-,-,-,-,-,-,-,-,-,-,-,-,-,-,-,-,-,-,-,-,-,-,-,-,-,-,-,-,-,-,-,-,-,-,-,-,-,-,-,-,-,-,-,-,-,-,-,-,-,-,-,-,-,-,-,-,-,-,-,-,-,-,-,-,-,-,-,-
1506203,PA,15,Salinópolis,44772,4 - 20001 até 50000,1 - Norte,Não possui estrutura,-,-,-,-,-,Não,-,-,-,-,-,-,-,-,-,-,-,-,-,-,-,-,-,-,-,-,-,-,-,Não,Sim,Não,Sim,Não,Não,Não,Não,Não,Não,Não,Não,Não,-,Não,Sim,Sim,Não,-,-,-,-,-,-,-,-,-,-,-,-,-,-,-,-,-,-,-,-,-,-,-,-,-,-,-,-,-,-,-,-,-,-,-,-,-,-,-,-,-,-,-,-,-,-,-,-,-,-,-,-,-,-,-,-,-,-,-,-,-,-,-,-,-,-,-,-,-,-,-,-,-,-,-,-
1506302,PA,15,Salvaterra,24129,4 - 20001 até 50000,1 - Norte,Não informou,Não informou,Não informou,Não informou,Não informou,Não informou,Não informou,Não informou,Não informou,Não informou,Não informou,Não informou,Não informou,Não informou,Não informou,Não informou,Não informou,Não informou,Não informou,Não informou,Não informou,Não informou,Não informou,Não informou,Não informou,Não informou,Não informou,Não informou,Não informou,Não informou,Não informou,Não informou,Não informou,Não informou,Não informou,Não informou,Não informou,Não informou,Não informou,Não informou,Não informou,Não informou,Não informou,Não informou,Não informou,Não informou,Não informou,Não informou,Não informou,Não informou,Não informou,Não informou,Não informou,Não informou,Não informou,Não informou,Não informou,Não informou,Não informou,Não informou,Não informou,Não informou,Não informou,Não informou,Não informou,Não informou,Não informou,Não informou,Não informou,Não informou,Não informou,Não informou,Não informou,Não informou,Não informou,Não informou,Não informou,Não informou,Não informou,Não informou,Não informou,Não informou,Não informou,Não informou,Não informou,Não informou,Não informou,Não informou,Não informou,Não informou,Não informou,Não informou,Não informou,Não informou,Não informou,Não informou,Não informou,Não informou,Não informou,Não informou,Não informou,Não informou,Não informou,Não informou,Não informou,Não informou,Não informou,Não informou,Não informou,Não informou,Não informou,Não informou,Não informou,Não informou,Não informou,Não informou,Não informou,Não informou,Não informou,Não informou,Não informou,Não informou,Não informou,Não informou
1506351,PA,15,Santa Bárbara do Pará,21087,4 - 20001 até 50000,1 - Norte,Não possui estrutura,-,-,-,-,-,Não,-,-,-,-,-,-,-,-,-,-,-,-,-,-,-,-,-,-,-,-,-,-,-,Não,Não,Não,Sim,Não,Não,Não,Não,Não,Não,Não,Não,Não,-,Não,Não,Não,Não,-,-,-,-,-,-,-,-,-,-,-,-,-,-,-,-,-,-,-,-,-,-,-,-,-,-,-,-,-,-,-,-,-,-,-,-,-,-,-,-,-,-,-,-,-,-,-,-,-,-,-,-,-,-,-,-,-,-,-,-,-,-,-,-,-,-,-,-,-,-,-,-,-,-,-,-
1506401,PA,15,Santa Cruz do Arari,7445,2 - 5001 até 10000,1 - Norte,Não possui estrutura,-,-,-,-,-,Não,-,-,-,-,-,-,-,-,-,-,-,-,-,-,-,-,-,-,-,-,-,-,-,Não,Não,Não,Sim,Não,Não,Não,Não,Não,Não,Não,Não,Não,-,Não,Não,Não,Não,-,-,-,-,-,-,-,-,-,-,-,-,-,-,-,-,-,-,-,-,-,-,-,-,-,-,-,-,-,-,-,-,-,-,-,-,-,-,-,-,-,-,-,-,-,-,-,-,-,-,-,-,-,-,-,-,-,-,-,-,-,-,-,-,-,-,-,-,-,-,-,-,-,-,-,-
1506500,PA,15,Santa Izabel do Pará,73019,5 - 50001 até 100000,1 - Norte,Setor subordinado a outra secretaria,Feminino,42,Branca,Não,Ensino superior completo,Não,-,-,-,-,-,-,-,-,-,-,-,-,-,-,-,-,-,-,-,-,-,-,-,Não,Não,Sim,Sim,Não,Não,Não,Não,Não,Não,Não,Não,Não,-,Não,Sim,Sim,Sim,347,2017,44,2,46,Sim,Sim,Não,Não,Sim,-,Sim,Não,-,Sim,Sim,Sim,Sim,Sim,Não,Sim,Sim,Sim,Não,Não,Não,Sim,Sim,Sim,Não,Sim,Sim,Sim,Sim,Não,-,-,Policial Militar,Armas de fogo e não letais,Sim,"Mais de R$1.000,00 a R$3.000,00",Não,Não,Sim,-,Ambos,Sim,Sim,Não,Sim,Sim,Sim,Sim,Sim,Sim,Sim,Sim,Sim,Sim,Não,Sim,Sim,Sim,Sim,Sim,Sim,Sim,Sim,Sim,Sim,Sim,Não,Não,Não,Não,-
1506559,PA,15,Santa Luzia do Pará,20370,4 - 20001 até 50000,1 - Norte,Setor subordinado a outra secretaria,Masculino,32,Parda,Sim,Ensino superior completo,Não,-,-,-,-,-,-,-,-,-,-,-,-,-,-,-,-,-,-,-,-,-,-,-,Não,Não,Não,Sim,Não,Não,Não,Não,Não,Não,Não,Não,Não,-,Não,Sim,Não,Sim,3,2019,10,2,12,Sim,Não,Não,Não,Não,-,Sim,Não,-,Sim,Não,Sim,Sim,Sim,Sim,Sim,Sim,Sim,Não,Não,Sim,Não,Sim,Não,Não,Sim,Sim,Não,Sim,Não,-,-,Guarda Municipal,Apenas armas não letais,Não,"Mais de R$1.000,00 a R$3.000,00",Não,Não,Não,Sim,Apenas em livros/formulários impressos (registro manual),Sim,Não,Não,Sim,Sim,Sim,Não,Sim,Sim,Não,Não,Sim,Sim,Não,Sim,Não,Sim,Não,Sim,Sim,Sim,Sim,Sim,Sim,Sim,Não,Não,Não,Não,-
1506583,PA,15,Santa Maria das Barreiras,16548,3 - 10001 até 20000,1 - Norte,Não possui estrutura,-,-,-,-,-,Não,-,-,-,-,-,-,-,-,-,-,-,-,-,-,-,-,-,-,-,-,-,-,-,Não,Não,Não,Sim,Não,Não,Não,Não,Não,Não,Não,Não,Não,-,Não,Não,Não,Não,-,-,-,-,-,-,-,-,-,-,-,-,-,-,-,-,-,-,-,-,-,-,-,-,-,-,-,-,-,-,-,-,-,-,-,-,-,-,-,-,-,-,-,-,-,-,-,-,-,-,-,-,-,-,-,-,-,-,-,-,-,-,-,-,-,-,-,-,-,-,-,-,-,-,-,-
1506609,PA,15,Santa Maria do Pará,24624,4 - 20001 até 50000,1 - Norte,Não possui estrutura,-,-,-,-,-,Não,-,-,-,-,-,-,-,-,-,-,-,-,-,-,-,-,-,-,-,-,-,-,-,Não,Não,Não,Sim,Não,Não,Não,Não,Não,Não,Não,Não,Não,-,Não,Sim,Não,Não,-,-,-,-,-,-,-,-,-,-,-,-,-,-,-,-,-,-,-,-,-,-,-,-,-,-,-,-,-,-,-,-,-,-,-,-,-,-,-,-,-,-,-,-,-,-,-,-,-,-,-,-,-,-,-,-,-,-,-,-,-,-,-,-,-,-,-,-,-,-,-,-,-,-,-,-
1506708,PA,15,Santana do Araguaia,32413,4 - 20001 até 50000,1 - Norte,Não possui estrutura,-,-,-,-,-,Não,-,-,-,-,-,-,-,-,-,-,-,-,-,-,-,-,-,-,-,-,-,-,-,Não,Não,Não,Sim,Não,Não,Não,Não,Não,Não,Não,Não,Não,-,Não,Sim,Não,Não,-,-,-,-,-,-,-,-,-,-,-,-,-,-,-,-,-,-,-,-,-,-,-,-,-,-,-,-,-,-,-,-,-,-,-,-,-,-,-,-,-,-,-,-,-,-,-,-,-,-,-,-,-,-,-,-,-,-,-,-,-,-,-,-,-,-,-,-,-,-,-,-,-,-,-,-
1506807,PA,15,Santarém,331942,6 - 100001 até 500000,1 - Norte,Não possui estrutura,-,-,-,-,-,Não,-,-,-,-,-,-,-,-,-,-,-,-,-,-,-,-,-,-,-,-,-,-,-,Não,Não,Não,Sim,Sim,Não,Não,Não,Não,Não,Sim,Não,Não,-,Sim,Sim,Sim,Não,-,-,-,-,-,-,-,-,-,-,-,-,-,-,-,-,-,-,-,-,-,-,-,-,-,-,-,-,-,-,-,-,-,-,-,-,-,-,-,-,-,-,-,-,-,-,-,-,-,-,-,-,-,-,-,-,-,-,-,-,-,-,-,-,-,-,-,-,-,-,-,-,-,-,-,-
1506906,PA,15,Santarém Novo,6116,2 - 5001 até 10000,1 - Norte,Não possui estrutura,-,-,-,-,-,Não,-,-,-,-,-,-,-,-,-,-,-,-,-,-,-,-,-,-,-,-,-,-,-,Não,Não,Não,Sim,Não,Não,Não,Não,Não,Não,Não,Não,Não,-,Não,Sim,Não,Não,-,-,-,-,-,-,-,-,-,-,-,-,-,-,-,-,-,-,-,-,-,-,-,-,-,-,-,-,-,-,-,-,-,-,-,-,-,-,-,-,-,-,-,-,-,-,-,-,-,-,-,-,-,-,-,-,-,-,-,-,-,-,-,-,-,-,-,-,-,-,-,-,-,-,-,-
1507003,PA,15,Santo Antônio do Tauá,27461,4 - 20001 até 50000,1 - Norte,Não possui estrutura,-,-,-,-,-,Não,-,-,-,-,-,-,-,-,-,-,-,-,-,-,-,-,-,-,-,-,-,-,-,Não,Não,Não,Sim,Não,Não,Não,Não,Não,Não,Não,Não,Não,-,Não,Não,Não,Não,-,-,-,-,-,-,-,-,-,-,-,-,-,-,-,-,-,-,-,-,-,-,-,-,-,-,-,-,-,-,-,-,-,-,-,-,-,-,-,-,-,-,-,-,-,-,-,-,-,-,-,-,-,-,-,-,-,-,-,-,-,-,-,-,-,-,-,-,-,-,-,-,-,-,-,-
1507102,PA,15,São Caetano de Odivelas,16666,3 - 10001 até 20000,1 - Norte,Setor subordinado diretamente à chefia do Executivo,Masculino,42,Parda,Sim,Ensino médio (2º Grau) completo,Não,-,-,-,-,-,-,-,-,-,-,-,-,-,-,-,-,-,-,-,-,-,-,-,Não,Não,Não,Sim,Não,Não,Não,Não,Não,Não,Não,Não,Não,-,Não,Sim,Não,Sim,2,2005,15,5,20,Sim,Não,Não,Não,Sim,-,-,-,Sim,-,-,-,-,-,-,-,-,-,-,-,-,-,-,-,-,-,-,-,-,-,-,-,Guarda Municipal,Apenas armas não letais,Não,"Mais de R$1.000,00 a R$3.000,00",Não,Não,Sim,-,Apenas em livros/formulários impressos (registro manual),Não,Não,Não,Sim,Não,Não,Sim,Não,Não,Sim,Não,Não,Sim,Não,Não,Não,Sim,Sim,Sim,Sim,Sim,Sim,Não,Sim,Sim,Não,Não,Não,Não,-
1507151,PA,15,São Domingos do Araguaia,21092,4 - 20001 até 50000,1 - Norte,Não possui estrutura,-,-,-,-,-,Não,-,-,-,-,-,-,-,-,-,-,-,-,-,-,-,-,-,-,-,-,-,-,-,Não,Não,Não,Sim,Não,Não,Não,Não,Não,Não,Não,Não,Não,-,Não,Sim,Não,Não,-,-,-,-,-,-,-,-,-,-,-,-,-,-,-,-,-,-,-,-,-,-,-,-,-,-,-,-,-,-,-,-,-,-,-,-,-,-,-,-,-,-,-,-,-,-,-,-,-,-,-,-,-,-,-,-,-,-,-,-,-,-,-,-,-,-,-,-,-,-,-,-,-,-,-,-
1507201,PA,15,São Domingos do Capim,30599,4 - 20001 até 50000,1 - Norte,Não possui estrutura,-,-,-,-,-,Sim,891,2017,Inativo,-,-,-,-,-,-,-,-,-,-,-,-,-,-,-,-,-,-,-,-,Não,Sim,Não,Sim,Não,Não,Não,Não,Não,Não,Não,Não,Não,-,Não,Sim,Não,Não,-,-,-,-,-,-,-,-,-,-,-,-,-,-,-,-,-,-,-,-,-,-,-,-,-,-,-,-,-,-,-,-,-,-,-,-,-,-,-,-,-,-,-,-,-,-,-,-,-,-,-,-,-,-,-,-,-,-,-,-,-,-,-,-,-,-,-,-,-,-,-,-,-,-,-,-
1507300,PA,15,São Félix do Xingu,65418,5 - 50001 até 100000,1 - Norte,Não possui estrutura,-,-,-,-,-,Não,-,-,-,-,-,-,-,-,-,-,-,-,-,-,-,-,-,-,-,-,-,-,-,Não,Não,Não,Sim,Não,Não,Não,Não,Não,Não,Sim,Não,Não,-,Não,Sim,Não,Não,-,-,-,-,-,-,-,-,-,-,-,-,-,-,-,-,-,-,-,-,-,-,-,-,-,-,-,-,-,-,-,-,-,-,-,-,-,-,-,-,-,-,-,-,-,-,-,-,-,-,-,-,-,-,-,-,-,-,-,-,-,-,-,-,-,-,-,-,-,-,-,-,-,-,-,-
1507409,PA,15,São Francisco do Pará,14894,3 - 10001 até 20000,1 - Norte,Não possui estrutura,-,-,-,-,-,Não,-,-,-,-,-,-,-,-,-,-,-,-,-,-,-,-,-,-,-,-,-,-,-,Não,Não,Não,Sim,Não,Não,Não,Não,Não,Não,Não,Não,Não,-,Não,Sim,Não,Não,-,-,-,-,-,-,-,-,-,-,-,-,-,-,-,-,-,-,-,-,-,-,-,-,-,-,-,-,-,-,-,-,-,-,-,-,-,-,-,-,-,-,-,-,-,-,-,-,-,-,-,-,-,-,-,-,-,-,-,-,-,-,-,-,-,-,-,-,-,-,-,-,-,-,-,-
1507458,PA,15,São Geraldo do Araguaia,24255,4 - 20001 até 50000,1 - Norte,Não possui estrutura,-,-,-,-,-,Sim,446,2017,Inativo,-,-,-,-,-,-,-,-,-,-,-,-,-,-,-,-,-,-,-,-,Sim,Não,Não,Sim,Não,Não,Não,Não,Não,Não,Não,Não,Não,-,Não,Sim,Não,Não,-,-,-,-,-,-,-,-,-,-,-,-,-,-,-,-,-,-,-,-,-,-,-,-,-,-,-,-,-,-,-,-,-,-,-,-,-,-,-,-,-,-,-,-,-,-,-,-,-,-,-,-,-,-,-,-,-,-,-,-,-,-,-,-,-,-,-,-,-,-,-,-,-,-,-,-
1507466,PA,15,São João da Ponta,4430,1 - Até 5000,1 - Norte,Não possui estrutura,-,-,-,-,-,Não,-,-,-,-,-,-,-,-,-,-,-,-,-,-,-,-,-,-,-,-,-,-,-,Não,Não,Não,Sim,Não,Não,Não,Não,Não,Não,Não,Não,Não,-,Não,Não,Não,Não,-,-,-,-,-,-,-,-,-,-,-,-,-,-,-,-,-,-,-,-,-,-,-,-,-,-,-,-,-,-,-,-,-,-,-,-,-,-,-,-,-,-,-,-,-,-,-,-,-,-,-,-,-,-,-,-,-,-,-,-,-,-,-,-,-,-,-,-,-,-,-,-,-,-,-,-
1507474,PA,15,São João de Pirabas,20689,4 - 20001 até 50000,1 - Norte,Setor subordinado diretamente à chefia do Executivo,Feminino,31,Branca,Não,Ensino médio (2º Grau) completo,Não,-,-,-,-,-,-,-,-,-,-,-,-,-,-,-,-,-,-,-,-,-,-,-,Não,Não,Não,Sim,Não,Não,Não,Não,Não,Não,Não,Não,Não,-,Não,Não,Não,Sim,922,2009,17,2,19,Sim,Não,Não,Não,Não,-,-,-,Sim,-,-,-,-,-,-,-,-,-,-,-,-,-,-,-,-,-,-,-,-,-,-,-,Guarda Municipal,Apenas armas não letais,Não,"Mais de R$1.000,00 a R$3.000,00",Não,Não,Não,Sim,Apenas em livros/formulários impressos (registro manual),Sim,Sim,Sim,Sim,Sim,Sim,Sim,Sim,Sim,Sim,Sim,Sim,Sim,Sim,Sim,Não,Sim,Sim,Sim,Sim,Sim,Sim,Sim,Sim,Sim,Não,Não,Não,Não,-
1507508,PA,15,São João do Araguaia,13664,3 - 10001 até 20000,1 - Norte,Não possui estrutura,-,-,-,-,-,Não,-,-,-,-,-,-,-,-,-,-,-,-,-,-,-,-,-,-,-,-,-,-,-,Não,Não,Não,Sim,Não,Não,Não,Não,Não,Não,Não,Não,Não,-,Não,Sim,Não,Não,-,-,-,-,-,-,-,-,-,-,-,-,-,-,-,-,-,-,-,-,-,-,-,-,-,-,-,-,-,-,-,-,-,-,-,-,-,-,-,-,-,-,-,-,-,-,-,-,-,-,-,-,-,-,-,-,-,-,-,-,-,-,-,-,-,-,-,-,-,-,-,-,-,-,-,-
1507607,PA,15,São Miguel do Guamá,52894,5 - 50001 até 100000,1 - Norte,Não possui estrutura,-,-,-,-,-,Não,-,-,-,-,-,-,-,-,-,-,-,-,-,-,-,-,-,-,-,-,-,-,-,Sim,Não,Não,Sim,Não,Não,Não,Não,Não,Não,Não,Não,Não,-,Não,Sim,Sim,Não,-,-,-,-,-,-,-,-,-,-,-,-,-,-,-,-,-,-,-,-,-,-,-,-,-,-,-,-,-,-,-,-,-,-,-,-,-,-,-,-,-,-,-,-,-,-,-,-,-,-,-,-,-,-,-,-,-,-,-,-,-,-,-,-,-,-,-,-,-,-,-,-,-,-,-,-
1507706,PA,15,São Sebastião da Boa Vista,25643,4 - 20001 até 50000,1 - Norte,Não informou,Não informou,Não informou,Não informou,Não informou,Não informou,Não informou,Não informou,Não informou,Não informou,Não informou,Não informou,Não informou,Não informou,Não informou,Não informou,Não informou,Não informou,Não informou,Não informou,Não informou,Não informou,Não informou,Não informou,Não informou,Não informou,Não informou,Não informou,Não informou,Não informou,Não informou,Não informou,Não informou,Não informou,Não informou,Não informou,Não informou,Não informou,Não informou,Não informou,Não informou,Não informou,Não informou,Não informou,Não informou,Não informou,Não informou,Não informou,Não informou,Não informou,Não informou,Não informou,Não informou,Não informou,Não informou,Não informou,Não informou,Não informou,Não informou,Não informou,Não informou,Não informou,Não informou,Não informou,Não informou,Não informou,Não informou,Não informou,Não informou,Não informou,Não informou,Não informou,Não informou,Não informou,Não informou,Não informou,Não informou,Não informou,Não informou,Não informou,Não informou,Não informou,Não informou,Não informou,Não informou,Não informou,Não informou,Não informou,Não informou,Não informou,Não informou,Não informou,Não informou,Não informou,Não informou,Não informou,Não informou,Não informou,Não informou,Não informou,Não informou,Não informou,Não informou,Não informou,Não informou,Não informou,Não informou,Não informou,Não informou,Não informou,Não informou,Não informou,Não informou,Não informou,Não informou,Não informou,Não informou,Não informou,Não informou,Não informou,Não informou,Não informou,Não informou,Não informou
1507755,PA,15,Sapucaia,5847,2 - 5001 até 10000,1 - Norte,Setor subordinado diretamente à chefia do Executivo,Masculino,37,Parda,Não,Ensino médio (2º Grau) completo,Não,-,-,-,-,-,-,-,-,-,-,-,-,-,-,-,-,-,-,-,-,-,-,-,Não,Não,Não,Sim,Não,Não,Não,Não,Não,Não,Não,Não,Não,-,Não,Não,Não,Não,-,-,-,-,-,-,-,-,-,-,-,-,-,-,-,-,-,-,-,-,-,-,-,-,-,-,-,-,-,-,-,-,-,-,-,-,-,-,-,-,-,-,-,-,-,-,-,-,-,-,-,-,-,-,-,-,-,-,-,-,-,-,-,-,-,-,-,-,-,-,-,-,-,-,-,-
1507805,PA,15,Senador José Porfírio,22576,4 - 20001 até 50000,1 - Norte,Não possui estrutura,-,-,-,-,-,Não,-,-,-,-,-,-,-,-,-,-,-,-,-,-,-,-,-,-,-,-,-,-,-,Não,Não,Não,Sim,Não,Não,Não,Não,Não,Não,Não,Não,Não,-,Não,Sim,Não,Não,-,-,-,-,-,-,-,-,-,-,-,-,-,-,-,-,-,-,-,-,-,-,-,-,-,-,-,-,-,-,-,-,-,-,-,-,-,-,-,-,-,-,-,-,-,-,-,-,-,-,-,-,-,-,-,-,-,-,-,-,-,-,-,-,-,-,-,-,-,-,-,-,-,-,-,-
1507904,PA,15,Soure,24204,4 - 20001 até 50000,1 - Norte,Não possui estrutura,-,-,-,-,-,Não,-,-,-,-,-,-,-,-,-,-,-,-,-,-,-,-,-,-,-,-,-,-,-,Não,Não,Não,Sim,Não,Não,Não,Não,Não,Não,Sim,Não,Não,-,Não,Sim,Não,Não,-,-,-,-,-,-,-,-,-,-,-,-,-,-,-,-,-,-,-,-,-,-,-,-,-,-,-,-,-,-,-,-,-,-,-,-,-,-,-,-,-,-,-,-,-,-,-,-,-,-,-,-,-,-,-,-,-,-,-,-,-,-,-,-,-,-,-,-,-,-,-,-,-,-,-,-
1507953,PA,15,Tailândia,72493,5 - 50001 até 100000,1 - Norte,Não possui estrutura,-,-,-,-,-,Não,-,-,-,-,-,-,-,-,-,-,-,-,-,-,-,-,-,-,-,-,-,-,-,Sim,Não,Sim,Sim,Não,Não,Não,Não,Não,Não,Não,Não,Não,-,Não,Não,Sim,Não,-,-,-,-,-,-,-,-,-,-,-,-,-,-,-,-,-,-,-,-,-,-,-,-,-,-,-,-,-,-,-,-,-,-,-,-,-,-,-,-,-,-,-,-,-,-,-,-,-,-,-,-,-,-,-,-,-,-,-,-,-,-,-,-,-,-,-,-,-,-,-,-,-,-,-,-
1507961,PA,15,Terra Alta,10400,3 - 10001 até 20000,1 - Norte,Não possui estrutura,-,-,-,-,-,Não,-,-,-,-,-,-,-,-,-,-,-,-,-,-,-,-,-,-,-,-,-,-,-,Não,Não,Não,Sim,Não,Não,Não,Não,Não,Não,Não,Não,Não,-,Não,Não,Não,Não,-,-,-,-,-,-,-,-,-,-,-,-,-,-,-,-,-,-,-,-,-,-,-,-,-,-,-,-,-,-,-,-,-,-,-,-,-,-,-,-,-,-,-,-,-,-,-,-,-,-,-,-,-,-,-,-,-,-,-,-,-,-,-,-,-,-,-,-,-,-,-,-,-,-,-,-
1507979,PA,15,Terra Santa,18782,3 - 10001 até 20000,1 - Norte,Não possui estrutura,-,-,-,-,-,Não,-,-,-,-,-,-,-,-,-,-,-,-,-,-,-,-,-,-,-,-,-,-,-,Não,Não,Não,Sim,Não,Não,Não,Não,Não,Não,Não,Não,Não,-,Não,Sim,Não,Não,-,-,-,-,-,-,-,-,-,-,-,-,-,-,-,-,-,-,-,-,-,-,-,-,-,-,-,-,-,-,-,-,-,-,-,-,-,-,-,-,-,-,-,-,-,-,-,-,-,-,-,-,-,-,-,-,-,-,-,-,-,-,-,-,-,-,-,-,-,-,-,-,-,-,-,-
1508001,PA,15,Tomé-Açu,67585,5 - 50001 até 100000,1 - Norte,Não possui estrutura,-,-,-,-,-,Não,-,-,-,-,-,-,-,-,-,-,-,-,-,-,-,-,-,-,-,-,-,-,-,Não,Não,Não,Sim,Não,Não,Não,Não,Não,Não,Não,Não,Não,-,Não,Sim,Não,Sim,2140,2018,13,4,17,Sim,Não,Não,Não,Não,-,Não,Sim,-,Não,Não,Não,Não,Não,Não,Não,Não,Não,Não,Não,Não,Sim,Não,Não,Não,Não,Não,Não,Não,Não,-,-,Policial Militar,Apenas armas não letais,Não,"Mais de R$1.000,00 a R$3.000,00",Não,Não,Não,Sim,Apenas em livros/formulários impressos (registro manual),Sim,Sim,Não,Não,Não,Não,Sim,Não,Não,Sim,Sim,Não,Sim,Não,Não,Não,Não,Não,Sim,Sim,Não,Sim,Não,Sim,Sim,Não,Não,Não,Não,-
1508035,PA,15,Tracuateua,28595,4 - 20001 até 50000,1 - Norte,Não possui estrutura,-,-,-,-,-,Não,-,-,-,-,-,-,-,-,-,-,-,-,-,-,-,-,-,-,-,-,-,-,-,Não,Não,Não,Sim,Não,Não,Não,Não,Não,Não,Não,Não,Não,-,Não,Não,Não,Não,-,-,-,-,-,-,-,-,-,-,-,-,-,-,-,-,-,-,-,-,-,-,-,-,-,-,-,-,-,-,-,-,-,-,-,-,-,-,-,-,-,-,-,-,-,-,-,-,-,-,-,-,-,-,-,-,-,-,-,-,-,-,-,-,-,-,-,-,-,-,-,-,-,-,-,-
1508050,PA,15,Trairão,15242,3 - 10001 até 20000,1 - Norte,Não possui estrutura,-,-,-,-,-,Não,-,-,-,-,-,-,-,-,-,-,-,-,-,-,-,-,-,-,-,-,-,-,-,Não,Não,Não,Sim,Não,Não,Não,Não,Não,Não,Não,Não,Não,-,Não,Não,Não,Não,-,-,-,-,-,-,-,-,-,-,-,-,-,-,-,-,-,-,-,-,-,-,-,-,-,-,-,-,-,-,-,-,-,-,-,-,-,-,-,-,-,-,-,-,-,-,-,-,-,-,-,-,-,-,-,-,-,-,-,-,-,-,-,-,-,-,-,-,-,-,-,-,-,-,-,-
1508084,PA,15,Tucumã,39550,4 - 20001 até 50000,1 - Norte,Não possui estrutura,-,-,-,-,-,Não,-,-,-,-,-,-,-,-,-,-,-,-,-,-,-,-,-,-,-,-,-,-,-,Não,Não,Não,Sim,Não,Não,Não,Não,Não,Não,Não,Não,Não,-,Não,Sim,Não,Não,-,-,-,-,-,-,-,-,-,-,-,-,-,-,-,-,-,-,-,-,-,-,-,-,-,-,-,-,-,-,-,-,-,-,-,-,-,-,-,-,-,-,-,-,-,-,-,-,-,-,-,-,-,-,-,-,-,-,-,-,-,-,-,-,-,-,-,-,-,-,-,-,-,-,-,-
1508100,PA,15,Tucuruí,91306,5 - 50001 até 100000,1 - Norte,Secretaria municipal exclusiva,Feminino,40,Preta,Sim,Ensino superior incompleto,Não,-,-,-,-,-,-,-,-,-,-,-,-,-,-,-,-,-,-,-,-,-,-,-,Não,Não,Não,Sim,Sim,Não,Não,Não,Não,Não,Sim,Não,Não,-,Sim,Sim,Sim,Não,-,-,-,-,-,-,-,-,-,-,-,-,-,-,-,-,-,-,-,-,-,-,-,-,-,-,-,-,-,-,-,-,-,-,-,-,-,-,-,-,-,-,-,-,-,-,-,-,-,-,-,-,-,-,-,-,-,-,-,-,-,-,-,-,-,-,-,-,-,-,-,-,-,-,-,-
1508126,PA,15,Ulianópolis,37972,4 - 20001 até 50000,1 - Norte,Não possui estrutura,-,-,-,-,-,Não,-,-,-,-,-,-,-,-,-,-,-,-,-,-,-,-,-,-,-,-,-,-,-,Não,Não,Não,Sim,Não,Não,Não,Não,Não,Não,Não,Não,Não,-,Não,Sim,Não,Não,-,-,-,-,-,-,-,-,-,-,-,-,-,-,-,-,-,-,-,-,-,-,-,-,-,-,-,-,-,-,-,-,-,-,-,-,-,-,-,-,-,-,-,-,-,-,-,-,-,-,-,-,-,-,-,-,-,-,-,-,-,-,-,-,-,-,-,-,-,-,-,-,-,-,-,-
1508159,PA,15,Uruará,43558,4 - 20001 até 50000,1 - Norte,Não possui estrutura,-,-,-,-,-,Não,-,-,-,-,-,-,-,-,-,-,-,-,-,-,-,-,-,-,-,-,-,-,-,Não,Não,Não,Sim,Não,Não,Não,Não,Não,Não,Não,Não,Não,-,Não,Sim,Não,Não,-,-,-,-,-,-,-,-,-,-,-,-,-,-,-,-,-,-,-,-,-,-,-,-,-,-,-,-,-,-,-,-,-,-,-,-,-,-,-,-,-,-,-,-,-,-,-,-,-,-,-,-,-,-,-,-,-,-,-,-,-,-,-,-,-,-,-,-,-,-,-,-,-,-,-,-
1508209,PA,15,Vigia,50832,5 - 50001 até 100000,1 - Norte,Secretaria municipal em conjunto com outras políticas setoriais,Masculino,45,Parda,Sim,Ensino superior incompleto,Sim,301,2018,Ativo,Paritário,Não,Não,Não,Sim,1,22,Não,Não,Sim,Sim,Não,Não,Não,Não,Sim,Não,Não,Não,Não,Sim,Não,Sim,Sim,Não,Não,Não,Não,Não,Não,Não,Não,Não,-,Não,Sim,Sim,Sim,402,2021,12,4,16,Não,Não,Não,Não,Sim,-,Não,Sim,-,Não,Não,Sim,Não,Não,Não,Não,Não,Não,Não,Não,Não,Não,Sim,Sim,Não,Não,Não,Não,Não,Não,-,-,Policial Militar,Apenas armas não letais,Não,"Mais de R$1.000,00 a R$3.000,00",Sim,Sim,Não,-,Apenas em livros/formulários impressos (registro manual),Sim,Não,Não,Sim,Não,Não,Sim,Não,Sim,Não,Não,Sim,Sim,Sim,Sim,Sim,Sim,Não,Sim,Sim,Não,Não,Não,Sim,Sim,Não,Não,Não,Não,-
1508308,PA,15,Viseu,58692,5 - 50001 até 100000,1 - Norte,Não possui estrutura,-,-,-,-,-,Não,-,-,-,-,-,-,-,-,-,-,-,-,-,-,-,-,-,-,-,-,-,-,-,Não,Não,Não,Sim,Não,Não,Não,Não,Não,Não,Não,Não,Não,-,Não,Não,Não,Não,-,-,-,-,-,-,-,-,-,-,-,-,-,-,-,-,-,-,-,-,-,-,-,-,-,-,-,-,-,-,-,-,-,-,-,-,-,-,-,-,-,-,-,-,-,-,-,-,-,-,-,-,-,-,-,-,-,-,-,-,-,-,-,-,-,-,-,-,-,-,-,-,-,-,-,-
1508357,PA,15,Vitória do Xingu,15607,3 - 10001 até 20000,1 - Norte,Não possui estrutura,-,-,-,-,-,Não,-,-,-,-,-,-,-,-,-,-,-,-,-,-,-,-,-,-,-,-,-,-,-,Não,Não,Não,Sim,Não,Não,Não,Não,Não,Não,Não,Não,Não,-,Não,Sim,Não,Não,-,-,-,-,-,-,-,-,-,-,-,-,-,-,-,-,-,-,-,-,-,-,-,-,-,-,-,-,-,-,-,-,-,-,-,-,-,-,-,-,-,-,-,-,-,-,-,-,-,-,-,-,-,-,-,-,-,-,-,-,-,-,-,-,-,-,-,-,-,-,-,-,-,-,-,-
1508407,PA,15,Xinguara,52893,5 - 50001 até 100000,1 - Norte,Não possui estrutura,-,-,-,-,-,Sim,823,2012,"Foi criado, mas não foi instalado",-,-,-,-,-,-,-,-,-,-,-,-,-,-,-,-,-,-,-,-,Não,Não,Não,Sim,Não,Não,Não,Não,Não,Não,Não,Não,Não,-,Não,Sim,Não,Não,-,-,-,-,-,-,-,-,-,-,-,-,-,-,-,-,-,-,-,-,-,-,-,-,-,-,-,-,-,-,-,-,-,-,-,-,-,-,-,-,-,-,-,-,-,-,-,-,-,-,-,-,-,-,-,-,-,-,-,-,-,-,-,-,-,-,-,-,-,-,-,-,-,-,-,-
